D_n,state_county_res
-81.58302193828351,1001
-81.58302193828351,1003
-81.58302193828351,1005
-81.58302193828351,1007
-81.58302193828351,1009
-81.58302193828351,1011
-81.58302193828351,1013
-81.58302193828351,1015
-81.58302193828351,1017
-81.58302193828351,1019
-81.58302193828351,1021
-81.58302193828351,1023
-81.58302193828351,1025
-81.58302193828351,1027
-81.58302193828351,1029
-81.58302193828351,1031
-81.58302193828351,1033
-81.58302193828351,1035
-81.58302193828351,1037
-81.58302193828351,1039
-81.58302193828351,1041
-81.58302193828351,1043
-81.58302193828351,1045
-81.58302193828351,1047
-81.58302193828351,1049
-81.58302193828351,1051
-81.58302193828351,1053
-81.58302193828351,1055
-81.58302193828351,1057
-81.58302193828351,1059
-81.58302193828351,1061
-81.58302193828351,1063
-81.58302193828351,1065
-81.58302193828351,1067
-81.58302193828351,1069
-81.58302193828351,1071
-81.58302193828351,1073
-81.58302193828351,1075
-81.58302193828351,1077
-81.58302193828351,1079
-81.58302193828351,1081
-81.58302193828351,1083
-81.58302193828351,1085
-81.58302193828351,1087
-81.58302193828351,1089
-81.58302193828351,1091
-81.58302193828351,1093
-81.58302193828351,1095
-81.58302193828351,1097
-81.58302193828351,1099
-81.58302193828351,1101
-81.58302193828351,1103
-81.58302193828351,1105
-81.58302193828351,1107
-81.58302193828351,1109
-81.58302193828351,1111
-81.58302193828351,1113
-81.58302193828351,1115
-81.58302193828351,1117
-81.58302193828351,1119
-81.58302193828351,1121
-81.58302193828351,1123
-81.58302193828351,1125
-81.58302193828351,1127
-81.58302193828351,1129
-81.58302193828351,1131
-81.58302193828351,1133
-81.58302193828351,2013
-81.58302193828351,2016
-81.58302193828351,2020
-81.58302193828351,2050
-81.58302193828351,2060
-81.58302193828351,2068
-81.58302193828351,2070
-81.58302193828351,2090
-81.58302193828351,2100
-81.58302193828351,2110
-81.58302193828351,2122
-81.58302193828351,2130
-81.58302193828351,2150
-81.58302193828351,2164
-81.58302193828351,2170
-81.58302193828351,2180
-81.58302193828351,2185
-81.58302193828351,2188
-81.58302193828351,2201
-81.58302193828351,2220
-81.58302193828351,2232
-81.58302193828351,2240
-81.58302193828351,2261
-81.58302193828351,2270
-81.58302193828351,2280
-81.58302193828351,2282
-81.58302193828351,2290
-81.58302193828351,4001
-81.58302193828351,4003
-81.58302193828351,4005
-81.58302193828351,4007
-81.58302193828351,4009
-81.58302193828351,4011
-81.58302193828351,4012
-81.58302193828351,4013
-81.58302193828351,4015
-81.58302193828351,4017
-81.58302193828351,4019
-81.58302193828351,4021
-81.58302193828351,4023
-81.58302193828351,4025
-81.58302193828351,4027
-81.58302193828351,5001
-81.58302193828351,5003
-81.58302193828351,5005
-81.58302193828351,5007
-81.58302193828351,5009
-81.58302193828351,5011
-81.58302193828351,5013
-81.58302193828351,5015
-81.58302193828351,5017
-81.58302193828351,5019
-81.58302193828351,5021
-81.58302193828351,5023
-81.58302193828351,5025
-81.58302193828351,5027
-81.58302193828351,5029
-81.58302193828351,5031
-81.58302193828351,5033
-81.58302193828351,5035
-81.58302193828351,5037
-81.58302193828351,5039
-81.58302193828351,5041
-81.58302193828351,5043
-81.58302193828351,5045
-81.58302193828351,5047
-81.58302193828351,5049
-81.58302193828351,5051
-81.58302193828351,5053
-81.58302193828351,5055
-81.58302193828351,5057
-81.58302193828351,5059
-81.58302193828351,5061
-81.58302193828351,5063
-81.58302193828351,5065
-81.58302193828351,5067
-81.58302193828351,5069
-81.58302193828351,5071
-81.58302193828351,5073
-81.58302193828351,5075
-81.58302193828351,5077
-81.58302193828351,5079
-81.58302193828351,5081
-81.58302193828351,5083
-81.58302193828351,5085
-81.58302193828351,5087
-81.58302193828351,5089
-81.58302193828351,5091
-81.58302193828351,5093
-81.58302193828351,5095
-81.58302193828351,5097
-81.58302193828351,5099
-81.58302193828351,5101
-81.58302193828351,5103
-81.58302193828351,5105
-81.58302193828351,5107
-81.58302193828351,5109
-81.58302193828351,5111
-81.58302193828351,5113
-81.58302193828351,5115
-81.58302193828351,5117
-81.58302193828351,5119
-81.58302193828351,5121
-81.58302193828351,5123
-81.58302193828351,5125
-81.58302193828351,5127
-81.58302193828351,5129
-81.58302193828351,5131
-81.58302193828351,5133
-81.58302193828351,5135
-81.58302193828351,5137
-81.58302193828351,5139
-81.58302193828351,5141
-81.58302193828351,5143
-81.58302193828351,5145
-81.58302193828351,5147
-81.58302193828351,5149
-81.58302193828351,6001
-81.58302193828351,6003
-81.58302193828351,6005
-81.58302193828351,6007
-81.58302193828351,6009
-81.58302193828351,6011
-81.58302193828351,6013
-81.58302193828351,6015
-81.58302193828351,6017
-81.58302193828351,6019
-81.58302193828351,6021
-81.58302193828351,6023
-81.58302193828351,6025
-81.58302193828351,6027
-81.58302193828351,6029
-81.58302193828351,6031
-81.58302193828351,6033
-81.58302193828351,6035
-81.58302193828351,6037
-81.58302193828351,6039
-81.58302193828351,6041
-81.58302193828351,6043
-81.58302193828351,6045
-81.58302193828351,6047
-81.58302193828351,6049
-81.58302193828351,6051
-81.58302193828351,6053
-81.58302193828351,6055
-81.58302193828351,6057
-81.58302193828351,6059
-81.58302193828351,6061
-81.58302193828351,6063
-81.58302193828351,6065
-81.58302193828351,6067
-81.58302193828351,6069
-81.58302193828351,6071
-81.58302193828351,6073
-81.58302193828351,6075
-81.58302193828351,6077
-81.58302193828351,6079
-81.58302193828351,6081
-81.58302193828351,6083
-81.58302193828351,6085
-81.58302193828351,6087
-81.58302193828351,6089
-81.58302193828351,6091
-81.58302193828351,6093
-81.58302193828351,6095
-81.58302193828351,6097
-81.58302193828351,6099
-81.58302193828351,6101
-81.58302193828351,6103
-81.58302193828351,6105
-81.58302193828351,6107
-81.58302193828351,6109
-81.58302193828351,6111
-81.58302193828351,6113
-81.58302193828351,6115
-81.58302193828351,8001
-81.58302193828351,8003
-81.58302193828351,8005
-81.58302193828351,8007
-81.58302193828351,8009
-81.58302193828351,8011
-81.58302193828351,8013
-81.58302193828351,8014
-81.58302193828351,8015
-81.58302193828351,8017
-81.58302193828351,8019
-81.58302193828351,8021
-81.58302193828351,8023
-81.58302193828351,8025
-81.58302193828351,8027
-81.58302193828351,8029
-81.58302193828351,8031
-81.58302193828351,8033
-81.58302193828351,8035
-81.58302193828351,8037
-81.58302193828351,8039
-81.58302193828351,8041
-81.58302193828351,8043
-81.58302193828351,8045
-81.58302193828351,8047
-81.58302193828351,8049
-81.58302193828351,8051
-81.58302193828351,8053
-81.58302193828351,8055
-81.58302193828351,8057
-81.58302193828351,8059
-81.58302193828351,8061
-81.58302193828351,8063
-81.58302193828351,8065
-81.58302193828351,8067
-81.58302193828351,8069
-81.58302193828351,8071
-81.58302193828351,8073
-81.58302193828351,8075
-81.58302193828351,8077
-81.58302193828351,8079
-81.58302193828351,8081
-81.58302193828351,8083
-81.58302193828351,8085
-81.58302193828351,8087
-81.58302193828351,8089
-81.58302193828351,8091
-81.58302193828351,8093
-81.58302193828351,8095
-81.58302193828351,8097
-81.58302193828351,8099
-81.58302193828351,8101
-81.58302193828351,8103
-81.58302193828351,8105
-81.58302193828351,8107
-81.58302193828351,8109
-81.58302193828351,8111
-81.58302193828351,8113
-81.58302193828351,8115
-81.58302193828351,8117
-81.58302193828351,8119
-81.58302193828351,8121
-81.58302193828351,8123
-81.58302193828351,8125
-81.58302193828351,9001
-81.58302193828351,9003
-81.58302193828351,9005
-81.58302193828351,9007
-81.58302193828351,9009
-81.58302193828351,9011
-81.58302193828351,9013
-81.58302193828351,9015
-81.58302193828351,10001
-81.58302193828351,10003
-81.58302193828351,10005
-81.58302193828351,11001
-81.58302193828351,12001
-81.58302193828351,12003
-81.58302193828351,12005
-81.58302193828351,12007
-81.58302193828351,12009
-81.58302193828351,12011
-81.58302193828351,12013
-81.58302193828351,12015
-81.58302193828351,12017
-81.58302193828351,12019
-81.58302193828351,12021
-81.58302193828351,12023
-81.58302193828351,12027
-81.58302193828351,12029
-81.58302193828351,12031
-81.58302193828351,12033
-81.58302193828351,12035
-81.58302193828351,12037
-81.58302193828351,12039
-81.58302193828351,12041
-81.58302193828351,12043
-81.58302193828351,12045
-81.58302193828351,12047
-81.58302193828351,12049
-81.58302193828351,12051
-81.58302193828351,12053
-81.58302193828351,12055
-81.58302193828351,12057
-81.58302193828351,12059
-81.58302193828351,12061
-81.58302193828351,12063
-81.58302193828351,12065
-81.58302193828351,12067
-81.58302193828351,12069
-81.58302193828351,12071
-81.58302193828351,12073
-81.58302193828351,12075
-81.58302193828351,12077
-81.58302193828351,12079
-81.58302193828351,12081
-81.58302193828351,12083
-81.58302193828351,12085
-81.58302193828351,12086
-81.58302193828351,12087
-81.58302193828351,12089
-81.58302193828351,12091
-81.58302193828351,12093
-81.58302193828351,12095
-81.58302193828351,12097
-81.58302193828351,12099
-81.58302193828351,12101
-81.58302193828351,12103
-81.58302193828351,12105
-81.58302193828351,12107
-81.58302193828351,12109
-81.58302193828351,12111
-81.58302193828351,12113
-81.58302193828351,12115
-81.58302193828351,12117
-81.58302193828351,12119
-81.58302193828351,12121
-81.58302193828351,12123
-81.58302193828351,12125
-81.58302193828351,12127
-81.58302193828351,12129
-81.58302193828351,12131
-81.58302193828351,12133
-81.58302193828351,13001
-81.58302193828351,13003
-81.58302193828351,13005
-81.58302193828351,13007
-81.58302193828351,13009
-81.58302193828351,13011
-81.58302193828351,13013
-81.58302193828351,13015
-81.58302193828351,13017
-81.58302193828351,13019
-81.58302193828351,13021
-81.58302193828351,13023
-81.58302193828351,13025
-81.58302193828351,13027
-81.58302193828351,13029
-81.58302193828351,13031
-81.58302193828351,13033
-81.58302193828351,13035
-81.58302193828351,13037
-81.58302193828351,13039
-81.58302193828351,13043
-81.58302193828351,13045
-81.58302193828351,13047
-81.58302193828351,13049
-81.58302193828351,13051
-81.58302193828351,13053
-81.58302193828351,13055
-81.58302193828351,13057
-81.58302193828351,13059
-81.58302193828351,13061
-81.58302193828351,13063
-81.58302193828351,13065
-81.58302193828351,13067
-81.58302193828351,13069
-81.58302193828351,13071
-81.58302193828351,13073
-81.58302193828351,13075
-81.58302193828351,13077
-81.58302193828351,13079
-81.58302193828351,13081
-81.58302193828351,13083
-81.58302193828351,13085
-81.58302193828351,13087
-81.58302193828351,13089
-81.58302193828351,13091
-81.58302193828351,13093
-81.58302193828351,13095
-81.58302193828351,13097
-81.58302193828351,13099
-81.58302193828351,13101
-81.58302193828351,13103
-81.58302193828351,13105
-81.58302193828351,13107
-81.58302193828351,13109
-81.58302193828351,13111
-81.58302193828351,13113
-81.58302193828351,13115
-81.58302193828351,13117
-81.58302193828351,13119
-81.58302193828351,13121
-81.58302193828351,13123
-81.58302193828351,13125
-81.58302193828351,13127
-81.58302193828351,13129
-81.58302193828351,13131
-81.58302193828351,13133
-81.58302193828351,13135
-81.58302193828351,13137
-81.58302193828351,13139
-81.58302193828351,13141
-81.58302193828351,13143
-81.58302193828351,13145
-81.58302193828351,13147
-81.58302193828351,13149
-81.58302193828351,13151
-81.58302193828351,13153
-81.58302193828351,13155
-81.58302193828351,13157
-81.58302193828351,13159
-81.58302193828351,13161
-81.58302193828351,13163
-81.58302193828351,13165
-81.58302193828351,13167
-81.58302193828351,13169
-81.58302193828351,13171
-81.58302193828351,13173
-81.58302193828351,13175
-81.58302193828351,13177
-81.58302193828351,13179
-81.58302193828351,13181
-81.58302193828351,13183
-81.58302193828351,13185
-81.58302193828351,13187
-81.58302193828351,13189
-81.58302193828351,13191
-81.58302193828351,13193
-81.58302193828351,13195
-81.58302193828351,13197
-81.58302193828351,13199
-81.58302193828351,13201
-81.58302193828351,13205
-81.58302193828351,13207
-81.58302193828351,13209
-81.58302193828351,13211
-81.58302193828351,13213
-81.58302193828351,13215
-81.58302193828351,13217
-81.58302193828351,13219
-81.58302193828351,13221
-81.58302193828351,13223
-81.58302193828351,13225
-81.58302193828351,13227
-81.58302193828351,13229
-81.58302193828351,13231
-81.58302193828351,13233
-81.58302193828351,13235
-81.58302193828351,13237
-81.58302193828351,13239
-81.58302193828351,13241
-81.58302193828351,13243
-81.58302193828351,13245
-81.58302193828351,13247
-81.58302193828351,13249
-81.58302193828351,13251
-81.58302193828351,13253
-81.58302193828351,13255
-81.58302193828351,13257
-81.58302193828351,13259
-81.58302193828351,13261
-81.58302193828351,13263
-81.58302193828351,13265
-81.58302193828351,13267
-81.58302193828351,13269
-81.58302193828351,13271
-81.58302193828351,13273
-81.58302193828351,13275
-81.58302193828351,13277
-81.58302193828351,13279
-81.58302193828351,13281
-81.58302193828351,13283
-81.58302193828351,13285
-81.58302193828351,13287
-81.58302193828351,13289
-81.58302193828351,13291
-81.58302193828351,13293
-81.58302193828351,13295
-81.58302193828351,13297
-81.58302193828351,13299
-81.58302193828351,13301
-81.58302193828351,13303
-81.58302193828351,13305
-81.58302193828351,13307
-81.58302193828351,13309
-81.58302193828351,13311
-81.58302193828351,13313
-81.58302193828351,13315
-81.58302193828351,13317
-81.58302193828351,13319
-81.58302193828351,13321
-81.58302193828351,15001
-81.58302193828351,15003
-81.58302193828351,15007
-81.58302193828351,15901
-81.58302193828351,16001
-81.58302193828351,16003
-81.58302193828351,16005
-81.58302193828351,16007
-81.58302193828351,16009
-81.58302193828351,16011
-81.58302193828351,16013
-81.58302193828351,16015
-81.58302193828351,16017
-81.58302193828351,16019
-81.58302193828351,16021
-81.58302193828351,16023
-81.58302193828351,16025
-81.58302193828351,16027
-81.58302193828351,16029
-81.58302193828351,16031
-81.58302193828351,16033
-81.58302193828351,16035
-81.58302193828351,16037
-81.58302193828351,16039
-81.58302193828351,16041
-81.58302193828351,16043
-81.58302193828351,16045
-81.58302193828351,16047
-81.58302193828351,16049
-81.58302193828351,16051
-81.58302193828351,16053
-81.58302193828351,16055
-81.58302193828351,16057
-81.58302193828351,16059
-81.58302193828351,16061
-81.58302193828351,16063
-81.58302193828351,16065
-81.58302193828351,16067
-81.58302193828351,16069
-81.58302193828351,16071
-81.58302193828351,16073
-81.58302193828351,16075
-81.58302193828351,16077
-81.58302193828351,16079
-81.58302193828351,16081
-81.58302193828351,16083
-81.58302193828351,16085
-81.58302193828351,16087
-81.58302193828351,17001
-81.58302193828351,17003
-81.58302193828351,17005
-81.58302193828351,17007
-81.58302193828351,17009
-81.58302193828351,17011
-81.58302193828351,17013
-81.58302193828351,17015
-81.58302193828351,17017
-81.58302193828351,17019
-81.58302193828351,17021
-81.58302193828351,17023
-81.58302193828351,17025
-81.58302193828351,17027
-81.58302193828351,17029
-81.58302193828351,17031
-81.58302193828351,17033
-81.58302193828351,17035
-81.58302193828351,17037
-81.58302193828351,17039
-81.58302193828351,17041
-81.58302193828351,17043
-81.58302193828351,17045
-81.58302193828351,17047
-81.58302193828351,17049
-81.58302193828351,17051
-81.58302193828351,17053
-81.58302193828351,17055
-81.58302193828351,17057
-81.58302193828351,17059
-81.58302193828351,17061
-81.58302193828351,17063
-81.58302193828351,17065
-81.58302193828351,17067
-81.58302193828351,17069
-81.58302193828351,17071
-81.58302193828351,17073
-81.58302193828351,17075
-81.58302193828351,17077
-81.58302193828351,17079
-81.58302193828351,17081
-81.58302193828351,17083
-81.58302193828351,17085
-81.58302193828351,17087
-81.58302193828351,17089
-81.58302193828351,17091
-81.58302193828351,17093
-81.58302193828351,17095
-81.58302193828351,17097
-81.58302193828351,17099
-81.58302193828351,17101
-81.58302193828351,17103
-81.58302193828351,17105
-81.58302193828351,17107
-81.58302193828351,17109
-81.58302193828351,17111
-81.58302193828351,17113
-81.58302193828351,17115
-81.58302193828351,17117
-81.58302193828351,17119
-81.58302193828351,17121
-81.58302193828351,17123
-81.58302193828351,17125
-81.58302193828351,17127
-81.58302193828351,17129
-81.58302193828351,17131
-81.58302193828351,17133
-81.58302193828351,17135
-81.58302193828351,17137
-81.58302193828351,17139
-81.58302193828351,17141
-81.58302193828351,17143
-81.58302193828351,17145
-81.58302193828351,17147
-81.58302193828351,17149
-81.58302193828351,17151
-81.58302193828351,17153
-81.58302193828351,17155
-81.58302193828351,17157
-81.58302193828351,17159
-81.58302193828351,17161
-81.58302193828351,17163
-81.58302193828351,17165
-81.58302193828351,17167
-81.58302193828351,17169
-81.58302193828351,17171
-81.58302193828351,17173
-81.58302193828351,17175
-81.58302193828351,17177
-81.58302193828351,17179
-81.58302193828351,17181
-81.58302193828351,17183
-81.58302193828351,17185
-81.58302193828351,17187
-81.58302193828351,17189
-81.58302193828351,17191
-81.58302193828351,17193
-81.58302193828351,17195
-81.58302193828351,17197
-81.58302193828351,17199
-81.58302193828351,17201
-81.58302193828351,17203
-81.58302193828351,18001
-81.58302193828351,18003
-81.58302193828351,18005
-81.58302193828351,18007
-81.58302193828351,18009
-81.58302193828351,18011
-81.58302193828351,18013
-81.58302193828351,18015
-81.58302193828351,18017
-81.58302193828351,18019
-81.58302193828351,18021
-81.58302193828351,18023
-81.58302193828351,18025
-81.58302193828351,18027
-81.58302193828351,18029
-81.58302193828351,18031
-81.58302193828351,18033
-81.58302193828351,18035
-81.58302193828351,18037
-81.58302193828351,18039
-81.58302193828351,18041
-81.58302193828351,18043
-81.58302193828351,18045
-81.58302193828351,18047
-81.58302193828351,18049
-81.58302193828351,18051
-81.58302193828351,18053
-81.58302193828351,18055
-81.58302193828351,18057
-81.58302193828351,18059
-81.58302193828351,18061
-81.58302193828351,18063
-81.58302193828351,18065
-81.58302193828351,18067
-81.58302193828351,18069
-81.58302193828351,18071
-81.58302193828351,18073
-81.58302193828351,18075
-81.58302193828351,18077
-81.58302193828351,18079
-81.58302193828351,18081
-81.58302193828351,18083
-81.58302193828351,18085
-81.58302193828351,18087
-81.58302193828351,18089
-81.58302193828351,18091
-81.58302193828351,18093
-81.58302193828351,18095
-81.58302193828351,18097
-81.58302193828351,18099
-81.58302193828351,18101
-81.58302193828351,18103
-81.58302193828351,18105
-81.58302193828351,18107
-81.58302193828351,18109
-81.58302193828351,18111
-81.58302193828351,18113
-81.58302193828351,18115
-81.58302193828351,18117
-81.58302193828351,18119
-81.58302193828351,18121
-81.58302193828351,18123
-81.58302193828351,18125
-81.58302193828351,18127
-81.58302193828351,18129
-81.58302193828351,18131
-81.58302193828351,18133
-81.58302193828351,18135
-81.58302193828351,18137
-81.58302193828351,18139
-81.58302193828351,18141
-81.58302193828351,18143
-81.58302193828351,18145
-81.58302193828351,18147
-81.58302193828351,18149
-81.58302193828351,18151
-81.58302193828351,18153
-81.58302193828351,18155
-81.58302193828351,18157
-81.58302193828351,18159
-81.58302193828351,18161
-81.58302193828351,18163
-81.58302193828351,18165
-81.58302193828351,18167
-81.58302193828351,18169
-81.58302193828351,18171
-81.58302193828351,18173
-81.58302193828351,18175
-81.58302193828351,18177
-81.58302193828351,18179
-81.58302193828351,18181
-81.58302193828351,18183
-81.58302193828351,19001
-81.58302193828351,19003
-81.58302193828351,19005
-81.58302193828351,19007
-81.58302193828351,19009
-81.58302193828351,19011
-81.58302193828351,19013
-81.58302193828351,19015
-81.58302193828351,19017
-81.58302193828351,19019
-81.58302193828351,19021
-81.58302193828351,19023
-81.58302193828351,19025
-81.58302193828351,19027
-81.58302193828351,19029
-81.58302193828351,19031
-81.58302193828351,19033
-81.58302193828351,19035
-81.58302193828351,19037
-81.58302193828351,19039
-81.58302193828351,19041
-81.58302193828351,19043
-81.58302193828351,19045
-81.58302193828351,19047
-81.58302193828351,19049
-81.58302193828351,19051
-81.58302193828351,19053
-81.58302193828351,19055
-81.58302193828351,19057
-81.58302193828351,19059
-81.58302193828351,19061
-81.58302193828351,19063
-81.58302193828351,19065
-81.58302193828351,19067
-81.58302193828351,19069
-81.58302193828351,19071
-81.58302193828351,19073
-81.58302193828351,19075
-81.58302193828351,19077
-81.58302193828351,19079
-81.58302193828351,19081
-81.58302193828351,19083
-81.58302193828351,19085
-81.58302193828351,19087
-81.58302193828351,19089
-81.58302193828351,19091
-81.58302193828351,19093
-81.58302193828351,19095
-81.58302193828351,19097
-81.58302193828351,19099
-81.58302193828351,19101
-81.58302193828351,19103
-81.58302193828351,19105
-81.58302193828351,19107
-81.58302193828351,19109
-81.58302193828351,19111
-81.58302193828351,19113
-81.58302193828351,19115
-81.58302193828351,19117
-81.58302193828351,19119
-81.58302193828351,19121
-81.58302193828351,19123
-81.58302193828351,19125
-81.58302193828351,19127
-81.58302193828351,19129
-81.58302193828351,19131
-81.58302193828351,19133
-81.58302193828351,19135
-81.58302193828351,19137
-81.58302193828351,19139
-81.58302193828351,19141
-81.58302193828351,19143
-81.58302193828351,19145
-81.58302193828351,19147
-81.58302193828351,19149
-81.58302193828351,19151
-81.58302193828351,19153
-81.58302193828351,19155
-81.58302193828351,19157
-81.58302193828351,19159
-81.58302193828351,19161
-81.58302193828351,19163
-81.58302193828351,19165
-81.58302193828351,19167
-81.58302193828351,19169
-81.58302193828351,19171
-81.58302193828351,19173
-81.58302193828351,19175
-81.58302193828351,19177
-81.58302193828351,19179
-81.58302193828351,19181
-81.58302193828351,19183
-81.58302193828351,19185
-81.58302193828351,19187
-81.58302193828351,19189
-81.58302193828351,19191
-81.58302193828351,19193
-81.58302193828351,19195
-81.58302193828351,19197
-81.58302193828351,20001
-81.58302193828351,20003
-81.58302193828351,20005
-81.58302193828351,20007
-81.58302193828351,20009
-81.58302193828351,20011
-81.58302193828351,20013
-81.58302193828351,20015
-81.58302193828351,20017
-81.58302193828351,20019
-81.58302193828351,20021
-81.58302193828351,20023
-81.58302193828351,20025
-81.58302193828351,20027
-81.58302193828351,20029
-81.58302193828351,20031
-81.58302193828351,20033
-81.58302193828351,20035
-81.58302193828351,20037
-81.58302193828351,20039
-81.58302193828351,20041
-81.58302193828351,20043
-81.58302193828351,20045
-81.58302193828351,20047
-81.58302193828351,20049
-81.58302193828351,20051
-81.58302193828351,20053
-81.58302193828351,20055
-81.58302193828351,20057
-81.58302193828351,20059
-81.58302193828351,20061
-81.58302193828351,20063
-81.58302193828351,20065
-81.58302193828351,20067
-81.58302193828351,20069
-81.58302193828351,20071
-81.58302193828351,20073
-81.58302193828351,20075
-81.58302193828351,20077
-81.58302193828351,20079
-81.58302193828351,20081
-81.58302193828351,20083
-81.58302193828351,20085
-81.58302193828351,20087
-81.58302193828351,20089
-81.58302193828351,20091
-81.58302193828351,20093
-81.58302193828351,20095
-81.58302193828351,20097
-81.58302193828351,20099
-81.58302193828351,20101
-81.58302193828351,20103
-81.58302193828351,20105
-81.58302193828351,20107
-81.58302193828351,20109
-81.58302193828351,20111
-81.58302193828351,20113
-81.58302193828351,20115
-81.58302193828351,20117
-81.58302193828351,20119
-81.58302193828351,20121
-81.58302193828351,20123
-81.58302193828351,20125
-81.58302193828351,20127
-81.58302193828351,20129
-81.58302193828351,20131
-81.58302193828351,20133
-81.58302193828351,20135
-81.58302193828351,20137
-81.58302193828351,20139
-81.58302193828351,20141
-81.58302193828351,20143
-81.58302193828351,20145
-81.58302193828351,20147
-81.58302193828351,20149
-81.58302193828351,20151
-81.58302193828351,20153
-81.58302193828351,20155
-81.58302193828351,20157
-81.58302193828351,20159
-81.58302193828351,20161
-81.58302193828351,20163
-81.58302193828351,20165
-81.58302193828351,20167
-81.58302193828351,20169
-81.58302193828351,20171
-81.58302193828351,20173
-81.58302193828351,20175
-81.58302193828351,20177
-81.58302193828351,20179
-81.58302193828351,20181
-81.58302193828351,20183
-81.58302193828351,20185
-81.58302193828351,20187
-81.58302193828351,20189
-81.58302193828351,20191
-81.58302193828351,20193
-81.58302193828351,20195
-81.58302193828351,20197
-81.58302193828351,20199
-81.58302193828351,20201
-81.58302193828351,20203
-81.58302193828351,20205
-81.58302193828351,20207
-81.58302193828351,20209
-81.58302193828351,21001
-81.58302193828351,21003
-81.58302193828351,21005
-81.58302193828351,21007
-81.58302193828351,21009
-81.58302193828351,21011
-81.58302193828351,21013
-81.58302193828351,21015
-81.58302193828351,21017
-81.58302193828351,21019
-81.58302193828351,21021
-81.58302193828351,21023
-81.58302193828351,21025
-81.58302193828351,21027
-81.58302193828351,21029
-81.58302193828351,21031
-81.58302193828351,21033
-81.58302193828351,21035
-81.58302193828351,21037
-81.58302193828351,21039
-81.58302193828351,21041
-81.58302193828351,21043
-81.58302193828351,21045
-81.58302193828351,21047
-81.58302193828351,21049
-81.58302193828351,21051
-81.58302193828351,21053
-81.58302193828351,21055
-81.58302193828351,21057
-81.58302193828351,21059
-81.58302193828351,21061
-81.58302193828351,21063
-81.58302193828351,21065
-81.58302193828351,21067
-81.58302193828351,21069
-81.58302193828351,21071
-81.58302193828351,21073
-81.58302193828351,21075
-81.58302193828351,21077
-81.58302193828351,21079
-81.58302193828351,21081
-81.58302193828351,21083
-81.58302193828351,21085
-81.58302193828351,21087
-81.58302193828351,21089
-81.58302193828351,21091
-81.58302193828351,21093
-81.58302193828351,21095
-81.58302193828351,21097
-81.58302193828351,21099
-81.58302193828351,21101
-81.58302193828351,21103
-81.58302193828351,21105
-81.58302193828351,21107
-81.58302193828351,21109
-81.58302193828351,21111
-81.58302193828351,21113
-81.58302193828351,21115
-81.58302193828351,21117
-81.58302193828351,21119
-81.58302193828351,21121
-81.58302193828351,21123
-81.58302193828351,21125
-81.58302193828351,21127
-81.58302193828351,21129
-81.58302193828351,21131
-81.58302193828351,21133
-81.58302193828351,21135
-81.58302193828351,21137
-81.58302193828351,21139
-81.58302193828351,21141
-81.58302193828351,21143
-81.58302193828351,21145
-81.58302193828351,21147
-81.58302193828351,21149
-81.58302193828351,21151
-81.58302193828351,21153
-81.58302193828351,21155
-81.58302193828351,21157
-81.58302193828351,21159
-81.58302193828351,21161
-81.58302193828351,21163
-81.58302193828351,21165
-81.58302193828351,21167
-81.58302193828351,21169
-81.58302193828351,21171
-81.58302193828351,21173
-81.58302193828351,21175
-81.58302193828351,21177
-81.58302193828351,21179
-81.58302193828351,21181
-81.58302193828351,21183
-81.58302193828351,21185
-81.58302193828351,21187
-81.58302193828351,21189
-81.58302193828351,21191
-81.58302193828351,21193
-81.58302193828351,21195
-81.58302193828351,21197
-81.58302193828351,21199
-81.58302193828351,21201
-81.58302193828351,21203
-81.58302193828351,21205
-81.58302193828351,21207
-81.58302193828351,21209
-81.58302193828351,21211
-81.58302193828351,21213
-81.58302193828351,21215
-81.58302193828351,21217
-81.58302193828351,21219
-81.58302193828351,21221
-81.58302193828351,21223
-81.58302193828351,21225
-81.58302193828351,21227
-81.58302193828351,21229
-81.58302193828351,21231
-81.58302193828351,21233
-81.58302193828351,21235
-81.58302193828351,21237
-81.58302193828351,21239
-81.58302193828351,22001
-81.58302193828351,22003
-81.58302193828351,22005
-81.58302193828351,22007
-81.58302193828351,22009
-81.58302193828351,22011
-81.58302193828351,22013
-81.58302193828351,22015
-81.58302193828351,22017
-81.58302193828351,22019
-81.58302193828351,22021
-81.58302193828351,22023
-81.58302193828351,22025
-81.58302193828351,22027
-81.58302193828351,22029
-81.58302193828351,22031
-81.58302193828351,22033
-81.58302193828351,22035
-81.58302193828351,22037
-81.58302193828351,22039
-81.58302193828351,22041
-81.58302193828351,22043
-81.58302193828351,22045
-81.58302193828351,22047
-81.58302193828351,22049
-81.58302193828351,22051
-81.58302193828351,22053
-81.58302193828351,22055
-81.58302193828351,22057
-81.58302193828351,22059
-81.58302193828351,22061
-81.58302193828351,22063
-81.58302193828351,22065
-81.58302193828351,22067
-81.58302193828351,22069
-81.58302193828351,22071
-81.58302193828351,22073
-81.58302193828351,22075
-81.58302193828351,22077
-81.58302193828351,22079
-81.58302193828351,22081
-81.58302193828351,22083
-81.58302193828351,22085
-81.58302193828351,22087
-81.58302193828351,22089
-81.58302193828351,22091
-81.58302193828351,22093
-81.58302193828351,22095
-81.58302193828351,22097
-81.58302193828351,22099
-81.58302193828351,22101
-81.58302193828351,22103
-81.58302193828351,22105
-81.58302193828351,22107
-81.58302193828351,22109
-81.58302193828351,22111
-81.58302193828351,22113
-81.58302193828351,22115
-81.58302193828351,22117
-81.58302193828351,22119
-81.58302193828351,22121
-81.58302193828351,22123
-81.58302193828351,22125
-81.58302193828351,22127
-81.58302193828351,23001
-81.58302193828351,23003
-81.58302193828351,23005
-81.58302193828351,23007
-81.58302193828351,23009
-81.58302193828351,23011
-81.58302193828351,23013
-81.58302193828351,23015
-81.58302193828351,23017
-81.58302193828351,23019
-81.58302193828351,23021
-81.58302193828351,23023
-81.58302193828351,23025
-81.58302193828351,23027
-81.58302193828351,23029
-81.58302193828351,23031
-81.58302193828351,24001
-81.58302193828351,24003
-81.58302193828351,24005
-81.58302193828351,24009
-81.58302193828351,24011
-81.58302193828351,24013
-81.58302193828351,24015
-81.58302193828351,24017
-81.58302193828351,24019
-81.58302193828351,24021
-81.58302193828351,24023
-81.58302193828351,24025
-81.58302193828351,24027
-81.58302193828351,24029
-81.58302193828351,24031
-81.58302193828351,24033
-81.58302193828351,24035
-81.58302193828351,24037
-81.58302193828351,24039
-81.58302193828351,24041
-81.58302193828351,24043
-81.58302193828351,24045
-81.58302193828351,24047
-81.58302193828351,24510
-81.58302193828351,25001
-81.58302193828351,25003
-81.58302193828351,25005
-81.58302193828351,25007
-81.58302193828351,25009
-81.58302193828351,25011
-81.58302193828351,25013
-81.58302193828351,25015
-81.58302193828351,25017
-81.58302193828351,25019
-81.58302193828351,25021
-81.58302193828351,25023
-81.58302193828351,25025
-81.58302193828351,25027
-81.58302193828351,26001
-81.58302193828351,26003
-81.58302193828351,26005
-81.58302193828351,26007
-81.58302193828351,26009
-81.58302193828351,26011
-81.58302193828351,26013
-81.58302193828351,26015
-81.58302193828351,26017
-81.58302193828351,26019
-81.58302193828351,26021
-81.58302193828351,26023
-81.58302193828351,26025
-81.58302193828351,26027
-81.58302193828351,26029
-81.58302193828351,26031
-81.58302193828351,26033
-81.58302193828351,26035
-81.58302193828351,26037
-81.58302193828351,26039
-81.58302193828351,26041
-81.58302193828351,26043
-81.58302193828351,26045
-81.58302193828351,26047
-81.58302193828351,26049
-81.58302193828351,26051
-81.58302193828351,26053
-81.58302193828351,26055
-81.58302193828351,26057
-81.58302193828351,26059
-81.58302193828351,26061
-81.58302193828351,26063
-81.58302193828351,26065
-81.58302193828351,26067
-81.58302193828351,26069
-81.58302193828351,26071
-81.58302193828351,26073
-81.58302193828351,26075
-81.58302193828351,26077
-81.58302193828351,26079
-81.58302193828351,26081
-81.58302193828351,26083
-81.58302193828351,26085
-81.58302193828351,26087
-81.58302193828351,26089
-81.58302193828351,26091
-81.58302193828351,26093
-81.58302193828351,26095
-81.58302193828351,26097
-81.58302193828351,26099
-81.58302193828351,26101
-81.58302193828351,26103
-81.58302193828351,26105
-81.58302193828351,26107
-81.58302193828351,26109
-81.58302193828351,26111
-81.58302193828351,26113
-81.58302193828351,26115
-81.58302193828351,26117
-81.58302193828351,26119
-81.58302193828351,26121
-81.58302193828351,26123
-81.58302193828351,26125
-81.58302193828351,26127
-81.58302193828351,26129
-81.58302193828351,26131
-81.58302193828351,26133
-81.58302193828351,26135
-81.58302193828351,26137
-81.58302193828351,26139
-81.58302193828351,26141
-81.58302193828351,26143
-81.58302193828351,26145
-81.58302193828351,26147
-81.58302193828351,26149
-81.58302193828351,26151
-81.58302193828351,26153
-81.58302193828351,26155
-81.58302193828351,26157
-81.58302193828351,26159
-81.58302193828351,26161
-81.58302193828351,26163
-81.58302193828351,26165
-81.58302193828351,27001
-81.58302193828351,27003
-81.58302193828351,27005
-81.58302193828351,27007
-81.58302193828351,27009
-81.58302193828351,27011
-81.58302193828351,27013
-81.58302193828351,27015
-81.58302193828351,27017
-81.58302193828351,27019
-81.58302193828351,27021
-81.58302193828351,27023
-81.58302193828351,27025
-81.58302193828351,27027
-81.58302193828351,27029
-81.58302193828351,27031
-81.58302193828351,27033
-81.58302193828351,27035
-81.58302193828351,27037
-81.58302193828351,27039
-81.58302193828351,27041
-81.58302193828351,27043
-81.58302193828351,27045
-81.58302193828351,27047
-81.58302193828351,27049
-81.58302193828351,27051
-81.58302193828351,27053
-81.58302193828351,27055
-81.58302193828351,27057
-81.58302193828351,27059
-81.58302193828351,27061
-81.58302193828351,27063
-81.58302193828351,27065
-81.58302193828351,27067
-81.58302193828351,27069
-81.58302193828351,27071
-81.58302193828351,27073
-81.58302193828351,27075
-81.58302193828351,27077
-81.58302193828351,27079
-81.58302193828351,27081
-81.58302193828351,27083
-81.58302193828351,27085
-81.58302193828351,27087
-81.58302193828351,27089
-81.58302193828351,27091
-81.58302193828351,27093
-81.58302193828351,27095
-81.58302193828351,27097
-81.58302193828351,27099
-81.58302193828351,27101
-81.58302193828351,27103
-81.58302193828351,27105
-81.58302193828351,27107
-81.58302193828351,27109
-81.58302193828351,27111
-81.58302193828351,27113
-81.58302193828351,27115
-81.58302193828351,27117
-81.58302193828351,27119
-81.58302193828351,27121
-81.58302193828351,27123
-81.58302193828351,27125
-81.58302193828351,27127
-81.58302193828351,27129
-81.58302193828351,27131
-81.58302193828351,27133
-81.58302193828351,27135
-81.58302193828351,27137
-81.58302193828351,27139
-81.58302193828351,27141
-81.58302193828351,27143
-81.58302193828351,27145
-81.58302193828351,27147
-81.58302193828351,27149
-81.58302193828351,27151
-81.58302193828351,27153
-81.58302193828351,27155
-81.58302193828351,27157
-81.58302193828351,27159
-81.58302193828351,27161
-81.58302193828351,27163
-81.58302193828351,27165
-81.58302193828351,27167
-81.58302193828351,27169
-81.58302193828351,27171
-81.58302193828351,27173
-81.58302193828351,28001
-81.58302193828351,28003
-81.58302193828351,28005
-81.58302193828351,28007
-81.58302193828351,28009
-81.58302193828351,28011
-81.58302193828351,28013
-81.58302193828351,28015
-81.58302193828351,28017
-81.58302193828351,28019
-81.58302193828351,28021
-81.58302193828351,28023
-81.58302193828351,28025
-81.58302193828351,28027
-81.58302193828351,28029
-81.58302193828351,28031
-81.58302193828351,28033
-81.58302193828351,28035
-81.58302193828351,28037
-81.58302193828351,28039
-81.58302193828351,28041
-81.58302193828351,28043
-81.58302193828351,28045
-81.58302193828351,28047
-81.58302193828351,28049
-81.58302193828351,28051
-81.58302193828351,28053
-81.58302193828351,28055
-81.58302193828351,28057
-81.58302193828351,28059
-81.58302193828351,28061
-81.58302193828351,28063
-81.58302193828351,28065
-81.58302193828351,28067
-81.58302193828351,28069
-81.58302193828351,28071
-81.58302193828351,28073
-81.58302193828351,28075
-81.58302193828351,28077
-81.58302193828351,28079
-81.58302193828351,28081
-81.58302193828351,28083
-81.58302193828351,28085
-81.58302193828351,28087
-81.58302193828351,28089
-81.58302193828351,28091
-81.58302193828351,28093
-81.58302193828351,28095
-81.58302193828351,28097
-81.58302193828351,28099
-81.58302193828351,28101
-81.58302193828351,28103
-81.58302193828351,28105
-81.58302193828351,28107
-81.58302193828351,28109
-81.58302193828351,28111
-81.58302193828351,28113
-81.58302193828351,28115
-81.58302193828351,28117
-81.58302193828351,28119
-81.58302193828351,28121
-81.58302193828351,28123
-81.58302193828351,28125
-81.58302193828351,28127
-81.58302193828351,28129
-81.58302193828351,28131
-81.58302193828351,28133
-81.58302193828351,28135
-81.58302193828351,28137
-81.58302193828351,28139
-81.58302193828351,28141
-81.58302193828351,28143
-81.58302193828351,28145
-81.58302193828351,28147
-81.58302193828351,28149
-81.58302193828351,28151
-81.58302193828351,28153
-81.58302193828351,28155
-81.58302193828351,28157
-81.58302193828351,28159
-81.58302193828351,28161
-81.58302193828351,28163
-81.58302193828351,29001
-81.58302193828351,29003
-81.58302193828351,29005
-81.58302193828351,29007
-81.58302193828351,29009
-81.58302193828351,29011
-81.58302193828351,29013
-81.58302193828351,29015
-81.58302193828351,29017
-81.58302193828351,29019
-81.58302193828351,29021
-81.58302193828351,29023
-81.58302193828351,29025
-81.58302193828351,29027
-81.58302193828351,29029
-81.58302193828351,29031
-81.58302193828351,29033
-81.58302193828351,29035
-81.58302193828351,29037
-81.58302193828351,29039
-81.58302193828351,29041
-81.58302193828351,29043
-81.58302193828351,29045
-81.58302193828351,29047
-81.58302193828351,29049
-81.58302193828351,29051
-81.58302193828351,29053
-81.58302193828351,29055
-81.58302193828351,29057
-81.58302193828351,29059
-81.58302193828351,29061
-81.58302193828351,29063
-81.58302193828351,29065
-81.58302193828351,29067
-81.58302193828351,29069
-81.58302193828351,29071
-81.58302193828351,29073
-81.58302193828351,29075
-81.58302193828351,29077
-81.58302193828351,29079
-81.58302193828351,29081
-81.58302193828351,29083
-81.58302193828351,29085
-81.58302193828351,29087
-81.58302193828351,29089
-81.58302193828351,29091
-81.58302193828351,29093
-81.58302193828351,29095
-81.58302193828351,29097
-81.58302193828351,29099
-81.58302193828351,29101
-81.58302193828351,29103
-81.58302193828351,29105
-81.58302193828351,29107
-81.58302193828351,29109
-81.58302193828351,29111
-81.58302193828351,29113
-81.58302193828351,29115
-81.58302193828351,29117
-81.58302193828351,29119
-81.58302193828351,29121
-81.58302193828351,29123
-81.58302193828351,29125
-81.58302193828351,29127
-81.58302193828351,29129
-81.58302193828351,29131
-81.58302193828351,29133
-81.58302193828351,29135
-81.58302193828351,29137
-81.58302193828351,29139
-81.58302193828351,29141
-81.58302193828351,29143
-81.58302193828351,29145
-81.58302193828351,29147
-81.58302193828351,29149
-81.58302193828351,29151
-81.58302193828351,29153
-81.58302193828351,29155
-81.58302193828351,29157
-81.58302193828351,29159
-81.58302193828351,29161
-81.58302193828351,29163
-81.58302193828351,29165
-81.58302193828351,29167
-81.58302193828351,29169
-81.58302193828351,29171
-81.58302193828351,29173
-81.58302193828351,29175
-81.58302193828351,29177
-81.58302193828351,29179
-81.58302193828351,29181
-81.58302193828351,29183
-81.58302193828351,29185
-81.58302193828351,29186
-81.58302193828351,29187
-81.58302193828351,29189
-81.58302193828351,29195
-81.58302193828351,29197
-81.58302193828351,29199
-81.58302193828351,29201
-81.58302193828351,29203
-81.58302193828351,29205
-81.58302193828351,29207
-81.58302193828351,29209
-81.58302193828351,29211
-81.58302193828351,29213
-81.58302193828351,29215
-81.58302193828351,29217
-81.58302193828351,29219
-81.58302193828351,29221
-81.58302193828351,29223
-81.58302193828351,29225
-81.58302193828351,29227
-81.58302193828351,29229
-81.58302193828351,29510
-81.58302193828351,30001
-81.58302193828351,30003
-81.58302193828351,30005
-81.58302193828351,30007
-81.58302193828351,30009
-81.58302193828351,30011
-81.58302193828351,30013
-81.58302193828351,30015
-81.58302193828351,30017
-81.58302193828351,30019
-81.58302193828351,30021
-81.58302193828351,30023
-81.58302193828351,30025
-81.58302193828351,30027
-81.58302193828351,30029
-81.58302193828351,30031
-81.58302193828351,30033
-81.58302193828351,30035
-81.58302193828351,30037
-81.58302193828351,30039
-81.58302193828351,30041
-81.58302193828351,30043
-81.58302193828351,30045
-81.58302193828351,30047
-81.58302193828351,30049
-81.58302193828351,30051
-81.58302193828351,30053
-81.58302193828351,30055
-81.58302193828351,30057
-81.58302193828351,30059
-81.58302193828351,30061
-81.58302193828351,30063
-81.58302193828351,30065
-81.58302193828351,30067
-81.58302193828351,30069
-81.58302193828351,30071
-81.58302193828351,30073
-81.58302193828351,30075
-81.58302193828351,30077
-81.58302193828351,30079
-81.58302193828351,30081
-81.58302193828351,30083
-81.58302193828351,30085
-81.58302193828351,30087
-81.58302193828351,30089
-81.58302193828351,30091
-81.58302193828351,30093
-81.58302193828351,30095
-81.58302193828351,30097
-81.58302193828351,30099
-81.58302193828351,30101
-81.58302193828351,30103
-81.58302193828351,30105
-81.58302193828351,30107
-81.58302193828351,30109
-81.58302193828351,30111
-81.58302193828351,31001
-81.58302193828351,31003
-81.58302193828351,31005
-81.58302193828351,31007
-81.58302193828351,31009
-81.58302193828351,31011
-81.58302193828351,31013
-81.58302193828351,31015
-81.58302193828351,31017
-81.58302193828351,31019
-81.58302193828351,31021
-81.58302193828351,31023
-81.58302193828351,31025
-81.58302193828351,31027
-81.58302193828351,31029
-81.58302193828351,31031
-81.58302193828351,31033
-81.58302193828351,31035
-81.58302193828351,31037
-81.58302193828351,31039
-81.58302193828351,31041
-81.58302193828351,31043
-81.58302193828351,31045
-81.58302193828351,31047
-81.58302193828351,31049
-81.58302193828351,31051
-81.58302193828351,31053
-81.58302193828351,31055
-81.58302193828351,31057
-81.58302193828351,31059
-81.58302193828351,31061
-81.58302193828351,31063
-81.58302193828351,31065
-81.58302193828351,31067
-81.58302193828351,31069
-81.58302193828351,31071
-81.58302193828351,31073
-81.58302193828351,31075
-81.58302193828351,31077
-81.58302193828351,31079
-81.58302193828351,31081
-81.58302193828351,31083
-81.58302193828351,31085
-81.58302193828351,31087
-81.58302193828351,31089
-81.58302193828351,31091
-81.58302193828351,31093
-81.58302193828351,31095
-81.58302193828351,31097
-81.58302193828351,31099
-81.58302193828351,31101
-81.58302193828351,31103
-81.58302193828351,31105
-81.58302193828351,31107
-81.58302193828351,31109
-81.58302193828351,31111
-81.58302193828351,31113
-81.58302193828351,31115
-81.58302193828351,31117
-81.58302193828351,31119
-81.58302193828351,31121
-81.58302193828351,31123
-81.58302193828351,31125
-81.58302193828351,31127
-81.58302193828351,31129
-81.58302193828351,31131
-81.58302193828351,31133
-81.58302193828351,31135
-81.58302193828351,31137
-81.58302193828351,31139
-81.58302193828351,31141
-81.58302193828351,31143
-81.58302193828351,31145
-81.58302193828351,31147
-81.58302193828351,31149
-81.58302193828351,31151
-81.58302193828351,31153
-81.58302193828351,31155
-81.58302193828351,31157
-81.58302193828351,31159
-81.58302193828351,31161
-81.58302193828351,31163
-81.58302193828351,31165
-81.58302193828351,31167
-81.58302193828351,31169
-81.58302193828351,31171
-81.58302193828351,31173
-81.58302193828351,31175
-81.58302193828351,31177
-81.58302193828351,31179
-81.58302193828351,31181
-81.58302193828351,31183
-81.58302193828351,31185
-81.58302193828351,32001
-81.58302193828351,32003
-81.58302193828351,32005
-81.58302193828351,32007
-81.58302193828351,32009
-81.58302193828351,32011
-81.58302193828351,32013
-81.58302193828351,32015
-81.58302193828351,32017
-81.58302193828351,32019
-81.58302193828351,32021
-81.58302193828351,32023
-81.58302193828351,32027
-81.58302193828351,32029
-81.58302193828351,32031
-81.58302193828351,32033
-81.58302193828351,32510
-81.58302193828351,33001
-81.58302193828351,33003
-81.58302193828351,33005
-81.58302193828351,33007
-81.58302193828351,33009
-81.58302193828351,33011
-81.58302193828351,33013
-81.58302193828351,33015
-81.58302193828351,33017
-81.58302193828351,33019
-81.58302193828351,34001
-81.58302193828351,34003
-81.58302193828351,34005
-81.58302193828351,34007
-81.58302193828351,34009
-81.58302193828351,34011
-81.58302193828351,34013
-81.58302193828351,34015
-81.58302193828351,34017
-81.58302193828351,34019
-81.58302193828351,34021
-81.58302193828351,34023
-81.58302193828351,34025
-81.58302193828351,34027
-81.58302193828351,34029
-81.58302193828351,34031
-81.58302193828351,34033
-81.58302193828351,34035
-81.58302193828351,34037
-81.58302193828351,34039
-81.58302193828351,34041
-81.58302193828351,35001
-81.58302193828351,35003
-81.58302193828351,35005
-81.58302193828351,35006
-81.58302193828351,35007
-81.58302193828351,35009
-81.58302193828351,35011
-81.58302193828351,35013
-81.58302193828351,35015
-81.58302193828351,35017
-81.58302193828351,35019
-81.58302193828351,35021
-81.58302193828351,35023
-81.58302193828351,35025
-81.58302193828351,35027
-81.58302193828351,35028
-81.58302193828351,35029
-81.58302193828351,35031
-81.58302193828351,35033
-81.58302193828351,35035
-81.58302193828351,35037
-81.58302193828351,35039
-81.58302193828351,35041
-81.58302193828351,35043
-81.58302193828351,35045
-81.58302193828351,35047
-81.58302193828351,35049
-81.58302193828351,35051
-81.58302193828351,35053
-81.58302193828351,35055
-81.58302193828351,35057
-81.58302193828351,35059
-81.58302193828351,35061
-81.58302193828351,36001
-81.58302193828351,36003
-81.58302193828351,36005
-81.58302193828351,36007
-81.58302193828351,36009
-81.58302193828351,36011
-81.58302193828351,36013
-81.58302193828351,36015
-81.58302193828351,36017
-81.58302193828351,36019
-81.58302193828351,36021
-81.58302193828351,36023
-81.58302193828351,36025
-81.58302193828351,36027
-81.58302193828351,36029
-81.58302193828351,36031
-81.58302193828351,36033
-81.58302193828351,36035
-81.58302193828351,36037
-81.58302193828351,36039
-81.58302193828351,36041
-81.58302193828351,36043
-81.58302193828351,36045
-81.58302193828351,36047
-81.58302193828351,36049
-81.58302193828351,36051
-81.58302193828351,36053
-81.58302193828351,36055
-81.58302193828351,36057
-81.58302193828351,36059
-81.58302193828351,36061
-81.58302193828351,36063
-81.58302193828351,36065
-81.58302193828351,36067
-81.58302193828351,36069
-81.58302193828351,36071
-81.58302193828351,36073
-81.58302193828351,36075
-81.58302193828351,36077
-81.58302193828351,36079
-81.58302193828351,36081
-81.58302193828351,36083
-81.58302193828351,36085
-81.58302193828351,36087
-81.58302193828351,36089
-81.58302193828351,36091
-81.58302193828351,36093
-81.58302193828351,36095
-81.58302193828351,36097
-81.58302193828351,36099
-81.58302193828351,36101
-81.58302193828351,36103
-81.58302193828351,36105
-81.58302193828351,36107
-81.58302193828351,36109
-81.58302193828351,36111
-81.58302193828351,36113
-81.58302193828351,36115
-81.58302193828351,36117
-81.58302193828351,36119
-81.58302193828351,36121
-81.58302193828351,36123
-81.58302193828351,37001
-81.58302193828351,37003
-81.58302193828351,37005
-81.58302193828351,37007
-81.58302193828351,37009
-81.58302193828351,37011
-81.58302193828351,37013
-81.58302193828351,37015
-81.58302193828351,37017
-81.58302193828351,37019
-81.58302193828351,37021
-81.58302193828351,37023
-81.58302193828351,37025
-81.58302193828351,37027
-81.58302193828351,37029
-81.58302193828351,37031
-81.58302193828351,37033
-81.58302193828351,37035
-81.58302193828351,37037
-81.58302193828351,37039
-81.58302193828351,37041
-81.58302193828351,37043
-81.58302193828351,37045
-81.58302193828351,37047
-81.58302193828351,37049
-81.58302193828351,37051
-81.58302193828351,37053
-81.58302193828351,37055
-81.58302193828351,37057
-81.58302193828351,37059
-81.58302193828351,37061
-81.58302193828351,37063
-81.58302193828351,37065
-81.58302193828351,37067
-81.58302193828351,37069
-81.58302193828351,37071
-81.58302193828351,37073
-81.58302193828351,37075
-81.58302193828351,37077
-81.58302193828351,37079
-81.58302193828351,37081
-81.58302193828351,37083
-81.58302193828351,37085
-81.58302193828351,37087
-81.58302193828351,37089
-81.58302193828351,37091
-81.58302193828351,37093
-81.58302193828351,37095
-81.58302193828351,37097
-81.58302193828351,37099
-81.58302193828351,37101
-81.58302193828351,37103
-81.58302193828351,37105
-81.58302193828351,37107
-81.58302193828351,37109
-81.58302193828351,37111
-81.58302193828351,37113
-81.58302193828351,37115
-81.58302193828351,37117
-81.58302193828351,37119
-81.58302193828351,37121
-81.58302193828351,37123
-81.58302193828351,37125
-81.58302193828351,37127
-81.58302193828351,37129
-81.58302193828351,37131
-81.58302193828351,37133
-81.58302193828351,37135
-81.58302193828351,37137
-81.58302193828351,37139
-81.58302193828351,37141
-81.58302193828351,37143
-81.58302193828351,37145
-81.58302193828351,37147
-81.58302193828351,37149
-81.58302193828351,37151
-81.58302193828351,37153
-81.58302193828351,37155
-81.58302193828351,37157
-81.58302193828351,37159
-81.58302193828351,37161
-81.58302193828351,37163
-81.58302193828351,37165
-81.58302193828351,37167
-81.58302193828351,37169
-81.58302193828351,37171
-81.58302193828351,37173
-81.58302193828351,37175
-81.58302193828351,37177
-81.58302193828351,37179
-81.58302193828351,37181
-81.58302193828351,37183
-81.58302193828351,37185
-81.58302193828351,37187
-81.58302193828351,37189
-81.58302193828351,37191
-81.58302193828351,37193
-81.58302193828351,37195
-81.58302193828351,37197
-81.58302193828351,37199
-81.58302193828351,38001
-81.58302193828351,38003
-81.58302193828351,38005
-81.58302193828351,38007
-81.58302193828351,38009
-81.58302193828351,38011
-81.58302193828351,38013
-81.58302193828351,38015
-81.58302193828351,38017
-81.58302193828351,38019
-81.58302193828351,38021
-81.58302193828351,38023
-81.58302193828351,38025
-81.58302193828351,38027
-81.58302193828351,38029
-81.58302193828351,38031
-81.58302193828351,38033
-81.58302193828351,38035
-81.58302193828351,38037
-81.58302193828351,38039
-81.58302193828351,38041
-81.58302193828351,38043
-81.58302193828351,38045
-81.58302193828351,38047
-81.58302193828351,38049
-81.58302193828351,38051
-81.58302193828351,38053
-81.58302193828351,38055
-81.58302193828351,38057
-81.58302193828351,38059
-81.58302193828351,38061
-81.58302193828351,38063
-81.58302193828351,38065
-81.58302193828351,38067
-81.58302193828351,38069
-81.58302193828351,38071
-81.58302193828351,38073
-81.58302193828351,38075
-81.58302193828351,38077
-81.58302193828351,38079
-81.58302193828351,38081
-81.58302193828351,38083
-81.58302193828351,38085
-81.58302193828351,38087
-81.58302193828351,38089
-81.58302193828351,38091
-81.58302193828351,38093
-81.58302193828351,38095
-81.58302193828351,38097
-81.58302193828351,38099
-81.58302193828351,38101
-81.58302193828351,38103
-81.58302193828351,38105
-81.58302193828351,39001
-81.58302193828351,39003
-81.58302193828351,39005
-81.58302193828351,39007
-81.58302193828351,39009
-81.58302193828351,39011
-81.58302193828351,39013
-81.58302193828351,39015
-81.58302193828351,39017
-81.58302193828351,39019
-81.58302193828351,39021
-81.58302193828351,39023
-81.58302193828351,39025
-81.58302193828351,39027
-81.58302193828351,39029
-81.58302193828351,39031
-81.58302193828351,39033
-81.58302193828351,39035
-81.58302193828351,39037
-81.58302193828351,39039
-81.58302193828351,39041
-81.58302193828351,39043
-81.58302193828351,39045
-81.58302193828351,39047
-81.58302193828351,39049
-81.58302193828351,39051
-81.58302193828351,39053
-81.58302193828351,39055
-81.58302193828351,39057
-81.58302193828351,39059
-81.58302193828351,39061
-81.58302193828351,39063
-81.58302193828351,39065
-81.58302193828351,39067
-81.58302193828351,39069
-81.58302193828351,39071
-81.58302193828351,39073
-81.58302193828351,39075
-81.58302193828351,39077
-81.58302193828351,39079
-81.58302193828351,39081
-81.58302193828351,39083
-81.58302193828351,39085
-81.58302193828351,39087
-81.58302193828351,39089
-81.58302193828351,39091
-81.58302193828351,39093
-81.58302193828351,39095
-81.58302193828351,39097
-81.58302193828351,39099
-81.58302193828351,39101
-81.58302193828351,39103
-81.58302193828351,39105
-81.58302193828351,39107
-81.58302193828351,39109
-81.58302193828351,39111
-81.58302193828351,39113
-81.58302193828351,39115
-81.58302193828351,39117
-81.58302193828351,39119
-81.58302193828351,39121
-81.58302193828351,39123
-81.58302193828351,39125
-81.58302193828351,39127
-81.58302193828351,39129
-81.58302193828351,39131
-81.58302193828351,39133
-81.58302193828351,39135
-81.58302193828351,39137
-81.58302193828351,39139
-81.58302193828351,39141
-81.58302193828351,39143
-81.58302193828351,39145
-81.58302193828351,39147
-81.58302193828351,39149
-81.58302193828351,39151
-81.58302193828351,39153
-81.58302193828351,39155
-81.58302193828351,39157
-81.58302193828351,39159
-81.58302193828351,39161
-81.58302193828351,39163
-81.58302193828351,39165
-81.58302193828351,39167
-81.58302193828351,39169
-81.58302193828351,39171
-81.58302193828351,39173
-81.58302193828351,39175
-81.58302193828351,40001
-81.58302193828351,40003
-81.58302193828351,40005
-81.58302193828351,40007
-81.58302193828351,40009
-81.58302193828351,40011
-81.58302193828351,40013
-81.58302193828351,40015
-81.58302193828351,40017
-81.58302193828351,40019
-81.58302193828351,40021
-81.58302193828351,40023
-81.58302193828351,40025
-81.58302193828351,40027
-81.58302193828351,40029
-81.58302193828351,40031
-81.58302193828351,40033
-81.58302193828351,40035
-81.58302193828351,40037
-81.58302193828351,40039
-81.58302193828351,40041
-81.58302193828351,40043
-81.58302193828351,40045
-81.58302193828351,40047
-81.58302193828351,40049
-81.58302193828351,40051
-81.58302193828351,40053
-81.58302193828351,40055
-81.58302193828351,40057
-81.58302193828351,40059
-81.58302193828351,40061
-81.58302193828351,40063
-81.58302193828351,40065
-81.58302193828351,40067
-81.58302193828351,40069
-81.58302193828351,40071
-81.58302193828351,40073
-81.58302193828351,40075
-81.58302193828351,40077
-81.58302193828351,40079
-81.58302193828351,40081
-81.58302193828351,40083
-81.58302193828351,40085
-81.58302193828351,40087
-81.58302193828351,40089
-81.58302193828351,40091
-81.58302193828351,40093
-81.58302193828351,40095
-81.58302193828351,40097
-81.58302193828351,40099
-81.58302193828351,40101
-81.58302193828351,40103
-81.58302193828351,40105
-81.58302193828351,40107
-81.58302193828351,40109
-81.58302193828351,40111
-81.58302193828351,40113
-81.58302193828351,40115
-81.58302193828351,40117
-81.58302193828351,40119
-81.58302193828351,40121
-81.58302193828351,40123
-81.58302193828351,40125
-81.58302193828351,40127
-81.58302193828351,40129
-81.58302193828351,40131
-81.58302193828351,40133
-81.58302193828351,40135
-81.58302193828351,40137
-81.58302193828351,40139
-81.58302193828351,40141
-81.58302193828351,40143
-81.58302193828351,40145
-81.58302193828351,40147
-81.58302193828351,40149
-81.58302193828351,40151
-81.58302193828351,40153
-81.58302193828351,41001
-81.58302193828351,41003
-81.58302193828351,41005
-81.58302193828351,41007
-81.58302193828351,41009
-81.58302193828351,41011
-81.58302193828351,41013
-81.58302193828351,41015
-81.58302193828351,41017
-81.58302193828351,41019
-81.58302193828351,41021
-81.58302193828351,41023
-81.58302193828351,41025
-81.58302193828351,41027
-81.58302193828351,41029
-81.58302193828351,41031
-81.58302193828351,41033
-81.58302193828351,41035
-81.58302193828351,41037
-81.58302193828351,41039
-81.58302193828351,41041
-81.58302193828351,41043
-81.58302193828351,41045
-81.58302193828351,41047
-81.58302193828351,41049
-81.58302193828351,41051
-81.58302193828351,41053
-81.58302193828351,41055
-81.58302193828351,41057
-81.58302193828351,41059
-81.58302193828351,41061
-81.58302193828351,41063
-81.58302193828351,41065
-81.58302193828351,41067
-81.58302193828351,41069
-81.58302193828351,41071
-81.58302193828351,42001
-81.58302193828351,42003
-81.58302193828351,42005
-81.58302193828351,42007
-81.58302193828351,42009
-81.58302193828351,42011
-81.58302193828351,42013
-81.58302193828351,42015
-81.58302193828351,42017
-81.58302193828351,42019
-81.58302193828351,42021
-81.58302193828351,42023
-81.58302193828351,42025
-81.58302193828351,42027
-81.58302193828351,42029
-81.58302193828351,42031
-81.58302193828351,42033
-81.58302193828351,42035
-81.58302193828351,42037
-81.58302193828351,42039
-81.58302193828351,42041
-81.58302193828351,42043
-81.58302193828351,42045
-81.58302193828351,42047
-81.58302193828351,42049
-81.58302193828351,42051
-81.58302193828351,42053
-81.58302193828351,42055
-81.58302193828351,42057
-81.58302193828351,42059
-81.58302193828351,42061
-81.58302193828351,42063
-81.58302193828351,42065
-81.58302193828351,42067
-81.58302193828351,42069
-81.58302193828351,42071
-81.58302193828351,42073
-81.58302193828351,42075
-81.58302193828351,42077
-81.58302193828351,42079
-81.58302193828351,42081
-81.58302193828351,42083
-81.58302193828351,42085
-81.58302193828351,42087
-81.58302193828351,42089
-81.58302193828351,42091
-81.58302193828351,42093
-81.58302193828351,42095
-81.58302193828351,42097
-81.58302193828351,42099
-81.58302193828351,42101
-81.58302193828351,42103
-81.58302193828351,42105
-81.58302193828351,42107
-81.58302193828351,42109
-81.58302193828351,42111
-81.58302193828351,42113
-81.58302193828351,42115
-81.58302193828351,42117
-81.58302193828351,42119
-81.58302193828351,42121
-81.58302193828351,42123
-81.58302193828351,42125
-81.58302193828351,42127
-81.58302193828351,42129
-81.58302193828351,42131
-81.58302193828351,42133
-81.58302193828351,44001
-81.58302193828351,44003
-81.58302193828351,44005
-81.58302193828351,44007
-81.58302193828351,44009
-81.58302193828351,45001
-81.58302193828351,45003
-81.58302193828351,45005
-81.58302193828351,45007
-81.58302193828351,45009
-81.58302193828351,45011
-81.58302193828351,45013
-81.58302193828351,45015
-81.58302193828351,45017
-81.58302193828351,45019
-81.58302193828351,45021
-81.58302193828351,45023
-81.58302193828351,45025
-81.58302193828351,45027
-81.58302193828351,45029
-81.58302193828351,45031
-81.58302193828351,45033
-81.58302193828351,45035
-81.58302193828351,45037
-81.58302193828351,45039
-81.58302193828351,45041
-81.58302193828351,45043
-81.58302193828351,45045
-81.58302193828351,45047
-81.58302193828351,45049
-81.58302193828351,45051
-81.58302193828351,45053
-81.58302193828351,45055
-81.58302193828351,45057
-81.58302193828351,45059
-81.58302193828351,45061
-81.58302193828351,45063
-81.58302193828351,45065
-81.58302193828351,45067
-81.58302193828351,45069
-81.58302193828351,45071
-81.58302193828351,45073
-81.58302193828351,45075
-81.58302193828351,45077
-81.58302193828351,45079
-81.58302193828351,45081
-81.58302193828351,45083
-81.58302193828351,45085
-81.58302193828351,45087
-81.58302193828351,45089
-81.58302193828351,45091
-81.58302193828351,46003
-81.58302193828351,46005
-81.58302193828351,46007
-81.58302193828351,46009
-81.58302193828351,46011
-81.58302193828351,46013
-81.58302193828351,46015
-81.58302193828351,46017
-81.58302193828351,46019
-81.58302193828351,46021
-81.58302193828351,46023
-81.58302193828351,46025
-81.58302193828351,46027
-81.58302193828351,46029
-81.58302193828351,46031
-81.58302193828351,46033
-81.58302193828351,46035
-81.58302193828351,46037
-81.58302193828351,46039
-81.58302193828351,46041
-81.58302193828351,46043
-81.58302193828351,46045
-81.58302193828351,46047
-81.58302193828351,46049
-81.58302193828351,46051
-81.58302193828351,46053
-81.58302193828351,46055
-81.58302193828351,46057
-81.58302193828351,46059
-81.58302193828351,46061
-81.58302193828351,46063
-81.58302193828351,46065
-81.58302193828351,46067
-81.58302193828351,46069
-81.58302193828351,46071
-81.58302193828351,46073
-81.58302193828351,46075
-81.58302193828351,46077
-81.58302193828351,46079
-81.58302193828351,46081
-81.58302193828351,46083
-81.58302193828351,46085
-81.58302193828351,46087
-81.58302193828351,46089
-81.58302193828351,46091
-81.58302193828351,46093
-81.58302193828351,46095
-81.58302193828351,46097
-81.58302193828351,46099
-81.58302193828351,46101
-81.58302193828351,46103
-81.58302193828351,46105
-81.58302193828351,46107
-81.58302193828351,46109
-81.58302193828351,46111
-81.58302193828351,46113
-81.58302193828351,46115
-81.58302193828351,46117
-81.58302193828351,46119
-81.58302193828351,46121
-81.58302193828351,46123
-81.58302193828351,46125
-81.58302193828351,46127
-81.58302193828351,46129
-81.58302193828351,46135
-81.58302193828351,46137
-81.58302193828351,47001
-81.58302193828351,47003
-81.58302193828351,47005
-81.58302193828351,47007
-81.58302193828351,47009
-81.58302193828351,47011
-81.58302193828351,47013
-81.58302193828351,47015
-81.58302193828351,47017
-81.58302193828351,47019
-81.58302193828351,47021
-81.58302193828351,47023
-81.58302193828351,47025
-81.58302193828351,47027
-81.58302193828351,47029
-81.58302193828351,47031
-81.58302193828351,47033
-81.58302193828351,47035
-81.58302193828351,47037
-81.58302193828351,47039
-81.58302193828351,47041
-81.58302193828351,47043
-81.58302193828351,47045
-81.58302193828351,47047
-81.58302193828351,47049
-81.58302193828351,47051
-81.58302193828351,47053
-81.58302193828351,47055
-81.58302193828351,47057
-81.58302193828351,47059
-81.58302193828351,47061
-81.58302193828351,47063
-81.58302193828351,47065
-81.58302193828351,47067
-81.58302193828351,47069
-81.58302193828351,47071
-81.58302193828351,47073
-81.58302193828351,47075
-81.58302193828351,47077
-81.58302193828351,47079
-81.58302193828351,47081
-81.58302193828351,47083
-81.58302193828351,47085
-81.58302193828351,47087
-81.58302193828351,47089
-81.58302193828351,47091
-81.58302193828351,47093
-81.58302193828351,47095
-81.58302193828351,47097
-81.58302193828351,47099
-81.58302193828351,47101
-81.58302193828351,47103
-81.58302193828351,47105
-81.58302193828351,47107
-81.58302193828351,47109
-81.58302193828351,47111
-81.58302193828351,47113
-81.58302193828351,47115
-81.58302193828351,47117
-81.58302193828351,47119
-81.58302193828351,47121
-81.58302193828351,47123
-81.58302193828351,47125
-81.58302193828351,47127
-81.58302193828351,47129
-81.58302193828351,47131
-81.58302193828351,47133
-81.58302193828351,47135
-81.58302193828351,47137
-81.58302193828351,47139
-81.58302193828351,47141
-81.58302193828351,47143
-81.58302193828351,47145
-81.58302193828351,47147
-81.58302193828351,47149
-81.58302193828351,47151
-81.58302193828351,47153
-81.58302193828351,47155
-81.58302193828351,47157
-81.58302193828351,47159
-81.58302193828351,47161
-81.58302193828351,47163
-81.58302193828351,47165
-81.58302193828351,47167
-81.58302193828351,47169
-81.58302193828351,47171
-81.58302193828351,47173
-81.58302193828351,47175
-81.58302193828351,47177
-81.58302193828351,47179
-81.58302193828351,47181
-81.58302193828351,47183
-81.58302193828351,47185
-81.58302193828351,47187
-81.58302193828351,47189
-81.58302193828351,48001
-81.58302193828351,48003
-81.58302193828351,48005
-81.58302193828351,48007
-81.58302193828351,48009
-81.58302193828351,48011
-81.58302193828351,48013
-81.58302193828351,48015
-81.58302193828351,48017
-81.58302193828351,48019
-81.58302193828351,48021
-81.58302193828351,48023
-81.58302193828351,48025
-81.58302193828351,48027
-81.58302193828351,48029
-81.58302193828351,48031
-81.58302193828351,48033
-81.58302193828351,48035
-81.58302193828351,48037
-81.58302193828351,48039
-81.58302193828351,48041
-81.58302193828351,48043
-81.58302193828351,48045
-81.58302193828351,48047
-81.58302193828351,48049
-81.58302193828351,48051
-81.58302193828351,48053
-81.58302193828351,48055
-81.58302193828351,48057
-81.58302193828351,48059
-81.58302193828351,48061
-81.58302193828351,48063
-81.58302193828351,48065
-81.58302193828351,48067
-81.58302193828351,48069
-81.58302193828351,48071
-81.58302193828351,48073
-81.58302193828351,48075
-81.58302193828351,48077
-81.58302193828351,48079
-81.58302193828351,48081
-81.58302193828351,48083
-81.58302193828351,48085
-81.58302193828351,48087
-81.58302193828351,48089
-81.58302193828351,48091
-81.58302193828351,48093
-81.58302193828351,48095
-81.58302193828351,48097
-81.58302193828351,48099
-81.58302193828351,48101
-81.58302193828351,48103
-81.58302193828351,48105
-81.58302193828351,48107
-81.58302193828351,48109
-81.58302193828351,48111
-81.58302193828351,48113
-81.58302193828351,48115
-81.58302193828351,48117
-81.58302193828351,48119
-81.58302193828351,48121
-81.58302193828351,48123
-81.58302193828351,48125
-81.58302193828351,48127
-81.58302193828351,48129
-81.58302193828351,48131
-81.58302193828351,48133
-81.58302193828351,48135
-81.58302193828351,48137
-81.58302193828351,48139
-81.58302193828351,48141
-81.58302193828351,48143
-81.58302193828351,48145
-81.58302193828351,48147
-81.58302193828351,48149
-81.58302193828351,48151
-81.58302193828351,48153
-81.58302193828351,48155
-81.58302193828351,48157
-81.58302193828351,48159
-81.58302193828351,48161
-81.58302193828351,48163
-81.58302193828351,48165
-81.58302193828351,48167
-81.58302193828351,48169
-81.58302193828351,48171
-81.58302193828351,48173
-81.58302193828351,48175
-81.58302193828351,48177
-81.58302193828351,48179
-81.58302193828351,48181
-81.58302193828351,48183
-81.58302193828351,48185
-81.58302193828351,48187
-81.58302193828351,48189
-81.58302193828351,48191
-81.58302193828351,48193
-81.58302193828351,48195
-81.58302193828351,48197
-81.58302193828351,48199
-81.58302193828351,48201
-81.58302193828351,48203
-81.58302193828351,48205
-81.58302193828351,48207
-81.58302193828351,48209
-81.58302193828351,48211
-81.58302193828351,48213
-81.58302193828351,48215
-81.58302193828351,48217
-81.58302193828351,48219
-81.58302193828351,48221
-81.58302193828351,48223
-81.58302193828351,48225
-81.58302193828351,48227
-81.58302193828351,48229
-81.58302193828351,48231
-81.58302193828351,48233
-81.58302193828351,48235
-81.58302193828351,48237
-81.58302193828351,48239
-81.58302193828351,48241
-81.58302193828351,48243
-81.58302193828351,48245
-81.58302193828351,48247
-81.58302193828351,48249
-81.58302193828351,48251
-81.58302193828351,48253
-81.58302193828351,48255
-81.58302193828351,48257
-81.58302193828351,48259
-81.58302193828351,48261
-81.58302193828351,48263
-81.58302193828351,48265
-81.58302193828351,48267
-81.58302193828351,48269
-81.58302193828351,48271
-81.58302193828351,48273
-81.58302193828351,48275
-81.58302193828351,48277
-81.58302193828351,48279
-81.58302193828351,48281
-81.58302193828351,48283
-81.58302193828351,48285
-81.58302193828351,48287
-81.58302193828351,48289
-81.58302193828351,48291
-81.58302193828351,48293
-81.58302193828351,48295
-81.58302193828351,48297
-81.58302193828351,48299
-81.58302193828351,48301
-81.58302193828351,48303
-81.58302193828351,48305
-81.58302193828351,48307
-81.58302193828351,48309
-81.58302193828351,48311
-81.58302193828351,48313
-81.58302193828351,48315
-81.58302193828351,48317
-81.58302193828351,48319
-81.58302193828351,48321
-81.58302193828351,48323
-81.58302193828351,48325
-81.58302193828351,48327
-81.58302193828351,48329
-81.58302193828351,48331
-81.58302193828351,48333
-81.58302193828351,48335
-81.58302193828351,48337
-81.58302193828351,48339
-81.58302193828351,48341
-81.58302193828351,48343
-81.58302193828351,48345
-81.58302193828351,48347
-81.58302193828351,48349
-81.58302193828351,48351
-81.58302193828351,48353
-81.58302193828351,48355
-81.58302193828351,48357
-81.58302193828351,48359
-81.58302193828351,48361
-81.58302193828351,48363
-81.58302193828351,48365
-81.58302193828351,48367
-81.58302193828351,48369
-81.58302193828351,48371
-81.58302193828351,48373
-81.58302193828351,48375
-81.58302193828351,48377
-81.58302193828351,48379
-81.58302193828351,48381
-81.58302193828351,48383
-81.58302193828351,48385
-81.58302193828351,48387
-81.58302193828351,48389
-81.58302193828351,48391
-81.58302193828351,48393
-81.58302193828351,48395
-81.58302193828351,48397
-81.58302193828351,48399
-81.58302193828351,48401
-81.58302193828351,48403
-81.58302193828351,48405
-81.58302193828351,48407
-81.58302193828351,48409
-81.58302193828351,48411
-81.58302193828351,48413
-81.58302193828351,48415
-81.58302193828351,48417
-81.58302193828351,48419
-81.58302193828351,48421
-81.58302193828351,48423
-81.58302193828351,48425
-81.58302193828351,48427
-81.58302193828351,48429
-81.58302193828351,48431
-81.58302193828351,48433
-81.58302193828351,48435
-81.58302193828351,48437
-81.58302193828351,48439
-81.58302193828351,48441
-81.58302193828351,48443
-81.58302193828351,48445
-81.58302193828351,48447
-81.58302193828351,48449
-81.58302193828351,48451
-81.58302193828351,48453
-81.58302193828351,48455
-81.58302193828351,48457
-81.58302193828351,48459
-81.58302193828351,48461
-81.58302193828351,48463
-81.58302193828351,48465
-81.58302193828351,48467
-81.58302193828351,48469
-81.58302193828351,48471
-81.58302193828351,48473
-81.58302193828351,48475
-81.58302193828351,48477
-81.58302193828351,48479
-81.58302193828351,48481
-81.58302193828351,48483
-81.58302193828351,48485
-81.58302193828351,48487
-81.58302193828351,48489
-81.58302193828351,48491
-81.58302193828351,48493
-81.58302193828351,48495
-81.58302193828351,48497
-81.58302193828351,48499
-81.58302193828351,48501
-81.58302193828351,48503
-81.58302193828351,48505
-81.58302193828351,48507
-81.58302193828351,49001
-81.58302193828351,49003
-81.58302193828351,49005
-81.58302193828351,49007
-81.58302193828351,49009
-81.58302193828351,49011
-81.58302193828351,49013
-81.58302193828351,49015
-81.58302193828351,49017
-81.58302193828351,49019
-81.58302193828351,49021
-81.58302193828351,49023
-81.58302193828351,49025
-81.58302193828351,49027
-81.58302193828351,49029
-81.58302193828351,49031
-81.58302193828351,49033
-81.58302193828351,49035
-81.58302193828351,49037
-81.58302193828351,49039
-81.58302193828351,49041
-81.58302193828351,49043
-81.58302193828351,49045
-81.58302193828351,49047
-81.58302193828351,49049
-81.58302193828351,49051
-81.58302193828351,49053
-81.58302193828351,49055
-81.58302193828351,49057
-81.58302193828351,50001
-81.58302193828351,50003
-81.58302193828351,50005
-81.58302193828351,50007
-81.58302193828351,50009
-81.58302193828351,50011
-81.58302193828351,50013
-81.58302193828351,50015
-81.58302193828351,50017
-81.58302193828351,50019
-81.58302193828351,50021
-81.58302193828351,50023
-81.58302193828351,50025
-81.58302193828351,50027
-81.58302193828351,51001
-81.58302193828351,51007
-81.58302193828351,51009
-81.58302193828351,51011
-81.58302193828351,51013
-81.58302193828351,51017
-81.58302193828351,51021
-81.58302193828351,51023
-81.58302193828351,51025
-81.58302193828351,51027
-81.58302193828351,51029
-81.58302193828351,51033
-81.58302193828351,51036
-81.58302193828351,51037
-81.58302193828351,51041
-81.58302193828351,51043
-81.58302193828351,51045
-81.58302193828351,51047
-81.58302193828351,51049
-81.58302193828351,51051
-81.58302193828351,51057
-81.58302193828351,51061
-81.58302193828351,51063
-81.58302193828351,51065
-81.58302193828351,51067
-81.58302193828351,51071
-81.58302193828351,51073
-81.58302193828351,51075
-81.58302193828351,51077
-81.58302193828351,51079
-81.58302193828351,51083
-81.58302193828351,51085
-81.58302193828351,51087
-81.58302193828351,51091
-81.58302193828351,51093
-81.58302193828351,51097
-81.58302193828351,51099
-81.58302193828351,51101
-81.58302193828351,51103
-81.58302193828351,51105
-81.58302193828351,51107
-81.58302193828351,51109
-81.58302193828351,51111
-81.58302193828351,51113
-81.58302193828351,51115
-81.58302193828351,51117
-81.58302193828351,51119
-81.58302193828351,51125
-81.58302193828351,51127
-81.58302193828351,51131
-81.58302193828351,51133
-81.58302193828351,51135
-81.58302193828351,51137
-81.58302193828351,51139
-81.58302193828351,51141
-81.58302193828351,51145
-81.58302193828351,51147
-81.58302193828351,51155
-81.58302193828351,51157
-81.58302193828351,51159
-81.58302193828351,51167
-81.58302193828351,51169
-81.58302193828351,51171
-81.58302193828351,51173
-81.58302193828351,51179
-81.58302193828351,51181
-81.58302193828351,51183
-81.58302193828351,51185
-81.58302193828351,51187
-81.58302193828351,51193
-81.58302193828351,51197
-81.58302193828351,51510
-81.58302193828351,51550
-81.58302193828351,51650
-81.58302193828351,51700
-81.58302193828351,51710
-81.58302193828351,51740
-81.58302193828351,51760
-81.58302193828351,51770
-81.58302193828351,51800
-81.58302193828351,51810
-81.58302193828351,51901
-81.58302193828351,51903
-81.58302193828351,51907
-81.58302193828351,51909
-81.58302193828351,51911
-81.58302193828351,51913
-81.58302193828351,51918
-81.58302193828351,51919
-81.58302193828351,51921
-81.58302193828351,51923
-81.58302193828351,51929
-81.58302193828351,51931
-81.58302193828351,51933
-81.58302193828351,51939
-81.58302193828351,51941
-81.58302193828351,51942
-81.58302193828351,51944
-81.58302193828351,51945
-81.58302193828351,51947
-81.58302193828351,51949
-81.58302193828351,51951
-81.58302193828351,51953
-81.58302193828351,51955
-81.58302193828351,51958
-81.58302193828351,53001
-81.58302193828351,53003
-81.58302193828351,53005
-81.58302193828351,53007
-81.58302193828351,53009
-81.58302193828351,53011
-81.58302193828351,53013
-81.58302193828351,53015
-81.58302193828351,53017
-81.58302193828351,53019
-81.58302193828351,53021
-81.58302193828351,53023
-81.58302193828351,53025
-81.58302193828351,53027
-81.58302193828351,53029
-81.58302193828351,53031
-81.58302193828351,53033
-81.58302193828351,53035
-81.58302193828351,53037
-81.58302193828351,53039
-81.58302193828351,53041
-81.58302193828351,53043
-81.58302193828351,53045
-81.58302193828351,53047
-81.58302193828351,53049
-81.58302193828351,53051
-81.58302193828351,53053
-81.58302193828351,53055
-81.58302193828351,53057
-81.58302193828351,53059
-81.58302193828351,53061
-81.58302193828351,53063
-81.58302193828351,53065
-81.58302193828351,53067
-81.58302193828351,53069
-81.58302193828351,53071
-81.58302193828351,53073
-81.58302193828351,53075
-81.58302193828351,53077
-81.58302193828351,54001
-81.58302193828351,54003
-81.58302193828351,54005
-81.58302193828351,54007
-81.58302193828351,54009
-81.58302193828351,54011
-81.58302193828351,54013
-81.58302193828351,54015
-81.58302193828351,54017
-81.58302193828351,54019
-81.58302193828351,54021
-81.58302193828351,54023
-81.58302193828351,54025
-81.58302193828351,54027
-81.58302193828351,54029
-81.58302193828351,54031
-81.58302193828351,54033
-81.58302193828351,54035
-81.58302193828351,54037
-81.58302193828351,54039
-81.58302193828351,54041
-81.58302193828351,54043
-81.58302193828351,54045
-81.58302193828351,54047
-81.58302193828351,54049
-81.58302193828351,54051
-81.58302193828351,54053
-81.58302193828351,54055
-81.58302193828351,54057
-81.58302193828351,54059
-81.58302193828351,54061
-81.58302193828351,54063
-81.58302193828351,54065
-81.58302193828351,54067
-81.58302193828351,54069
-81.58302193828351,54071
-81.58302193828351,54073
-81.58302193828351,54075
-81.58302193828351,54077
-81.58302193828351,54079
-81.58302193828351,54081
-81.58302193828351,54083
-81.58302193828351,54085
-81.58302193828351,54087
-81.58302193828351,54089
-81.58302193828351,54091
-81.58302193828351,54093
-81.58302193828351,54095
-81.58302193828351,54097
-81.58302193828351,54099
-81.58302193828351,54101
-81.58302193828351,54103
-81.58302193828351,54105
-81.58302193828351,54107
-81.58302193828351,54109
-81.58302193828351,55001
-81.58302193828351,55003
-81.58302193828351,55005
-81.58302193828351,55007
-81.58302193828351,55009
-81.58302193828351,55011
-81.58302193828351,55013
-81.58302193828351,55015
-81.58302193828351,55017
-81.58302193828351,55019
-81.58302193828351,55021
-81.58302193828351,55023
-81.58302193828351,55025
-81.58302193828351,55027
-81.58302193828351,55029
-81.58302193828351,55031
-81.58302193828351,55033
-81.58302193828351,55035
-81.58302193828351,55037
-81.58302193828351,55039
-81.58302193828351,55041
-81.58302193828351,55043
-81.58302193828351,55045
-81.58302193828351,55047
-81.58302193828351,55049
-81.58302193828351,55051
-81.58302193828351,55053
-81.58302193828351,55055
-81.58302193828351,55057
-81.58302193828351,55059
-81.58302193828351,55061
-81.58302193828351,55063
-81.58302193828351,55065
-81.58302193828351,55067
-81.58302193828351,55069
-81.58302193828351,55071
-81.58302193828351,55073
-81.58302193828351,55075
-81.58302193828351,55077
-81.58302193828351,55078
-81.58302193828351,55079
-81.58302193828351,55081
-81.58302193828351,55083
-81.58302193828351,55085
-81.58302193828351,55087
-81.58302193828351,55089
-81.58302193828351,55091
-81.58302193828351,55093
-81.58302193828351,55095
-81.58302193828351,55097
-81.58302193828351,55099
-81.58302193828351,55101
-81.58302193828351,55103
-81.58302193828351,55105
-81.58302193828351,55107
-81.58302193828351,55109
-81.58302193828351,55111
-81.58302193828351,55113
-81.58302193828351,55115
-81.58302193828351,55117
-81.58302193828351,55119
-81.58302193828351,55121
-81.58302193828351,55123
-81.58302193828351,55125
-81.58302193828351,55127
-81.58302193828351,55129
-81.58302193828351,55131
-81.58302193828351,55133
-81.58302193828351,55135
-81.58302193828351,55137
-81.58302193828351,55139
-81.58302193828351,55141
-81.58302193828351,56001
-81.58302193828351,56003
-81.58302193828351,56005
-81.58302193828351,56007
-81.58302193828351,56009
-81.58302193828351,56011
-81.58302193828351,56013
-81.58302193828351,56015
-81.58302193828351,56017
-81.58302193828351,56019
-81.58302193828351,56021
-81.58302193828351,56023
-81.58302193828351,56025
-81.58302193828351,56027
-81.58302193828351,56029
-81.58302193828351,56031
-81.58302193828351,56033
-81.58302193828351,56035
-81.58302193828351,56037
-81.58302193828351,56039
-81.58302193828351,56041
-81.58302193828351,56043
-81.58302193828351,56045
