state_county_work,workplace_emp
1001,19141
1003,92474
1005,14328
1007,6685
1009,19296
1011,4243
1013,10091
1015,66547
1017,14425
1019,8769
1021,13529
1023,5543
1025,13726
1027,6945
1029,4670
1031,22782
1033,29775
1035,5824
1037,2581
1039,19389
1041,6229
1043,42907
1045,28601
1047,21121
1049,36498
1051,27555
1053,17497
1055,49698
1057,7581
1059,15082
1061,10140
1063,3519
1065,5637
1067,6517
1069,64815
1071,25841
1073,480773
1075,5960
1077,45562
1079,12211
1081,68359
1083,41310
1085,5342
1087,8712
1089,222080
1091,10383
1093,15975
1095,46986
1097,234725
1099,11800
1101,181231
1103,65170
1105,3807
1107,6386
1109,18378
1111,8279
1113,17482
1115,26014
1117,97423
1119,5708
1121,38182
1123,18907
1125,111473
1127,34403
1129,6382
1131,4240
1133,11829
2013,3094
2016,4796
2020,198167
2050,8651
2060,1833
2068,2165
2070,4005
2090,59033
2100,2343
2110,20611
2122,30200
2130,10450
2150,9243
2164,932
2170,30607
2180,4459
2185,12523
2188,3411
2220,6664
2240,3776
2261,7138
2270,2836
2282,670
2290,2936
4001,31331
4003,60632
4005,86445
4007,23224
4009,11486
4011,5503
4012,8173
4013,2357515
4015,75033
4017,43346
4019,523739
4021,69719
4023,18783
4025,94923
4027,84132
5001,13671
5003,10773
5005,22741
5007,127616
5009,21223
5011,5630
5013,3617
5015,15160
5017,5172
5019,13491
5021,6718
5023,13027
5025,2034
5027,13000
5029,11387
5031,56153
5033,28280
5035,23234
5037,8008
5039,4294
5041,6689
5043,9216
5045,54715
5047,7342
5049,5019
5051,53682
5053,6547
5055,19795
5057,11484
5059,12257
5061,9833
5063,21936
5065,5616
5067,8338
5069,41630
5071,12034
5073,2465
5075,7345
5077,3604
5079,4615
5081,5893
5083,9337
5085,21481
5087,6820
5089,7032
5091,20564
5093,24381
5095,3776
5097,3725
5099,3800
5101,3008
5103,10106
5105,3062
5107,8873
5109,4243
5111,8652
5113,10194
5115,35143
5117,3034
5119,314811
5121,7766
5123,10995
5125,29979
5127,4701
5129,3785
5131,91542
5133,7751
5135,5792
5137,5567
5139,25928
5141,6123
5143,120600
5145,35489
5147,3114
5149,9882
6001,911950
6003,1178
6005,20006
6007,108402
6009,18574
6011,11065
6013,509432
6015,11439
6017,97215
6019,449584
6021,12060
6023,71965
6025,70465
6027,10588
6029,366751
6031,57557
6033,23896
6035,14566
6037,5791426
6039,60289
6041,183529
6043,8594
6045,50809
6047,94353
6049,4539
6051,10407
6053,226944
6055,91639
6057,58556
6059,2031005
6061,195758
6063,11028
6065,884667
6067,821069
6069,23669
6071,887414
6073,1908421
6075,729701
6077,291787
6079,157258
6081,483426
6083,262365
6085,1169564
6087,146131
6089,95981
6091,1345
6093,22510
6095,174624
6097,282783
6099,226109
6101,44930
6103,24830
6105,5042
6107,190603
6109,27824
6111,442614
6113,121782
6115,27356
8001,217930
8003,10532
8005,424670
8007,8476
8009,2725
8011,2281
8013,233600
8014,41864
8015,10801
8017,1508
8019,7806
8021,3127
8023,1408
8025,1833
8027,2335
8029,15946
8031,560124
8033,1109
8035,124788
8037,45192
8039,9282
8041,366633
8043,20724
8045,39236
8047,5430
8049,11511
8051,13276
8053,675
8055,3627
8057,1082
8059,269810
8061,1237
8063,4941
8065,3189
8067,38877
8069,192134
8071,9031
8073,3398
8075,13083
8077,87522
8079,848
8081,7882
8083,15125
8085,24347
8087,15796
8089,9708
8091,3344
8093,6433
8095,2569
8097,23059
8099,7240
8101,76037
8103,5746
8105,7215
8107,22793
8109,2883
8111,596
8113,8584
8115,1686
8117,26691
8119,11380
8121,2927
8123,117978
8125,6677
9001,616024
9003,637502
9005,99367
9007,98319
9009,495578
9011,173464
9013,64132
9015,53415
10001,86458
10003,358777
10005,99131
11001,790379
12001,164111
12003,9851
12005,102548
12007,11289
12009,286668
12011,1066488
12013,4582
12015,70487
12017,54763
12019,65393
12021,193089
12023,29396
12027,14406
12029,4743
12031,654353
12033,183219
12035,23363
12037,6345
12039,19790
12041,5705
12043,4339
12045,6047
12047,4867
12049,11500
12051,20053
12053,61210
12055,40865
12057,819217
12059,7865
12061,70837
12063,20155
12065,5246
12067,2496
12069,122137
12071,315731
12073,189132
12075,14616
12077,3408
12079,6873
12081,181634
12083,147776
12085,91580
12086,1446430
12087,56725
12089,28238
12091,130438
12093,14303
12095,865899
12097,93649
12099,805361
12101,136902
12103,596661
12105,278598
12107,23812
12109,75463
12111,101743
12113,51275
12115,232399
12117,244789
12119,24761
12121,16143
12123,9162
12125,5322
12127,222457
12129,9102
12131,28708
12133,9439
13001,8961
13003,2645
13005,5595
13007,1043
13009,25604
13011,9559
13013,27583
13015,53919
13017,10286
13019,7381
13021,110721
13023,6064
13025,4024
13027,4689
13029,11016
13031,32636
13033,8837
13035,9495
13037,2304
13039,24926
13043,4900
13045,53581
13047,26682
13049,3521
13051,185677
13053,16521
13055,9910
13057,75439
13059,87818
13061,1076
13063,151837
13065,3126
13067,452956
13069,22005
13071,21040
13073,47010
13075,6323
13077,50180
13079,4225
13081,11504
13083,6012
13085,12170
13087,14214
13089,461404
13091,8985
13093,5126
13095,62128
13097,60677
13099,6000
13101,1693
13103,14798
13105,10097
13107,11333
13109,6399
13111,11443
13113,67750
13115,54111
13117,64356
13119,12883
13121,965035
13123,14274
13125,844
13127,51230
13129,28522
13131,10640
13133,8568
13135,407372
13137,20032
13139,98727
13141,2503
13143,11608
13145,10709
13147,10212
13149,3548
13151,72067
13153,78857
13155,3691
13157,25244
13159,4589
13161,6210
13163,7636
13165,3386
13167,2941
13169,6660
13171,6159
13173,2525
13175,26829
13177,8424
13179,37716
13181,2848
13183,1776
13185,66402
13187,11217
13189,10905
13191,4161
13193,5283
13195,8222
13197,2789
13199,8269
13201,2636
13205,11196
13207,8180
13209,2996
13211,10726
13213,16036
13215,123253
13217,27273
13219,13279
13221,3418
13223,40597
13225,9957
13227,12608
13229,6948
13231,5147
13233,16945
13235,4300
13237,10613
13239,635
13241,8291
13243,3299
13245,137732
13247,46086
13249,2054
13251,5948
13253,3877
13255,32008
13257,13412
13259,1895
13261,16112
13263,1649
13265,504
13267,8856
13269,3087
13271,5867
13273,3779
13275,29146
13277,25573
13279,16267
13281,6054
13283,2052
13285,39941
13287,3854
13289,2447
13291,11219
13293,10806
13295,21032
13297,26126
13299,21905
13301,1939
13303,10700
13305,12805
13307,860
13309,1965
13311,11711
13313,74123
13315,2501
13317,4733
13319,3970
13321,6306
15001,101671
15003,623309
15007,44097
16001,281086
16003,2515
16005,48572
16007,3088
16009,5326
16011,22200
16013,22403
16015,2772
16017,25160
16019,62451
16021,5659
16023,9190
16025,711
16027,83626
16029,4872
16031,13679
16033,818
16035,4958
16037,2794
16039,14578
16041,5860
16043,5300
16045,6793
16047,8728
16049,8544
16051,10271
16053,11357
16055,78472
16057,21846
16059,4829
16061,2191
16063,2398
16065,19051
16067,9905
16069,27076
16071,2119
16073,4453
16075,10098
16077,4413
16079,6555
16081,5126
16083,46838
16085,7616
16087,4772
17001,44460
17003,2971
17005,7536
17007,23516
17009,4050
17011,18564
17013,1996
17015,7638
17017,8358
17019,128046
17021,16779
17023,8017
17025,8543
17027,18481
17029,34784
17031,3344392
17033,10849
17035,4803
17037,54445
17039,7832
17041,12107
17043,737209
17045,9016
17047,4687
17049,26410
17051,9741
17053,7773
17055,15213
17057,13564
17059,2241
17061,5011
17063,21819
17065,3258
17067,8996
17069,1838
17071,2654
17073,22765
17075,14736
17077,37955
17079,4250
17081,25910
17083,8708
17085,13727
17087,4532
17089,276238
17091,55450
17093,32213
17095,27630
17097,451190
17099,57964
17101,6539
17103,17856
17105,20981
17107,13327
17109,17639
17111,131522
17113,112793
17115,67943
17117,18123
17119,128253
17121,18462
17123,5666
17125,5527
17127,6448
17129,4281
17131,5693
17133,13487
17135,14333
17137,19766
17139,6583
17141,26363
17143,127686
17145,8373
17147,5986
17149,7176
17151,1254
17153,2993
17155,2744
17157,14916
17159,9452
17161,95516
17163,128994
17165,13093
17167,127265
17169,3479
17171,2152
17173,8281
17175,2275
17177,27517
17179,77324
17181,7369
17183,40118
17185,5459
17187,8498
17189,8076
17191,8089
17193,7656
17195,28958
17197,251221
17199,35184
17201,172581
17203,15792
18001,22775
18003,232342
18005,54641
18007,4522
18009,5753
18011,31584
18013,7338
18015,10818
18017,20250
18019,61029
18021,12485
18023,15205
18025,3849
18027,17053
18029,22885
18031,16050
18033,27808
18035,63880
18037,35109
18039,155177
18041,10909
18043,41083
18045,8268
18047,7627
18049,10939
18051,20820
18053,35439
18055,12292
18057,165989
18059,37769
18061,17047
18063,70932
18065,19713
18067,51258
18069,20402
18071,26171
18073,17771
18075,11296
18077,17908
18079,11321
18081,67456
18083,22187
18085,45536
18087,18082
18089,249140
18091,59405
18093,20506
18095,53054
18097,677809
18099,24919
18101,7728
18103,14703
18105,84439
18107,21476
18109,21174
18111,5819
18113,26294
18115,2484
18117,9818
18119,7619
18121,5729
18123,8980
18125,4357
18127,76600
18129,13100
18131,6856
18133,16791
18135,10464
18137,15656
18139,7693
18141,157794
18143,9275
18145,22381
18147,10276
18149,6684
18151,19302
18153,7903
18155,3533
18157,100589
18159,6162
18161,2738
18163,126865
18165,6612
18167,63992
18169,18958
18171,3111
18173,21560
18175,10083
18177,39569
18179,14824
18181,10540
18183,14902
19001,5280
19003,2708
19005,9484
19007,7050
19009,3802
19011,11471
19013,90445
19015,14493
19017,14501
19019,10044
19021,13620
19023,7099
19025,5873
19027,16459
19029,8981
19031,9665
19033,33432
19035,7914
19037,7652
19039,6637
19041,12796
19043,11085
19045,30908
19047,10841
19049,37562
19051,4179
19053,4314
19055,11170
19057,28000
19059,13016
19061,66780
19063,6614
19065,11398
19067,8797
19069,7075
19071,4968
19073,5419
19075,6295
19077,5278
19079,11073
19081,10032
19083,10696
19085,6703
19087,14141
19089,6972
19091,6477
19093,5335
19095,13370
19097,10215
19099,17076
19101,12147
19103,101765
19105,9924
19107,4863
19109,10563
19111,21523
19113,149957
19115,5940
19117,5212
19119,6597
19121,6855
19123,12050
19125,23280
19127,23867
19129,6384
19131,6045
19133,4988
19135,5033
19137,6660
19139,28893
19141,9393
19143,3653
19145,9250
19147,5625
19149,16070
19151,4435
19153,335472
19155,50089
19157,13832
19159,2902
19161,5695
19163,110095
19165,7733
19167,24593
19169,56444
19171,8198
19173,3138
19175,8461
19177,3618
19179,20829
19181,15053
19183,11134
19185,3428
19187,25111
19189,6759
19191,15656
19193,63998
19195,4004
19197,8127
20001,9356
20003,4201
20005,10666
20007,3448
20009,20339
20011,10103
20013,7429
20015,31182
20017,3153
20019,2392
20021,12147
20023,1699
20025,1719
20027,6702
20029,5749
20031,6547
20033,1242
20035,21211
20037,21278
20039,1968
20041,9765
20043,4160
20045,66413
20047,1909
20049,1504
20051,23552
20053,4119
20055,22682
20057,20630
20059,14642
20061,31796
20063,2225
20065,2967
20067,5201
20069,4283
20071,1143
20073,2892
20075,1865
20077,4222
20079,24461
20081,2339
20083,1208
20085,9561
20087,6233
20089,2151
20091,415125
20093,2104
20095,5366
20097,1883
20099,14852
20101,1479
20103,36083
20105,2145
20107,4209
20109,2191
20111,21321
20113,22951
20115,5851
20117,7757
20119,2558
20121,11651
20123,4522
20125,22004
20127,2399
20129,2292
20131,6768
20133,10626
20135,2649
20137,3716
20139,5531
20141,2693
20143,2668
20145,5109
20147,4247
20149,15367
20151,6808
20153,2726
20155,36944
20157,3605
20159,5041
20161,36396
20163,2997
20165,2181
20167,3873
20169,39394
20171,2947
20173,322044
20175,15134
20177,117652
20179,1760
20181,4151
20183,2445
20185,2443
20187,1464
20189,3161
20191,9656
20193,5039
20195,1781
20197,2889
20199,1098
20201,3301
20203,1519
20205,5884
20207,1398
20209,97794
21001,7858
21003,8119
21005,7831
21007,4393
21009,26533
21011,3639
21013,11834
21015,90664
21017,10557
21019,33974
21021,19950
21023,3036
21025,4847
21027,7125
21029,25699
21031,4671
21033,6492
21035,22551
21037,39797
21039,2031
21041,8861
21043,10388
21045,6824
21047,69845
21049,22167
21051,5784
21053,5294
21055,3793
21057,2944
21059,56933
21061,3117
21063,1751
21065,4037
21067,220659
21069,6245
21071,16089
21073,40162
21075,3393
21077,3245
21079,5498
21081,8787
21083,17766
21085,12021
21087,4391
21089,13293
21091,5182
21093,64964
21095,9945
21097,8605
21099,7957
21101,23390
21103,6500
21105,1777
21107,23710
21109,4172
21111,536451
21113,22703
21115,8686
21117,83635
21119,4978
21121,14679
21123,5537
21125,30616
21127,4710
21129,2684
21131,2814
21133,7653
21135,4182
21137,8105
21139,4090
21141,13233
21143,3398
21145,48969
21147,4508
21149,3130
21151,41057
21153,3750
21155,10664
21157,16125
21159,3583
21161,12681
21163,7123
21165,1877
21167,10874
21169,4299
21171,5384
21173,14254
21175,4954
21177,12826
21179,20204
21181,2278
21183,10160
21185,20918
21187,3389
21189,1349
21191,4360
21193,16274
21195,30288
21197,4479
21199,33818
21201,843
21203,5324
21205,12967
21207,8974
21209,29022
21211,20399
21213,11683
21215,3497
21217,14700
21219,4283
21221,6087
21223,2356
21225,7433
21227,71874
21229,5445
21231,8183
21233,5255
21235,14976
21237,2077
21239,15888
22001,25331
22003,12940
22005,72146
22007,7370
22009,16749
22011,13315
22013,6330
22015,62051
22017,161864
22019,109056
22021,4079
22023,4129
22025,4264
22027,6193
22029,8053
22031,9556
22033,302238
22035,3015
22037,8207
22039,11554
22041,9257
22043,5558
22045,44000
22047,17633
22049,5744
22051,262607
22053,12373
22055,170859
22057,58874
22059,5657
22061,23750
22063,36762
22065,4550
22067,10716
22069,19337
22071,221113
22073,91601
22075,18853
22077,8820
22079,78669
22081,3371
22083,8395
22085,8371
22087,14181
22089,30423
22091,4442
22093,8842
22095,20351
22097,33848
22099,16132
22101,34520
22103,115100
22105,56965
22107,2467
22109,63555
22111,7515
22113,20446
22115,27159
22117,17147
22119,18387
22121,13897
22123,4459
22125,6724
22127,6728
23001,65108
23003,41414
23005,228683
23007,17669
23009,37744
23011,78571
23013,28420
23015,19793
23017,25774
23019,94160
23021,8731
23023,21706
23025,25341
23027,17855
23029,17616
23031,100170
24001,38726
24003,364853
24005,519761
24009,34524
24011,14298
24013,84811
24015,41189
24017,61280
24019,17188
24021,131030
24023,21135
24025,118745
24027,189012
24029,13704
24031,658572
24033,441352
24035,23113
24037,61340
24039,11293
24041,28963
24043,80368
24045,59849
24047,34412
24510,395721
25001,143309
25003,84948
25005,279585
25007,14856
25009,404189
25011,40435
25013,248914
25015,87274
25017,1075733
25019,10925
25021,430872
25023,258669
25025,696766
25027,424916
26001,3709
26003,4082
26005,59550
26007,16771
26009,11462
26011,9095
26013,4601
26015,26203
26017,50009
26019,8842
26021,87786
26023,21288
26025,70054
26027,16977
26029,14827
26031,12889
26033,18453
26035,13239
26037,31446
26039,6831
26041,20113
26043,17696
26045,43957
26047,24027
26049,204128
26051,7014
26053,8014
26055,67001
26057,19793
26059,21187
26061,17186
26063,18616
26065,201013
26067,23801
26069,11012
26071,5515
26073,40599
26075,74037
26077,152119
26079,5696
26081,421892
26083,744
26085,3598
26087,33964
26089,10210
26091,43274
26093,74383
26095,2632
26097,6723
26099,408952
26101,11669
26103,36095
26105,15155
26107,19263
26109,11318
26111,47914
26113,5783
26115,59499
26117,21244
26119,3694
26121,84159
26123,17373
26125,911065
26127,10891
26129,9316
26131,3156
26133,8247
26135,3663
26137,14757
26139,140730
26141,4750
26143,8240
26145,109744
26147,68979
26149,29975
26151,18496
26153,3587
26155,23934
26157,17769
26159,29608
26161,241513
26163,947922
26165,18502
27001,7906
27003,163193
27005,22616
27007,26420
27009,27072
27011,3189
27013,50421
27015,19651
27017,18421
27019,51305
27021,21328
27023,9404
27025,22122
27027,26933
27029,4628
27031,4331
27033,8430
27035,35963
27037,236572
27039,10148
27041,26265
27043,8879
27045,12087
27047,18484
27049,29534
27051,3737
27053,1062799
27055,9213
27057,7366
27059,21714
27061,23138
27063,7656
27065,7245
27067,30254
27069,2733
27071,6971
27073,4747
27075,6951
27077,2569
27079,15158
27081,3434
27083,19903
27085,24263
27087,2945
27089,5021
27091,13983
27093,13115
27095,12756
27097,17387
27099,22090
27101,5189
27103,17708
27105,14796
27107,3823
27109,112077
27111,35164
27113,11965
27115,11623
27117,6648
27119,17649
27121,6887
27123,407025
27125,1643
27127,9739
27129,8420
27131,30835
27133,5374
27135,12276
27137,123234
27139,57765
27141,33965
27143,5940
27145,102358
27147,26628
27149,6783
27151,6083
27153,11206
27155,2276
27157,9865
27159,7465
27161,10636
27163,97976
27165,5981
27167,3289
27169,32507
27171,54508
27173,6052
28001,17803
28003,17523
28005,5709
28007,8347
28009,2432
28011,16883
28013,5929
28015,2649
28017,8546
28019,3545
28021,4732
28023,5344
28025,9122
28027,12210
28029,12131
28031,8700
28033,70080
28035,54302
28037,2577
28039,7757
28041,4267
28043,13868
28045,22733
28047,120855
28049,175072
28051,6663
28053,4410
28055,730
28057,8808
28059,64842
28061,6492
28063,2009
28065,4107
28067,39921
28069,3361
28071,27538
28073,22845
28075,47696
28077,4938
28079,8569
28081,63283
28083,20186
28085,16776
28087,35476
28089,60800
28091,11657
28093,10206
28095,14930
28097,4044
28099,18179
28101,9161
28103,4641
28105,26319
28107,16121
28109,19534
28111,4231
28113,20413
28115,16155
28117,10150
28119,2746
28121,79092
28123,15541
28125,2302
28127,10968
28129,4971
28131,5632
28133,13204
28135,4606
28137,9584
28139,10004
28141,7579
28143,16584
28145,12381
28147,5316
28149,29987
28151,26240
28153,8443
28155,3484
28157,2961
28159,8259
28161,4768
28163,9639
29001,15736
29003,6533
29005,3177
29007,15036
29009,23163
29011,7322
29013,8156
29015,7679
29017,4755
29019,111911
29021,59543
29023,25358
29025,5246
29027,21116
29029,29409
29031,55320
29033,5575
29035,2489
29037,38750
29039,6972
29041,5101
29043,30888
29045,3430
29047,124209
29049,7412
29051,65957
29053,9597
29055,11344
29057,3983
29059,7837
29061,4220
29063,5121
29065,7076
29067,8244
29069,13309
29071,51934
29073,8960
29075,3862
29077,206250
29079,5564
29081,5075
29083,11523
29085,2684
29087,2525
29089,4541
29091,23178
29093,4508
29095,463523
29097,78650
29099,77424
29101,30427
29103,2347
29105,19250
29107,14724
29109,14774
29111,4442
29113,18062
29115,6870
29117,9242
29119,10692
29121,8292
29123,5117
29125,5198
29127,18230
29129,1756
29131,11424
29133,5573
29135,6981
29137,4875
29139,6046
29141,7096
29143,9840
29145,27166
29147,13481
29149,5011
29151,6652
29153,3516
29155,7899
29157,12550
29159,26027
29161,24264
29163,8648
29165,51438
29167,13084
29169,28533
29171,2469
29173,4415
29175,14278
29177,10209
29179,2618
29181,4971
29183,167817
29185,3774
29186,8179
29187,30930
29189,778906
29195,12731
29197,1738
29199,2565
29201,19760
29203,3396
29205,3367
29207,15454
29209,15580
29211,3801
29213,34017
29215,9658
29217,11070
29219,10657
29221,6605
29223,3842
29225,12187
29227,1127
29229,6866
29510,277982
30001,5768
30003,6368
30005,2957
30007,2282
30009,5408
30011,810
30013,50504
30015,2806
30017,7309
30019,1317
30021,5468
30023,4672
30025,2086
30027,7636
30029,62232
30031,68052
30033,796
30035,6209
30037,544
30039,1860
30041,10309
30043,5756
30045,954
30047,14336
30049,44760
30051,1014
30053,9623
30055,1233
30057,6261
30059,1131
30061,2106
30063,77642
30065,2009
30067,10132
30069,367
30071,2580
30073,3156
30075,1089
30077,3534
30079,618
30081,20202
30083,7204
30085,5255
30087,5862
30089,5840
30091,2417
30093,20003
30095,5293
30097,2882
30099,3655
30101,3371
30103,399
30105,4582
30107,1055
30109,661
30111,101917
31001,21185
31003,4683
31005,314
31007,447
31009,411
31011,3616
31013,7356
31015,1201
31017,2162
31019,34568
31021,3519
31023,4433
31025,9849
31027,5308
31029,2682
31031,3852
31033,7987
31035,3974
31037,6393
31039,6151
31041,7187
31043,13648
31045,5606
31047,15125
31049,1120
31051,3136
31053,22229
31055,399824
31057,1200
31059,3874
31061,1664
31063,1666
31065,2692
31067,14769
31069,1342
31071,1498
31073,909
31075,476
31077,1422
31079,41646
31081,5425
31083,1826
31085,639
31087,1531
31089,7342
31091,674
31093,3043
31095,5107
31097,2958
31099,3368
31101,5291
31103,553
31105,2560
31107,4412
31109,204327
31111,22977
31113,457
31115,343
31117,290
31119,27512
31121,3575
31123,2802
31125,1868
31127,4984
31129,2738
31131,9491
31133,1613
31135,2060
31137,6416
31139,3586
31141,24323
31143,2774
31145,7207
31147,4303
31149,1050
31151,8726
31153,79729
31155,7899
31157,23903
31159,9202
31161,3081
31163,1657
31165,725
31167,2470
31169,3500
31171,505
31173,3401
31175,2833
31177,10996
31179,6273
31181,1711
31183,621
31185,9932
32001,22215
32003,1172631
32005,32581
32007,25806
32009,448
32011,5518
32013,9992
32015,3308
32017,2140
32019,18634
32021,2484
32023,18570
32027,2406
32029,3371
32031,284906
32033,5214
32510,42933
33001,40275
33003,32547
33005,47856
33007,19648
33009,71369
33011,260125
33013,97259
33015,196482
33017,61843
33019,21471
34001,185663
34003,611256
34005,273939
34007,271809
34009,63130
34011,75487
34013,469702
34015,131355
34017,309974
34019,77410
34021,264486
34023,509699
34025,359334
34027,388632
34029,222736
34031,235676
34033,30611
34035,224927
34037,63867
34039,298781
34041,50511
35001,438743
35003,1703
35005,31023
35006,11119
35007,8146
35009,24193
35011,956
35013,90019
35015,29200
35017,14708
35019,2082
35021,712
35023,2287
35025,35456
35027,11731
35028,20840
35029,10446
35031,31516
35033,2065
35035,28646
35037,4483
35039,17915
35041,8910
35043,40763
35045,65875
35047,13172
35049,93595
35051,4823
35053,8600
35055,18914
35057,5820
35059,2379
35061,23673
36001,274390
36003,21121
36005,337063
36007,119062
36009,41671
36011,37061
36013,72476
36015,49109
36017,24336
36019,44352
36021,32391
36023,25085
36025,28095
36027,153605
36029,555083
36031,22055
36033,24355
36035,27580
36037,30765
36039,21149
36041,2799
36043,24733
36045,70950
36047,733121
36049,11104
36051,29659
36053,31558
36055,476242
36057,23414
36059,817931
36061,2803238
36063,90960
36065,136824
36067,308268
36069,66408
36071,179989
36073,15477
36075,44491
36077,30914
36079,40665
36081,739984
36083,70623
36085,138357
36087,153306
36089,49803
36091,109656
36093,74655
36095,13036
36097,9312
36099,16582
36101,48574
36103,813672
36105,36462
36107,19838
36109,67148
36111,87369
36113,46165
36115,22352
36117,37671
36119,578831
36121,18308
36123,9284
37001,83090
37003,16319
37005,6173
37007,10802
37009,14603
37011,13222
37013,24736
37015,9073
37017,17936
37019,45832
37021,160955
37023,51810
37025,93488
37027,37835
37029,3573
37031,37403
37033,5836
37035,105367
37037,38860
37039,13783
37041,7994
37043,3989
37045,47171
37047,25025
37049,63354
37051,202107
37053,9346
37055,29937
37057,74797
37059,17308
37061,26888
37063,231779
37065,27237
37067,235340
37069,22510
37071,98895
37073,2648
37075,4235
37077,26523
37079,9463
37081,351768
37083,23738
37085,42927
37087,27530
37089,50994
37091,11925
37093,13571
37095,3087
37097,85761
37099,23494
37101,72486
37103,3031
37105,35432
37107,34931
37109,28755
37111,21345
37113,18368
37115,8281
37117,11863
37119,712697
37121,7564
37123,13382
37125,45149
37127,54670
37129,135603
37131,8125
37133,103210
37135,80595
37137,4919
37139,23980
37141,16934
37143,3900
37145,14973
37147,91489
37149,8417
37151,65257
37153,19525
37155,54631
37157,40353
37159,57978
37161,29144
37163,26012
37165,17703
37167,27560
37169,13292
37171,42031
37173,7614
37175,15612
37177,1685
37179,79479
37181,19569
37183,571974
37185,5224
37187,5022
37189,31771
37191,60414
37193,32975
37195,47015
37197,14528
37199,7357
38001,1833
38003,7801
38005,3389
38007,790
38009,4448
38011,2402
38013,1609
38015,65226
38017,119373
38019,3103
38021,3752
38023,1518
38025,1851
38027,1449
38029,2298
38031,2443
38033,1208
38035,52132
38037,1653
38039,1945
38041,1690
38043,1808
38045,2518
38047,1510
38049,2820
38051,1998
38053,4402
38055,5284
38057,6454
38059,11680
38061,3438
38063,2110
38065,1163
38067,5538
38069,3062
38071,8085
38073,3529
38075,1585
38077,10923
38079,6575
38081,3377
38083,853
38085,2042
38087,514
38089,17363
38091,1283
38093,14336
38095,1800
38097,4528
38099,7591
38101,41660
38103,3105
38105,15100
39001,12624
39003,67946
39005,27838
39007,47449
39009,29984
39011,26310
39013,32471
39015,16902
39017,191579
39019,12031
39021,17117
39023,66828
39025,88713
39027,32662
39029,45480
39031,19841
39033,21073
39035,920571
39037,27980
39039,23232
39041,106557
39043,48646
39045,61655
39047,16505
39049,855192
39051,27687
39053,16822
39055,52740
39057,99989
39059,21031
39061,626196
39063,54819
39065,13055
39067,5105
39069,15248
39071,16947
39073,10367
39075,26988
39077,30712
39079,15469
39081,31980
39083,29713
39085,126107
39087,19330
39089,75997
39091,25674
39093,130264
39095,273923
39097,20410
39099,135493
39101,35959
39103,85216
39105,6249
39107,23470
39109,54173
39111,6463
39113,326514
39115,5007
39117,11180
39119,45462
39121,4866
39123,20115
39125,8136
39127,8990
39129,20517
39131,13491
39133,76792
39135,15709
39137,15857
39139,69308
39141,34704
39143,33197
39145,32654
39147,27551
39149,36503
39151,210819
39153,342914
39155,100931
39157,45665
39159,33130
39161,14971
39163,3560
39165,102759
39167,33611
39169,60587
39171,22055
39173,77437
39175,11501
40001,9409
40003,2893
40005,7037
40007,3792
40009,13900
40011,6315
40013,22907
40015,11977
40017,42810
40019,32092
40021,22386
40023,7538
40025,1998
40027,114518
40029,2473
40031,66121
40033,3285
40035,9700
40037,30244
40039,16661
40041,15469
40043,3003
40045,2553
40047,37148
40049,16098
40051,22410
40053,2778
40055,2407
40057,1569
40059,1992
40061,6606
40063,5834
40065,15940
40067,2357
40069,4792
40071,28642
40073,9197
40075,4323
40077,6402
40079,20790
40081,14502
40083,19150
40085,5450
40087,12323
40089,16208
40091,7980
40093,4995
40095,6865
40097,17712
40099,7590
40101,39861
40103,6785
40105,4145
40107,4674
40109,532156
40111,15722
40113,19087
40115,16200
40117,6215
40119,48371
40121,24683
40123,24564
40125,32006
40127,5318
40129,2000
40131,42269
40133,11593
40135,15937
40137,24357
40139,12815
40141,3660
40143,445827
40145,13292
40147,27539
40149,4645
40151,5486
40153,14226
41001,8914
41003,55068
41005,227622
41007,24223
41009,16702
41011,33036
41013,10885
41015,11478
41017,101571
41019,55012
41021,1367
41023,4169
41025,4265
41027,15547
41029,119924
41031,8924
41033,39620
41035,34484
41037,4288
41039,205468
41041,27070
41043,55579
41045,17375
41047,178532
41049,5796
41051,580427
41053,27257
41055,1295
41057,13751
41059,39337
41061,15418
41063,4731
41065,13731
41067,301083
41069,744
41071,45966
42001,53396
42003,864857
42005,30715
42007,75738
42009,24195
42011,225128
42013,75269
42015,31634
42017,367322
42019,104502
42021,76652
42023,3117
42025,24600
42027,107873
42029,330501
42031,21820
42033,41256
42035,18881
42037,36390
42039,45577
42041,159407
42043,223493
42045,287194
42047,19776
42049,162881
42051,60059
42053,3251
42055,76610
42057,7735
42059,17747
42061,19199
42063,47246
42065,22964
42067,11608
42069,129488
42071,304638
42073,41780
42075,63015
42077,222289
42079,174996
42081,67879
42083,23072
42085,63774
42087,22402
42089,80446
42091,613377
42093,20111
42095,129864
42097,40294
42099,13443
42101,764648
42103,18553
42105,9103
42107,67104
42109,22246
42111,35903
42113,2916
42115,16767
42117,18885
42119,22100
42121,26156
42123,21029
42125,104369
42127,21430
42129,177991
42131,12342
42133,226545
44001,23132
44003,103541
44005,55166
44007,358478
44009,73482
45001,11065
45003,83429
45005,5131
45007,85989
45009,7349
45011,9018
45013,99043
45015,65597
45017,8507
45019,286739
45021,25358
45023,13781
45025,18842
45027,12170
45029,16224
45031,28593
45033,12271
45035,37522
45037,8441
45039,8781
45041,84449
45043,37345
45045,308547
45047,37720
45049,7753
45051,152730
45053,11018
45055,27048
45057,25500
45059,26836
45061,6472
45063,140488
45065,2879
45067,14850
45069,9756
45071,17548
45073,30467
45075,44721
45077,51407
45079,270630
45081,5948
45083,153470
45085,54399
45087,10236
45089,12116
45091,97376
46003,1685
46005,11174
46007,1572
46009,3349
46011,22933
46013,27758
46015,3469
46017,695
46019,5158
46021,1003
46023,5615
46025,2218
46027,11880
46029,21188
46031,1579
46033,5256
46035,15429
46037,3511
46039,3096
46041,2837
46043,1762
46045,2414
46047,3561
46049,1271
46051,5749
46053,2899
46055,1511
46057,2445
46059,2346
46061,1337
46063,998
46065,13286
46067,4275
46069,1001
46071,1312
46073,2032
46075,857
46077,2911
46079,7118
46081,16364
46083,23224
46085,2330
46087,2894
46089,1211
46091,2507
46093,17691
46095,791
46097,1489
46099,139771
46101,3597
46103,63222
46105,2173
46107,1470
46109,5425
46111,1263
46113,4780
46115,3678
46117,1845
46119,1022
46121,3571
46123,3825
46125,3956
46127,11845
46129,3623
46135,14502
46137,730
47001,52333
47003,27006
47005,7113
47007,4193
47009,62382
47011,49279
47013,15059
47015,5969
47017,13411
47019,21179
47021,17346
47023,6910
47025,14277
47027,4224
47029,12851
47031,33278
47033,6473
47035,26197
47037,555870
47039,6670
47041,9411
47043,24765
47045,24995
47047,22990
47049,8375
47051,16165
47053,22800
47055,14700
47057,7339
47059,37241
47061,5303
47063,40349
47065,248429
47067,2018
47069,10513
47071,13213
47073,18680
47075,8698
47077,12709
47079,16923
47081,7224
47083,3145
47085,8771
47087,7087
47089,20740
47091,6466
47093,304554
47095,1993
47097,9698
47099,18175
47101,4628
47103,15627
47105,19701
47107,27263
47109,10569
47111,9775
47113,69949
47115,10907
47117,13431
47119,43459
47121,6175
47123,18697
47125,64583
47127,2500
47129,6577
47131,18042
47133,8767
47135,3783
47137,1913
47139,4341
47141,43795
47143,15128
47145,21992
47147,29562
47149,137474
47151,9191
47153,4823
47155,53036
47157,644208
47159,8285
47161,4138
47163,94085
47165,57036
47167,17513
47169,5370
47171,7625
47173,4917
47175,2164
47177,19070
47179,78143
47181,6221
47183,16795
47185,11344
47187,117836
47189,52942
48001,26348
48003,7070
48005,49454
48007,10904
48009,4126
48011,1121
48013,17908
48015,18542
48017,3930
48019,8083
48021,25626
48023,2177
48025,12306
48027,185238
48029,988345
48031,7699
48033,442
48035,8100
48037,52956
48039,128627
48041,103362
48043,6312
48045,975
48047,3641
48049,22805
48051,7715
48053,26585
48055,12600
48057,13294
48059,5482
48061,167522
48063,5812
48065,6160
48067,13115
48069,3684
48071,13480
48073,24107
48075,3679
48077,5770
48079,1646
48081,1948
48083,5009
48085,415500
48087,1839
48089,12471
48091,54705
48093,8170
48095,1988
48097,27757
48099,22519
48101,1003
48103,2089
48105,2172
48107,2485
48109,1612
48111,5190
48113,1908106
48115,6580
48117,10061
48119,2366
48121,234571
48123,12078
48125,1455
48127,4373
48129,1967
48131,5660
48133,10762
48135,76018
48137,1491
48139,57531
48141,370990
48143,23187
48145,7709
48147,13785
48149,15613
48151,1994
48153,3388
48155,801
48157,219645
48159,6803
48161,10824
48163,6744
48165,7651
48167,136420
48169,3350
48171,16614
48173,699
48175,3291
48177,10649
48179,12863
48181,58709
48183,97256
48185,11588
48187,40429
48189,18674
48191,1778
48193,4464
48195,3243
48197,2212
48199,20867
48201,2625471
48203,32691
48205,2044
48207,3042
48209,70456
48211,3109
48213,30164
48215,297621
48217,16141
48219,12230
48221,18503
48223,18794
48225,10240
48227,16534
48229,1497
48231,43614
48233,10909
48235,1113
48237,5148
48239,7422
48241,18859
48243,1314
48245,155978
48247,2582
48249,23258
48251,64791
48253,8960
48255,6929
48257,39831
48259,15526
48261,444
48263,679
48265,30119
48267,3117
48269,260
48271,1344
48273,16155
48275,2040
48277,30685
48279,6713
48281,8170
48283,2926
48285,11392
48287,9680
48289,9502
48291,28905
48293,12616
48295,2014
48297,5342
48299,7368
48301,64
48303,163031
48305,2365
48307,4942
48309,135900
48311,594
48313,6273
48315,4110
48317,2365
48319,2709
48321,16372
48323,20035
48325,15891
48327,1374
48329,96373
48331,12125
48333,3166
48335,3797
48337,10440
48339,178873
48341,11909
48343,6518
48345,930
48347,30031
48349,25202
48351,3434
48353,8904
48355,201833
48357,6779
48359,1153
48361,32655
48363,13274
48365,13224
48367,50619
48369,6394
48371,7317
48373,17089
48375,105890
48377,2653
48379,4546
48381,38929
48383,2661
48385,1532
48387,5188
48389,5046
48391,3389
48393,573
48395,7223
48397,29586
48399,5398
48401,20199
48403,3776
48405,3017
48407,5656
48409,26782
48411,3494
48413,1775
48415,9112
48417,2255
48419,12097
48421,1474
48423,128070
48425,5950
48427,21091
48429,5343
48431,838
48433,1275
48435,3573
48437,3519
48439,1025897
48441,83218
48443,609
48445,5987
48447,1099
48449,21012
48451,64524
48453,765573
48455,4771
48457,6718
48459,11747
48461,1899
48463,13329
48465,24348
48467,19080
48469,53010
48471,29391
48473,18372
48475,5037
48477,21940
48479,112321
48481,21696
48483,3539
48485,81576
48487,9174
48489,5926
48491,159244
48493,12693
48495,3535
48497,31777
48499,15584
48501,4747
48503,12044
48505,5357
48507,4664
49001,3500
49003,27124
49005,64382
49007,12254
49009,688
49011,155278
49013,11115
49015,5788
49017,3462
49019,6711
49021,24335
49023,4950
49025,4575
49027,6630
49029,3720
49031,707
49033,1385
49035,761781
49037,6487
49039,11722
49041,11413
49043,34248
49045,21665
49047,19274
49049,257836
49051,11014
49053,74920
49055,1690
49057,123969
50001,25169
50003,26833
50005,18981
50007,123434
50009,2424
50011,24017
50013,2644
50015,16444
50017,14740
50019,15539
50021,40148
50023,45026
50025,33650
50027,36076
51001,18278
51007,5398
51009,14040
51011,5765
51013,199809
51017,2977
51021,3128
51023,17616
51025,6870
51027,10554
51029,6360
51033,10122
51036,2686
51037,5098
51041,169805
51043,7068
51045,1770
51047,21911
51049,2183
51051,5043
51057,5617
51061,36467
51063,6209
51065,6962
51067,22027
51071,6762
51073,15263
51075,18664
51077,4664
51079,5406
51083,17104
51085,58487
51087,217463
51091,1315
51093,16889
51097,2531
51099,15313
51101,5433
51103,7338
51105,9322
51107,169704
51109,17032
51111,4447
51113,6800
51115,4550
51117,17079
51119,5288
51125,5775
51127,5658
51131,7231
51133,4817
51135,7891
51137,12002
51139,8972
51141,7921
51145,10406
51147,11836
51155,18101
51157,4123
51159,3961
51167,11516
51169,8015
51171,20843
51173,17749
51179,45794
51181,3007
51183,4577
51185,22129
51187,16527
51193,6256
51197,15756
51510,121329
51550,125794
51650,81056
51700,118907
51710,225280
51740,57576
51760,177830
51770,80279
51800,33544
51810,256089
53001,8665
53003,8567
53005,90793
53007,51693
53009,36910
53011,189437
53013,1980
53015,48418
53017,12601
53019,2792
53021,30607
53023,1257
53025,40578
53027,33789
53029,37559
53031,14718
53033,1523857
53035,128045
53037,20566
53039,9820
53041,36177
53043,4842
53045,21555
53047,23807
53049,9869
53051,4467
53053,391194
53055,11054
53057,67144
53059,3284
53061,340020
53063,278576
53065,16408
53067,132349
53069,1629
53071,33203
53073,113881
53075,23040
53077,119077
54001,5656
54003,41667
54005,10453
54007,5896
54009,12040
54011,66728
54013,2833
54015,2997
54017,2834
54019,17077
54021,3184
54023,6167
54025,19014
54027,7775
54029,13458
54031,8452
54033,43179
54035,12730
54037,21176
54039,134461
54041,7905
54043,4710
54045,13561
54047,6320
54049,28125
54051,18208
54053,9747
54055,28848
54057,10177
54059,10278
54061,61260
54063,4303
54065,4925
54067,11399
54069,32450
54071,3416
54073,4583
54075,5013
54077,11794
54079,26131
54081,40657
54083,16108
54085,5216
54087,6035
54089,3885
54091,4562
54093,3679
54095,3409
54097,11600
54099,12055
54101,3186
54103,6150
54105,1488
54107,51265
54109,6699
55001,9770
55003,11849
55005,30886
55007,7561
55009,182953
55011,10210
55013,9011
55015,22995
55017,32146
55019,17897
55021,30898
55023,13075
55025,384607
55027,50197
55029,20456
55031,21387
55033,23705
55035,74079
55037,1585
55039,60227
55041,5321
55043,28322
55045,22763
55047,11095
55049,16760
55051,3805
55053,12593
55055,49629
55057,12824
55059,76329
55061,10084
55063,84179
55065,7235
55067,11471
55069,15955
55071,44569
55073,92386
55075,26575
55077,6067
55078,2345
55079,606464
55081,27264
55083,14676
55085,26768
55087,128027
55089,54156
55091,3517
55093,17687
55095,22779
55097,44410
55099,8806
55101,93856
55103,9844
55105,85759
55107,8381
55109,41377
55111,47240
55113,11244
55115,20219
55117,78633
55119,12312
55121,17429
55123,14448
55125,10637
55127,55579
55129,7515
55131,68491
55133,286600
55135,26833
55137,9171
55139,107567
55141,52293
56001,21450
56003,6676
56005,32351
56007,11036
56009,7772
56011,4169
56013,24198
56015,7317
56017,3154
56019,5907
56021,61223
56023,11036
56025,53521
56027,1741
56029,20268
56031,5696
56033,20152
56035,7673
56037,30707
56039,26940
56041,13218
56043,5639
56045,5127
