0,0.39693576
1,0.78817785
2,0.81205577
3,0.43550792
4,0.4495449
5,0.5670603
6,0.7705757
7,0.8655658
8,0.5103369
9,0.50243247
10,0.5080578
11,0.79322994
12,0.8690062
13,0.68342793
14,0.4318147
15,0.6580857
16,0.6601538
17,0.64539087
18,0.28388616
19,0.86564875
20,0.62283933
21,0.76088643
22,0.63493234
23,0.8871998
24,0.7795205
25,0.40758806
26,0.82616615
27,0.7778405
28,0.61781514
29,0.659501
30,0.546611
31,0.63526416
32,0.5690538
33,0.5075644
34,0.878054
35,0.73272383
36,0.91166794
37,0.6178681
38,0.7266891
39,0.4517688
40,0.72139955
41,0.59031653
42,0.44034743
43,0.5368145
44,0.95543915
45,0.7392742
46,0.7268283
47,0.739164
48,0.9323075
49,0.86473006
50,0.93330777
51,0.6910059
52,0.5815449
53,0.54448605
54,0.83216554
55,0.6136379
56,0.39188963
57,0.40560514
58,0.50127375
59,0.74813735
60,0.6588018
61,0.71591717
62,0.9134323
63,0.7192185
64,0.58798724
65,0.7767682
66,0.6376479
67,1
68,1
69,0.9986494
70,1
71,0.9964803
72,1
73,1
74,1
75,0.9971992
76,1
77,1
78,0.9954585
79,1
80,1
81,0.841113
82,1
83,1
84,1
85,0.9878527
86,1
87,0.9916392
88,1
89,1
90,1
91,1
92,1
93,1
94,0.9366594
95,0.99782753
96,1
97,0.9937608
98,0.89325064
99,0.95857024
100,0.99721897
101,0.9992043
102,1
103,0.96886206
104,0.9973695
105,0.6580048
106,0.9738988
107,1
108,0.9996809
109,0.94468445
110,0.89323634
111,0.90679777
112,0.8352556
113,0.8884822
114,0.84010625
115,0.49142128
116,0.8941996
117,0.7934579
118,0.8219604
119,0.6455705
120,0.80209863
121,0.40450114
122,0.8905428
123,0.64773846
124,0.9110501
125,0.5715294
126,0.63696957
127,0.7076962
128,0.70321006
129,0.82140875
130,0.76921314
131,0.6904047
132,0.6355666
133,0.6735524
134,0.8997291
135,0.472617
136,0.8078593
137,0.7456688
138,0.56115824
139,0.83912665
140,0.88793916
141,0.69113183
142,0.82010394
143,0.87246144
144,0.84242266
145,0.5386445
146,0.6543444
147,0.6763197
148,0.58734787
149,0.5886424
150,0.67233235
151,0.41131303
152,0.6319642
153,0.65066457
154,0.52636033
155,0.92961323
156,0.68558055
157,0.69979244
158,0.52836543
159,0.556575
160,0.70225966
161,0.42498922
162,0.83662826
163,0.59441596
164,0.58910877
165,0.92888886
166,0.87924635
167,0.5388729
168,0.959772
169,0.74974287
170,0.7555489
171,0.4020614
172,0.780189
173,0.7340817
174,0.8776385
175,0.8075256
176,0.6283722
177,0.84677625
178,0.964499
179,0.70133066
180,0.8431211
181,0.79403996
182,0.7080064
183,0.66308546
184,0.7225177
185,0.618035
186,0.783606
187,0.9456088
188,0.638671
189,0.83430934
190,0.6562641
191,0.9713286
192,0.68939906
193,0.9551877
194,0.76549083
195,0.998299
196,0.99000514
197,1
198,0.99399763
199,0.86967945
200,0.8112486
201,0.96434367
202,0.958092
203,0.73729384
204,0.7143846
205,0.8062522
206,0.9853827
207,0.80796385
208,0.97505224
209,0.99879014
210,0.96274996
211,0.8330295
212,0.8295229
213,0.90291774
214,0.73451453
215,0.9364669
216,0.96963227
217,0.8779899
218,0.6142973
219,1
220,0.99576294
221,0.8535417
222,0.7859253
223,0.9654194
224,0.6445641
225,0.9757279
226,0.9000149
227,0.8183517
228,0.9830566
229,0.64420736
230,0.9839432
231,0.6341456
232,0.8780114
233,0.8272221
234,0.6246156
235,0.790884
236,0.9015856
237,0.93959117
238,0.9371735
239,0.8426953
240,0.6751146
241,0.5025417
242,0.46170095
243,0.8687959
244,0.5779124
245,0.95205206
246,0.9736433
247,0.72353595
248,0.8475452
249,0.31451926
250,0.97134656
251,0.9397894
252,0.64383537
253,0.56037915
254,0.73330486
255,0.6359904
256,0.7984896
257,0.8310944
258,0.61803055
259,0.756362
260,0.4114889
261,0.8843889
262,0.4104024
263,0.9733097
264,0.8937881
265,0.85456705
266,0.414002
267,0.9327593
268,0.9835941
269,0.96246237
270,0.8674461
271,0.9155267
272,0.51960546
273,0.89069873
274,0.9516511
275,0.5548817
276,0.9747779
277,0.9059563
278,0.96797866
279,0.9445705
280,0.92178255
281,0.9641949
282,0.9389906
283,0.84111536
284,0.91233945
285,0.87443215
286,0.92845094
287,0.92053956
288,0.80518913
289,0.5226728
290,0.82475054
291,0.94288397
292,0.9343359
293,0.92835975
294,0.9153514
295,0.7922262
296,0.98891973
297,0.65570414
298,0.9095786
299,0.9836104
300,0.80655473
301,0.9397483
302,0.6543149
303,0.7852467
304,0.73512644
305,0.96959937
306,0.8210418
307,0.8714808
308,0.5869897
309,0.54731697
310,0.7459992
311,0.8406971
312,0.40946326
313,0.5679681
314,0.7792848
315,0.8563715
316,0.81709915
317,0.70149106
318,0.961262
319,0.5182922
320,0.9740264
321,0.564264
322,0.9529377
323,0.8172458
324,0.56226367
325,0.760715
326,0.8361116
327,0.44124815
328,0.94306725
329,0.78215873
330,0.7391502
331,0.6479736
332,0.9532353
333,0.9187731
334,0.6036239
335,0.90439814
336,0.5211426
337,0.4051979
338,0.57872814
339,0.7261079
340,0.56441844
341,0.79048324
342,0.824006
343,0.6863832
344,0.9322952
345,0.90806115
346,0.5887889
347,0.88710713
348,0.78126013
349,0.5522747
350,0.57114387
351,0.65533924
352,0.9206447
353,0.95277214
354,0.5567748
355,0.58264655
356,0.6585904
357,0.7677696
358,0.88868153
359,0.71604234
360,0.9366454
361,0.97407454
362,0.5567781
363,0.9342054
364,0.799912
365,0.88616085
366,0.48474312
367,0.9104495
368,0.49840283
369,0.8903729
370,0.8472061
371,0.6892911
372,0.5762255
373,0.6646909
374,0.5109558
375,0.8593449
376,0.5882245
377,0.5823071
378,0.68835604
379,0.8861522
380,0.57600576
381,0.8132115
382,0.45645607
383,0.71571165
384,0.5748067
385,0.75599194
386,0.566837
387,0.7729197
388,0.4799606
389,0.8248388
390,0.41765493
391,0.44519937
392,0.62911874
393,0.8065833
394,0.5436474
395,0.87121195
396,0.61414313
397,0.37243766
398,0.41364577
399,0.3413501
400,0.77641654
401,0.57040745
402,0.43815142
403,0.6230717
404,0.76955956
405,0.6154047
406,0.6264215
407,0.36599797
408,0.43243107
409,0.9521499
410,0.7775114
411,0.6072904
412,0.43074492
413,0.8241799
414,0.5515089
415,0.41129866
416,0.8017308
417,0.60146046
418,0.90376496
419,0.7869399
420,0.40292814
421,0.50069135
422,0.47660825
423,0.31564936
424,0.7841719
425,0.42325935
426,0.4613809
427,0.73828095
428,0.50928366
429,0.6664041
430,0.6256335
431,0.8749286
432,0.4000831
433,0.7425342
434,0.45436993
435,0.373896
436,0.75625986
437,0.7500477
438,0.6324384
439,0.6936055
440,0.4932279
441,0.82503015
442,0.4525386
443,0.6000441
444,0.72549987
445,0.72285193
446,0.3554119
447,0.9609036
448,0.69370675
449,0.5738339
450,0.72125673
451,0.57958674
452,0.6919202
453,0.72685355
454,0.4253328
455,0.48566648
456,0.311257
457,0.63032895
458,0.33745086
459,0.38009477
460,0.78805995
461,0.45994988
462,0.4655093
463,0.42714047
464,0.68053144
465,0.69555664
466,0.599492
467,0.4488163
468,0.27816898
469,0.3924856
470,0.40120605
471,0.8868565
472,0.2750814
473,0.78363395
474,0.45058224
475,0.17968525
476,0.94051427
477,0.5194067
478,0.6728713
479,0.5397809
480,0.63003117
481,0.36095393
482,0.4726531
483,0.42394173
484,0.490836
485,0.68919975
486,0.37789366
487,0.39695156
488,0.6134376
489,0.49598318
490,0.8606609
491,0.34847802
492,0.36946276
493,0.32262373
494,0.30594552
495,0.34189928
496,0.5441725
497,0.5042532
498,0.32392254
499,0.56804436
500,0.50424814
501,0.63545054
502,0.3455879
503,0.7945538
504,0.67636836
505,0.7884093
506,0.41854966
507,0.52015364
508,0.7272194
509,0.6301493
510,0.5496582
511,0.7202217
512,0.49498582
513,0.8394917
514,0.24781542
515,0.28307948
516,0.59165555
517,0.5847534
518,0.64172965
519,0.51192516
520,0.8527669
521,0.8749712
522,0.78943366
523,0.7964107
524,0.51095587
525,0.81354374
526,0.60743827
527,0.30642033
528,0.7234458
529,0.6677191
530,0.37348413
531,0.3943095
532,0.84659344
533,0.4081689
534,0.83637017
535,0.77378833
536,0.42230305
537,0.53237087
538,0.5372707
539,0.8566137
540,0.53224593
541,0.75643426
542,0.5004306
543,0.40350667
544,1
545,1
546,1
547,1
548,0.9456666
549,0.7973817
550,0.9342934
551,0.8200708
552,0.8677706
553,0.711408
554,0.99568284
555,0.53252894
556,0.91540956
557,0.9172277
558,0.8994974
559,0.98224956
560,0.6775699
561,0.6599169
562,0.9376775
563,0.82582796
564,0.8223549
565,0.9387213
566,0.8861742
567,0.8841579
568,0.73426104
569,0.6210666
570,0.56744486
571,0.7696188
572,0.907362
573,0.5125434
574,0.6474588
575,0.8560487
576,0.82231396
577,0.98755956
578,0.70514244
579,0.50329256
580,0.79911834
581,0.69411486
582,0.84713125
583,0.8236774
584,0.8536403
585,0.67428136
586,0.7222394
587,0.8832064
588,0.57727194
589,0.92116237
590,0.9804754
591,0.85211915
592,0.93345386
593,0.4017713
594,0.60731494
595,0.4098583
596,0.7550573
597,0.6895302
598,0.52602094
599,0.6458272
600,0.68030566
601,0.9597176
602,0.65588516
603,0.60589474
604,0.81863844
605,0.59054285
606,0.86257267
607,0.8914972
608,0.8280138
609,0.4422744
610,0.6307388
611,0.54014266
612,0.65732336
613,0.6206365
614,0.6915748
615,0.64655644
616,0.9076733
617,0.68953073
618,0.59319013
619,0.5829969
620,0.6300971
621,0.44046402
622,0.545665
623,0.4995314
624,0.5850245
625,0.59578705
626,0.64547825
627,0.4525146
628,0.6156561
629,0.6922162
630,0.84140325
631,0.5649272
632,0.8684432
633,0.4592054
634,0.69262654
635,0.55084157
636,0.56694895
637,0.81117535
638,0.27911648
639,0.8237151
640,0.7199992
641,0.7545791
642,0.62222457
643,0.6437174
644,0.75958985
645,0.70350325
646,0.90021485
647,0.56166184
648,0.93080336
649,0.92627496
650,0.5391387
651,0.6358548
652,0.70535666
653,0.49955595
654,0.54397506
655,0.51084954
656,0.39703843
657,0.45335314
658,0.41379258
659,0.72181094
660,0.7847319
661,0.56011254
662,0.59034526
663,0.82084227
664,0.58975726
665,0.4460883
666,0.70577204
667,0.35924393
668,0.51890916
669,0.4183864
670,0.68274754
671,0.7891741
672,0.7352872
673,0.6581432
674,0.7698597
675,0.9509029
676,0.57840234
677,0.47334057
678,0.5157961
679,0.48096448
680,0.7816914
681,0.62113464
682,0.62323517
683,0.85578346
684,0.6406651
685,0.6612322
686,0.57954293
687,0.6966656
688,0.66264236
689,0.7331769
690,0.45059562
691,0.70432836
692,0.8649905
693,0.44370112
694,0.73750937
695,0.923008
696,0.83860195
697,0.5469951
698,0.542305
699,0.48868915
700,0.5059928
701,0.5437863
702,0.7487449
703,0.5031168
704,0.54883826
705,0.60596985
706,0.42338198
707,0.73504096
708,0.45374677
709,0.71867645
710,0.6326626
711,0.84345645
712,0.90389997
713,0.893938
714,0.6918882
715,0.43041033
716,0.5349998
717,0.40305167
718,0.64951533
719,0.6715905
720,0.83108336
721,0.5416051
722,0.53733003
723,0.47209215
724,0.464317
725,0.43360555
726,0.57026684
727,0.85152894
728,0.6739786
729,0.7860132
730,0.6476117
731,0.64709294
732,0.79296476
733,0.55672467
734,0.49101484
735,0.83089834
736,0.78270763
737,0.60733414
738,0.7134408
739,0.7605402
740,0.6857281
741,0.60369176
742,0.8315587
743,0.6494162
744,0.5164089
745,0.57682717
746,0.8990796
747,0.77865535
748,0.39640898
749,0.48563975
750,0.6155269
751,0.29117626
752,0.70988107
753,0.4394655
754,0.5242012
755,0.64724773
756,0.41494927
757,0.56830496
758,0.5203645
759,0.66643167
760,0.6392013
761,0.55169684
762,0.5760746
763,0.49082726
764,0.8351163
765,0.5404348
766,0.5637507
767,0.49978212
768,0.47175875
769,0.681294
770,0.56111825
771,0.40741745
772,0.9159609
773,0.45158648
774,0.41562054
775,0.8811383
776,0.49864033
777,0.91437596
778,0.73529685
779,0.39956102
780,0.402819
781,0.5330907
782,0.86533934
783,0.5806077
784,0.5941783
785,0.45514807
786,0.70226514
787,0.7290505
788,0.73111635
789,0.8004785
790,0.70594144
791,0.47587135
792,0.94132626
793,0.6054092
794,0.63627553
795,0.58361846
796,0.8942441
797,0.522884
798,0.69649047
799,0.9215965
800,0.8527281
801,0.5136229
802,0.8968532
803,0.82875794
804,0.716944
805,0.77231133
806,0.85766345
807,0.6685111
808,0.7879617
809,0.8519173
810,0.40900114
811,0.6816879
812,0.7471919
813,0.6810245
814,0.8788526
815,0.8286601
816,0.9330542
817,0.7394887
818,0.716206
819,0.6564171
820,0.7285318
821,0.5967632
822,0.7184219
823,0.5640929
824,0.5324925
825,0.75843036
826,0.75115913
827,0.80943793
828,0.5594415
829,0.7727655
830,0.78160757
831,0.7268116
832,0.8200273
833,0.70011264
834,0.6400724
835,0.63051814
836,0.8673621
837,0.8771395
838,0.59864885
839,0.5386855
840,0.83966357
841,0.8185401
842,0.91137856
843,0.5520366
844,0.7501026
845,0.6532698
846,0.46962726
847,0.6715208
848,0.7949031
849,0.846612
850,0.49946347
851,0.7619609
852,0.7072449
853,0.6519246
854,0.7640889
855,0.80974555
856,0.74596924
857,0.6710472
858,0.78820294
859,0.7479304
860,0.6959684
861,0.7282101
862,0.92256284
863,0.5829415
864,0.8334462
865,0.7671182
866,0.6694817
867,0.77781177
868,0.77806854
869,0.90995747
870,0.8020652
871,0.5906771
872,0.6365576
873,0.8842129
874,0.60874236
875,0.85240906
876,0.3693718
877,0.6222374
878,0.68880737
879,0.87509423
880,0.73128915
881,0.8472615
882,0.80711573
883,0.50652134
884,0.76725096
885,0.8468143
886,0.6831616
887,0.75496614
888,0.88663155
889,0.9277132
890,0.8561256
891,0.77167803
892,0.5736587
893,0.86160094
894,0.73500746
895,0.6192381
896,0.8842199
897,0.84178025
898,0.7966416
899,0.8373681
900,0.81583405
901,0.92408395
902,0.85924727
903,0.83975
904,0.86721754
905,0.65756947
906,0.4857211
907,0.7632891
908,0.7477893
909,0.6826859
910,0.96346515
911,0.8161937
912,0.9547176
913,0.9578686
914,0.65755236
915,0.8309261
916,0.8930204
917,0.90480024
918,0.92522156
919,0.78089297
920,0.9523892
921,0.6324679
922,0.9483189
923,0.8657529
924,0.75123054
925,0.7449256
926,0.77163446
927,0.6680079
928,0.3859006
929,0.7887119
930,0.7412966
931,0.7128529
932,0.7025201
933,0.8726965
934,0.8760044
935,0.92262024
936,0.648375
937,0.7303978
938,0.58130074
939,0.8227663
940,0.91164154
941,0.8642857
942,0.6705298
943,0.91811955
944,0.7759236
945,0.40477508
946,0.9496079
947,0.8957535
948,0.59469676
949,0.86215407
950,0.80238634
951,0.8145423
952,0.9444022
953,0.9387086
954,0.46174303
955,0.830996
956,0.5354674
957,0.9323959
958,0.89741397
959,0.6373221
960,0.9117716
961,0.9264995
962,0.8875043
963,0.852141
964,0.707217
965,0.6970403
966,0.78907925
967,0.7281269
968,0.75379837
969,0.94175905
970,0.8984725
971,0.9674157
972,0.9219099
973,0.9366865
974,0.85174185
975,0.9446573
976,0.88208956
977,0.7366383
978,0.82692355
979,0.767274
980,0.56430763
981,0.8701529
982,0.8151813
983,0.43389967
984,0.91448355
985,0.74082017
986,0.8558259
987,0.78314185
988,0.58687896
989,0.4733713
990,0.67840594
991,0.6015819
992,0.36036363
993,0.51645344
994,0.79600465
995,0.45858854
996,0.7528925
997,0.540636
998,0.56436026
999,0.7259289
1000,0.6790812
1001,0.46720746
1002,0.6904451
1003,0.6157832
1004,0.33925486
1005,0.5778653
1006,0.6229446
1007,0.83021265
1008,0.3848682
1009,0.52590626
1010,0.76867115
1011,0.6297055
1012,0.6832471
1013,0.90663517
1014,0.6157959
1015,0.74606854
1016,0.8484116
1017,0.58081627
1018,0.75853276
1019,0.8863817
1020,0.38422316
1021,0.5563617
1022,0.51410896
1023,0.86503774
1024,0.6393088
1025,0.732135
1026,0.8166361
1027,0.5850837
1028,0.36970446
1029,0.38491115
1030,0.42038283
1031,0.69178337
1032,0.76368284
1033,0.5297508
1034,0.45069003
1035,0.56229997
1036,0.86657244
1037,0.8581444
1038,0.5963924
1039,0.59849304
1040,0.6972724
1041,0.45425373
1042,0.5656262
1043,0.80925256
1044,0.60081214
1045,0.9302324
1046,0.4808168
1047,0.64265937
1048,0.41342732
1049,0.5220754
1050,0.69491833
1051,0.5062052
1052,0.78256226
1053,0.59763634
1054,0.6407835
1055,0.581545
1056,0.66517764
1057,0.56939244
1058,0.45422167
1059,0.40660027
1060,0.72031915
1061,0.5445572
1062,0.85851943
1063,0.64235985
1064,0.4661778
1065,0.71603787
1066,0.7140522
1067,0.751684
1068,0.60051614
1069,0.6375169
1070,0.7662129
1071,0.3502642
1072,0.43615228
1073,0.5566345
1074,0.57755935
1075,0.7554455
1076,0.6691561
1077,0.73918706
1078,0.7440157
1079,0.64061606
1080,0.46153283
1081,0.6851783
1082,0.35123903
1083,0.42455804
1084,0.6040027
1085,0.39244053
1086,0.87356526
1087,0.86463624
1088,0.52375925
1089,0.8955998
1090,0.48240215
1091,0.54396814
1092,0.81996197
1093,0.8057285
1094,0.5667285
1095,0.50857043
1096,0.7245079
1097,0.23806292
1098,0.8080854
1099,0.5105196
1100,0.62555414
1101,0.2749225
1102,0.71731627
1103,0.8983562
1104,0.50824803
1105,0.7677727
1106,0.5013471
1107,0.67469037
1108,0.5968073
1109,0.5293826
1110,0.59210813
1111,0.7413196
1112,0.63710034
1113,0.43618605
1114,0.76237
1115,0.61121726
1116,0.5185455
1117,0.5661625
1118,0.85643613
1119,0.9583719
1120,0.6656868
1121,0.49930793
1122,0.71431184
1123,0.5935896
1124,0.63531387
1125,0.47853023
1126,0.8918545
1127,0.7916936
1128,0.48510382
1129,0.60607094
1130,0.78545105
1131,0.39178842
1132,0.79997826
1133,0.5274641
1134,0.5413676
1135,0.7204078
1136,0.61305
1137,0.90232724
1138,0.75840014
1139,0.7749015
1140,0.80263364
1141,0.38842863
1142,0.73566294
1143,0.67620057
1144,0.8833555
1145,0.7630086
1146,0.94309235
1147,0.7574721
1148,0.5767032
1149,0.95152783
1150,0.65991515
1151,0.64120793
1152,0.79247224
1153,0.54380894
1154,0.45537928
1155,0.47614726
1156,0.46775925
1157,0.49424446
1158,0.6461303
1159,0.41115683
1160,0.8819439
1161,0.730432
1162,0.7445158
1163,0.8387176
1164,0.85718066
1165,0.5050225
1166,0.5766104
1167,0.9049767
1168,0.72846293
1169,0.66684306
1170,0.40161034
1171,0.69493705
1172,0.5672864
1173,0.8110703
1174,0.73923683
1175,0.99958783
1176,0.9004308
1177,0.87338775
1178,0.931755
1179,0.8633142
1180,0.8971301
1181,0.6962415
1182,0.6943367
1183,0.9647676
1184,0.8210029
1185,0.46015197
1186,0.9086408
1187,0.6947025
1188,0.96369255
1189,0.6529057
1190,0.8758455
1191,0.6249902
1192,0.57036644
1193,0.4529276
1194,0.4494229
1195,0.49694228
1196,0.48739174
1197,0.4363137
1198,0.6762796
1199,0.5898148
1200,0.84527373
1201,0.55000913
1202,0.41113567
1203,0.7580881
1204,0.64942545
1205,0.43953744
1206,0.47618356
1207,0.76431954
1208,0.62220466
1209,0.7566995
1210,0.6825541
1211,0.77066123
1212,0.7596671
1213,0.5554757
1214,0.9156253
1215,0.95202756
1216,0.6400049
1217,0.9872377
1218,0.6649121
1219,0.6769531
1220,0.81695634
1221,0.64210784
1222,0.7032748
1223,0.9929895
1224,0.47949004
1225,0.5794286
1226,0.6765165
1227,0.7460264
1228,0.6691405
1229,0.91286665
1230,0.60986686
1231,0.9494577
1232,0.6720257
1233,0.7274022
1234,0.9092159
1235,0.53736925
1236,0.6431874
1237,0.6375545
1238,0.8392502
1239,0.71804655
1240,0.8300217
1241,0.38755858
1242,0.75071007
1243,0.75398004
1244,0.959028
1245,0.6939214
1246,0.41689652
1247,0.72933525
1248,0.92038
1249,0.9220034
1250,0.41700622
1251,0.88481385
1252,0.777893
1253,0.546385
1254,0.79368263
1255,0.93132836
1256,0.70394045
1257,0.6908792
1258,0.9430256
1259,0.91167957
1260,0.83893687
1261,0.5266118
1262,0.9123806
1263,0.88685757
1264,0.83444726
1265,0.7791162
1266,0.88415444
1267,0.47428575
1268,0.9422247
1269,0.54564893
1270,0.60276115
1271,0.49594104
1272,0.6177679
1273,0.676845
1274,0.46518344
1275,0.938165
1276,0.8705107
1277,0.593346
1278,0.8123992
1279,0.97872466
1280,0.8649162
1281,0.7617132
1282,0.5770911
1283,0.7434285
1284,0.5607919
1285,0.51312715
1286,0.5125646
1287,0.70239776
1288,0.8118044
1289,0.6084267
1290,0.7377343
1291,0.64326787
1292,0.7998977
1293,0.8632234
1294,0.579892
1295,0.7721845
1296,0.874273
1297,0.6836336
1298,0.73453045
1299,0.74905246
1300,0.8102608
1301,0.6680719
1302,0.7065217
1303,0.6902065
1304,0.94833595
1305,0.48967108
1306,0.53009826
1307,0.55797684
1308,0.7910785
1309,0.7549245
1310,0.7776731
1311,0.7939239
1312,0.42792338
1313,0.850404
1314,0.9344595
1315,0.488382
1316,0.74973786
1317,0.80508614
1318,0.8819076
1319,0.81206554
1320,0.43929562
1321,0.76517665
1322,0.76885027
1323,0.41982648
1324,0.48243737
1325,0.7424744
1326,0.9970224
1327,0.8473478
1328,0.8897266
1329,0.5118979
1330,0.48388642
1331,0.88090986
1332,0.748813
1333,0.65402484
1334,0.79890925
1335,0.67976594
1336,0.6681366
1337,0.8264767
1338,0.54423857
1339,0.5635709
1340,0.49710688
1341,0.9078023
1342,0.760268
1343,0.5812791
1344,0.9041535
1345,0.74554104
1346,0.98264533
1347,0.76613927
1348,0.8255867
1349,0.8204972
1350,0.49559036
1351,0.64383256
1352,0.9344697
1353,0.7322378
1354,0.7193506
1355,0.6094366
1356,0.88087046
1357,0.6141718
1358,0.5933336
1359,0.6943188
1360,0.7735213
1361,0.70656353
1362,0.4529739
1363,0.86609507
1364,0.73032403
1365,0.9468694
1366,0.8570863
1367,0.92475724
1368,0.68903995
1369,0.822761
1370,0.731365
1371,0.6917083
1372,0.5701177
1373,0.47271496
1374,0.79264593
1375,0.69160014
1376,0.6442843
1377,0.6468906
1378,0.975425
1379,0.98077124
1380,0.35759693
1381,0.35303092
1382,0.47165567
1383,0.8135573
1384,0.84460896
1385,0.9280602
1386,0.776827
1387,0.62917674
1388,0.80888903
1389,0.54451376
1390,0.72133785
1391,0.6851031
1392,0.3346989
1393,0.73259723
1394,0.48200417
1395,0.84844583
1396,0.44797903
1397,0.6312817
1398,0.8676714
1399,0.82404345
1400,0.5723654
1401,0.7111455
1402,0.3125469
1403,0.82020813
1404,0.6628522
1405,0.30956045
1406,0.62947214
1407,0.55600375
1408,0.58301675
1409,0.50499034
1410,0.62803984
1411,0.81701684
1412,0.60863477
1413,0.586025
1414,0.43268922
1415,0.75939506
1416,0.5578269
1417,0.5863502
1418,0.55565363
1419,0.87291163
1420,0.62388206
1421,0.8988756
1422,0.75908554
1423,0.6376882
1424,0.7932758
1425,0.6118239
1426,0.5241644
1427,0.69894606
1428,0.45011
1429,0.5089084
1430,0.52644044
1431,0.8474941
1432,0.49207893
1433,0.8699995
1434,0.4453041
1435,0.9515607
1436,0.60629207
1437,0.58401716
1438,0.89326715
1439,0.90975773
1440,0.76501554
1441,0.88918537
1442,0.542592
1443,0.75693655
1444,0.37558848
1445,0.63648003
1446,0.54418993
1447,0.8342277
1448,0.5813134
1449,0.6899258
1450,0.8455507
1451,0.6819933
1452,0.6331475
1453,0.4138466
1454,0.86207104
1455,0.60834485
1456,0.59337926
1457,0.5343004
1458,0.5349875
1459,0.71627516
1460,0.7737102
1461,0.5529108
1462,0.435854
1463,0.59189534
1464,0.73795766
1465,0.51633126
1466,0.45925048
1467,0.6614207
1468,0.6420146
1469,0.88044626
1470,0.56070143
1471,0.57659745
1472,0.8953649
1473,0.92094237
1474,0.7404658
1475,0.4881991
1476,0.50455624
1477,0.71937275
1478,0.5463057
1479,0.64531493
1480,0.9204135
1481,0.37763193
1482,0.71766686
1483,0.7901468
1484,0.7610428
1485,0.7252989
1486,0.6330012
1487,0.7178088
1488,0.49715805
1489,0.92267215
1490,0.869293
1491,0.923608
1492,0.54203075
1493,0.55817074
1494,0.8548343
1495,0.9005605
1496,0.7162091
1497,0.6309141
1498,0.43421084
1499,0.71916187
1500,0.6894693
1501,0.42820713
1502,0.6168636
1503,0.49870953
1504,0.36217815
1505,0.8955173
1506,0.65483993
1507,0.6433053
1508,0.63057905
1509,0.57571816
1510,0.5962948
1511,0.42557487
1512,0.7518108
1513,0.7687103
1514,0.7077368
1515,0.66997284
1516,0.6559487
1517,0.7356621
1518,0.9303215
1519,0.7882264
1520,0.782188
1521,0.72677726
1522,0.5231152
1523,0.66006404
1524,0.51529956
1525,0.9436878
1526,0.60793287
1527,0.74154985
1528,0.8503616
1529,0.40522388
1530,0.7551863
1531,0.6360257
1532,0.8481653
1533,0.55820566
1534,0.5342156
1535,0.5542165
1536,0.45427763
1537,0.820735
1538,0.8529049
1539,0.54976064
1540,0.7526749
1541,0.653028
1542,0.55333287
1543,0.7638219
1544,0.68556416
1545,0.5499528
1546,0.6628913
1547,0.5664411
1548,0.5736604
1549,0.62491995
1550,0.6150451
1551,0.6596081
1552,0.52591723
1553,0.879465
1554,0.78055304
1555,0.49799183
1556,0.6405735
1557,0.7298126
1558,0.79069424
1559,0.8703587
1560,0.87914634
1561,0.75451714
1562,0.39764655
1563,0.6771587
1564,0.90444547
1565,0.6993864
1566,0.38165367
1567,0.81928325
1568,0.47120538
1569,0.76047176
1570,0.69381183
1571,0.4955877
1572,0.55513614
1573,0.58876896
1574,0.7609585
1575,0.75502443
1576,0.8478434
1577,0.4904622
1578,0.73650736
1579,0.62087756
1580,0.7267604
1581,0.66477865
1582,0.74810886
1583,0.58679354
1584,0.8033651
1585,0.876303
1586,0.7349012
1587,0.82574326
1588,0.37811813
1589,0.5000677
1590,0.64875376
1591,0.46336064
1592,0.6186347
1593,0.6455924
1594,0.52292997
1595,0.9863703
1596,0.90502685
1597,0.94205606
1598,0.76117915
1599,0.7863759
1600,0.9280817
1601,0.9902777
1602,0.8231121
1603,0.9809396
1604,0.9782508
1605,0.95053875
1606,0.78224266
1607,0.97358346
1608,0.99017143
1609,0.9926374
1610,0.9772008
1611,1
1612,0.9541795
1613,0.66395354
1614,0.8111573
1615,0.98028725
1616,0.70101154
1617,0.87197816
1618,0.87705845
1619,0.9882563
1620,0.91380566
1621,0.9721509
1622,0.9034044
1623,0.8811509
1624,0.9402109
1625,0.852712
1626,0.9885425
1627,0.6981772
1628,0.85423684
1629,0.83531165
1630,0.9514118
1631,0.87811506
1632,0.9772579
1633,0.86010784
1634,0.89986867
1635,0.89950395
1636,0.9602654
1637,0.9689844
1638,0.9860377
1639,0.9517204
1640,0.9650157
1641,0.95487535
1642,0.7904447
1643,0.9111652
1644,0.87279326
1645,0.96535677
1646,0.81387043
1647,0.992225
1648,0.94078
1649,0.8153114
1650,0.989573
1651,0.876021
1652,0.8013232
1653,0.8256306
1654,0.5911871
1655,0.7840572
1656,0.84628415
1657,0.9853682
1658,0.8073434
1659,0.9617842
1660,0.9270049
1661,0.6501972
1662,0.6203956
1663,0.39201462
1664,0.74710697
1665,0.9724866
1666,0.92793083
1667,0.97641814
1668,0.67894065
1669,0.64060825
1670,0.79477996
1671,0.9228757
1672,0.5338086
1673,0.96627396
1674,0.9193793
1675,0.64031005
1676,0.5658608
1677,0.7754273
1678,0.8849381
1679,0.82034373
1680,0.78502214
1681,0.6893584
1682,0.76042664
1683,0.76881033
1684,0.8029295
1685,0.91100127
1686,0.8554946
1687,0.47483757
1688,0.958454
1689,0.75810486
1690,0.92530465
1691,0.64268255
1692,0.71992886
1693,0.66768956
1694,0.638773
1695,0.9532247
1696,0.9698428
1697,0.58769536
1698,0.82457846
1699,0.6746508
1700,0.5414719
1701,0.8543176
1702,0.87214226
1703,0.88194156
1704,0.80784786
1705,0.9533107
1706,0.9759426
1707,0.62225777
1708,0.74874645
1709,0.6736739
1710,0.90194595
1711,0.5685274
1712,0.7293141
1713,0.65964025
1714,0.79798037
1715,0.7578602
1716,0.6728242
1717,0.69678026
1718,0.80840284
1719,0.86324656
1720,0.5711075
1721,0.9116433
1722,0.61590064
1723,0.90589845
1724,0.7156484
1725,0.8387332
1726,0.7312
1727,0.42947328
1728,0.41880223
1729,0.958891
1730,0.63196295
1731,0.8564067
1732,0.5906057
1733,0.61053795
1734,0.35632527
1735,0.8501288
1736,0.85224545
1737,0.740874
1738,0.8402356
1739,0.5362821
1740,0.7694408
1741,0.7130517
1742,0.81692874
1743,0.87489825
1744,0.98041785
1745,1
1746,0.7310126
1747,1
1748,0.949557
1749,1
1750,0.9970154
1751,0.7240863
1752,1
1753,0.64246136
1754,0.9898927
1755,0.99960744
1756,0.95011723
1757,0.6178203
1758,0.9978854
1759,1
1760,0.8480242
1761,0.71720845
1762,0.84741724
1763,0.7934165
1764,0.88842994
1765,0.85866266
1766,0.72662413
1767,0.68377566
1768,0.5883526
1769,0.57278955
1770,0.6273931
1771,0.86908084
1772,0.60243064
1773,0.6039507
1774,0.55632097
1775,0.81976175
1776,0.7439889
1777,0.53946596
1778,0.4785608
1779,0.43373737
1780,0.47112343
1781,0.68823516
1782,0.58728087
1783,0.64738
1784,0.60059184
1785,0.64747906
1786,0.4563262
1787,0.51046276
1788,0.46324962
1789,0.46827865
1790,0.4854529
1791,0.4313432
1792,0.9593487
1793,0.9978118
1794,0.97106093
1795,0.90566474
1796,0.9612027
1797,0.9244787
1798,0.9666847
1799,0.89502025
1800,0.9905227
1801,0.97729737
1802,0.9264862
1803,0.9158733
1804,0.9654556
1805,0.97850454
1806,0.9938953
1807,0.91101956
1808,0.96408725
1809,0.964874
1810,0.65960187
1811,0.949527
1812,0.98268634
1813,0.7894597
1814,0.8449623
1815,0.46251503
1816,0.9805783
1817,0.8687174
1818,0.9022633
1819,0.97750896
1820,0.94319075
1821,0.9810053
1822,0.6488838
1823,0.94261277
1824,0.5233291
1825,0.842298
1826,0.7350208
1827,0.37760952
1828,0.9211836
1829,0.7432905
1830,0.6632371
1831,0.9228077
1832,0.8143552
1833,0.728355
1834,0.94597405
1835,0.6762286
1836,0.7248986
1837,0.7828332
1838,0.7284676
1839,0.9631561
1840,0.8136586
1841,0.8492036
1842,0.67803323
1843,0.64169633
1844,0.6129781
1845,0.7143532
1846,0.58610386
1847,0.9773686
1848,0.45195732
1849,0.6752801
1850,0.6053776
1851,0.5492983
1852,0.96588093
1853,0.5672745
1854,0.6589481
1855,0.8695586
1856,0.6847341
1857,0.9118473
1858,0.9529438
1859,0.69248307
1860,0.6801267
1861,0.53238636
1862,0.6075129
1863,0.80407226
1864,0.3638397
1865,0.40290684
1866,0.4754314
1867,0.4734148
1868,0.6211163
1869,0.93063974
1870,0.5853639
1871,0.5261891
1872,0.61217296
1873,0.5440388
1874,0.5976915
1875,0.80688286
1876,0.8393836
1877,0.7779638
1878,0.45309392
1879,0.9188207
1880,0.72357637
1881,0.76610994
1882,0.45661443
1883,0.5332581
1884,0.67827255
1885,0.56342703
1886,0.60465276
1887,0.71916294
1888,0.53543323
1889,0.85683626
1890,0.65824556
1891,0.8188259
1892,0.78805536
1893,0.78578377
1894,0.62549144
1895,0.6539948
1896,0.6989978
1897,0.91514164
1898,0.7347663
1899,0.5585269
1900,0.68223304
1901,0.3262321
1902,0.82234377
1903,0.31315738
1904,0.7982482
1905,0.60316545
1906,0.8278789
1907,0.75907147
1908,0.53589827
1909,0.69347364
1910,0.72231966
1911,0.8748994
1912,0.921323
1913,0.41514784
1914,0.95454276
1915,0.569626
1916,0.5096397
1917,0.7191949
1918,0.72842765
1919,0.5838585
1920,0.82238585
1921,0.43915126
1922,0.6250329
1923,0.34449324
1924,0.84566486
1925,0.52180356
1926,0.47777706
1927,0.8756235
1928,0.6828189
1929,0.4489915
1930,0.7564516
1931,0.70099473
1932,0.70101464
1933,0.38146126
1934,0.8714168
1935,0.72899145
1936,0.8196734
1937,0.53418165
1938,0.33900487
1939,0.69433975
1940,0.7829459
1941,0.44591376
1942,0.7372918
1943,0.86238486
1944,0.50235426
1945,0.6657813
1946,0.9069071
1947,0.6958453
1948,0.69127446
1949,0.8103069
1950,0.68498975
1951,0.92838603
1952,0.47014812
1953,0.934621
1954,0.5592443
1955,0.5363315
1956,0.7688851
1957,0.45405075
1958,0.39616537
1959,0.5529695
1960,0.8791629
1961,0.5628699
1962,0.5923255
1963,0.79107064
1964,0.7668544
1965,0.61934465
1966,0.6296365
1967,0.7860755
1968,0.638745
1969,0.7551018
1970,0.66288877
1971,0.3319371
1972,0.73848677
1973,0.834282
1974,0.7689894
1975,0.5496662
1976,0.5318216
1977,0.66018873
1978,0.8306882
1979,0.47404125
1980,0.63458025
1981,0.8871282
1982,0.8086853
1983,0.80605066
1984,0.78897506
1985,0.4733084
1986,0.67077386
1987,0.9260904
1988,0.8915665
1989,0.8460445
1990,0.7644809
1991,0.8662665
1992,0.9375246
1993,0.8755972
1994,0.93218577
1995,0.9206753
1996,0.91915977
1997,0.88293487
1998,0.882379
1999,0.715215
2000,0.79527915
2001,0.9116679
2002,0.88555545
2003,0.9186753
2004,0.9502125
2005,0.85723877
2006,0.87579924
2007,0.8141877
2008,0.8523144
2009,0.81814146
2010,0.85070664
2011,0.6384864
2012,0.95458746
2013,0.8839655
2014,0.8180046
2015,0.96262723
2016,0.4382144
2017,0.88149107
2018,0.80157036
2019,0.6512725
2020,0.86111116
2021,0.8927294
2022,0.93305403
2023,0.74490947
2024,0.68163913
2025,0.77588654
2026,0.9430442
2027,0.80282116
2028,0.8219526
2029,0.95955235
2030,0.70914346
2031,0.9663627
2032,0.6952372
2033,0.964644
2034,0.8905296
2035,0.71256894
2036,0.88757014
2037,0.97838575
2038,0.8990759
2039,0.981444
2040,0.70333374
2041,0.84749794
2042,0.6873172
2043,0.74896276
2044,0.8635349
2045,0.6051775
2046,0.63625145
2047,0.44949868
2048,0.59673923
2049,0.4787211
2050,0.50948507
2051,0.6828365
2052,0.46064758
2053,0.7084003
2054,0.5920835
2055,0.7687961
2056,0.6535205
2057,0.9230263
2058,0.673325
2059,0.67646813
2060,0.45847344
2061,0.75455076
2062,0.47941527
2063,0.6401251
2064,0.9084485
2065,0.6185005
2066,0.80599815
2067,0.49747106
2068,0.5896289
2069,0.7680912
2070,0.8312036
2071,0.8414498
2072,0.59667796
2073,0.44889492
2074,0.5953413
2075,0.56609225
2076,0.45596918
2077,0.80873644
2078,0.6515861
2079,0.72113365
2080,0.68722993
2081,0.7087911
2082,0.61852044
2083,0.45919102
2084,0.5759408
2085,0.716794
2086,0.63304526
2087,0.860907
2088,0.45228106
2089,0.77047044
2090,0.7794227
2091,0.5208761
2092,0.4806278
2093,0.72666574
2094,0.62873805
2095,0.6517405
2096,0.80766994
2097,0.55363387
2098,0.35076228
2099,0.80241776
2100,0.5773645
2101,0.5801378
2102,0.52139264
2103,0.35661402
2104,0.40927482
2105,0.6452576
2106,0.52053124
2107,0.49303848
2108,0.55614406
2109,0.831109
2110,0.7181717
2111,0.67666006
2112,0.7920631
2113,0.6421298
2114,0.75003165
2115,0.7969219
2116,0.7592624
2117,0.68684363
2118,0.7406524
2119,0.5061873
2120,0.6283022
2121,0.4292139
2122,0.42553243
2123,0.714667
2124,0.72187495
2125,0.75038475
2126,0.5898527
2127,0.6106322
2128,0.69521236
2129,0.7414217
2130,0.7612533
2131,0.73752433
2132,0.9271079
2133,0.7373235
2134,0.81584316
2135,0.7350612
2136,0.43454584
2137,0.9376041
2138,0.7917943
2139,0.7718387
2140,0.90469116
2141,0.54832333
2142,0.60294074
2143,0.9751417
2144,0.60767215
2145,0.8038683
2146,0.4894933
2147,0.8810143
2148,0.6240474
2149,0.7958683
2150,0.7357144
2151,0.9529152
2152,0.8239588
2153,0.5895362
2154,0.68656576
2155,0.69397813
2156,0.837654
2157,0.762272
2158,0.8050367
2159,0.7093782
2160,0.9545516
2161,0.5895819
2162,0.6720686
2163,0.93571764
2164,0.76726407
2165,0.72324806
2166,0.76904166
2167,0.71439886
2168,0.56794965
2169,0.51174027
2170,0.5917086
2171,0.36461365
2172,0.93781084
2173,0.66774875
2174,0.72081894
2175,0.723919
2176,0.66829455
2177,0.76423746
2178,0.85922635
2179,0.67237526
2180,0.5393482
2181,0.66512215
2182,0.9292198
2183,0.64371914
2184,0.5076955
2185,0.7448947
2186,0.5389306
2187,0.901984
2188,0.92380756
2189,0.9261049
2190,0.7106485
2191,0.7534705
2192,0.7014771
2193,0.47911754
2194,0.7230448
2195,0.64161766
2196,0.89420974
2197,0.913539
2198,0.7321517
2199,0.93909883
2200,0.22946309
2201,0.8310549
2202,0.5957409
2203,0.92116845
2204,0.92831844
2205,0.9851368
2206,0.8435471
2207,0.605867
2208,0.9557636
2209,0.5256417
2210,0.9849703
2211,0.7891617
2212,0.9345952
2213,0.98348683
2214,0.9677551
2215,0.9372108
2216,0.9939514
2217,0.99680424
2218,0.8880802
2219,0.9753502
2220,0.78643924
2221,0.90064293
2222,0.9947567
2223,0.9977641
2224,0.98318183
2225,0.9760811
2226,0.7184059
2227,0.9479718
2228,0.83304244
2229,0.7299186
2230,0.79715216
2231,0.4840304
2232,0.8553464
2233,0.93639344
2234,0.9032776
2235,0.9706466
2236,0.9744057
2237,0.8700747
2238,0.70654666
2239,0.9008039
2240,0.6956863
2241,0.5680141
2242,0.92683357
2243,0.5578578
2244,0.58585954
2245,0.74909395
2246,0.77503866
2247,0.8914467
2248,0.7951302
2249,0.6135645
2250,0.6449116
2251,0.80908555
2252,0.8123568
2253,0.51330495
2254,0.93978745
2255,0.66835135
2256,0.7700382
2257,0.7518658
2258,0.67937654
2259,0.7370518
2260,0.8046795
2261,0.6982513
2262,0.80950546
2263,0.56944805
2264,0.88918823
2265,0.9754018
2266,0.70752746
2267,0.6441771
2268,0.7364553
2269,0.5733695
2270,0.6185332
2271,0.669341
2272,0.7864057
2273,0.70524305
2274,0.59661806
2275,0.8454844
2276,0.87168795
2277,0.6686269
2278,0.6195922
2279,0.74135584
2280,0.866722
2281,0.88560814
2282,0.84588623
2283,0.8028576
2284,0.7748513
2285,0.69746536
2286,0.6671191
2287,0.63744926
2288,0.5247265
2289,0.5563074
2290,0.35791388
2291,0.7354348
2292,0.48996165
2293,0.7971331
2294,0.7164124
2295,0.65931386
2296,0.7361398
2297,0.6476432
2298,0.573764
2299,0.8007577
2300,0.6376247
2301,0.77736515
2302,0.81748015
2303,0.62205046
2304,0.6542628
2305,0.66384125
2306,0.5053511
2307,0.7135328
2308,0.4264214
2309,0.50469667
2310,0.72286296
2311,0.7298224
2312,0.59987277
2313,0.55516356
2314,0.749848
2315,0.6708927
2316,0.6982373
2317,0.6614418
2318,0.63826865
2319,0.94865936
2320,0.45033008
2321,0.48266584
2322,0.9213568
2323,0.7051394
2324,0.5664613
2325,0.64383686
2326,0.639168
2327,0.7020864
2328,0.62305987
2329,0.68769723
2330,0.34600475
2331,0.41679972
2332,0.47187606
2333,0.87019026
2334,0.807218
2335,0.8826094
2336,0.85061675
2337,0.5882195
2338,0.93891966
2339,0.501942
2340,0.56700534
2341,0.55153286
2342,0.58909714
2343,0.5397591
2344,0.6019253
2345,0.4855754
2346,0.63254017
2347,0.6572976
2348,0.67055696
2349,0.72976357
2350,0.8182106
2351,0.5725253
2352,0.8217789
2353,0.44821966
2354,0.8066404
2355,0.85785276
2356,0.61137944
2357,0.5851148
2358,0.6197695
2359,0.72959083
2360,0.9339038
2361,0.86016077
2362,0.7587513
2363,0.92398584
2364,0.9792477
2365,0.8958574
2366,0.7493641
2367,0.6912747
2368,0.75284034
2369,0.9475011
2370,0.7826698
2371,0.8233391
2372,0.95281166
2373,0.79403114
2374,0.75048864
2375,0.9410431
2376,0.8438245
2377,0.71782684
2378,0.9522407
2379,0.7864664
2380,0.74044263
2381,0.9363524
2382,0.83430237
2383,0.88718635
2384,0.92246974
2385,0.94392544
2386,0.58032256
2387,0.8809336
2388,0.49307182
2389,0.93694943
2390,0.9156512
2391,0.7610163
2392,0.8445679
2393,0.9065973
2394,0.8440282
2395,0.9367912
2396,0.7161081
2397,0.81830204
2398,0.8574512
2399,0.37015572
2400,0.8348969
2401,0.6100832
2402,0.81724614
2403,0.806322
2404,0.63994664
2405,0.72146416
2406,0.77290654
2407,0.91585004
2408,0.59856355
2409,0.93060726
2410,0.9396926
2411,0.90153265
2412,0.79810876
2413,0.61299115
2414,0.97772723
2415,0.8877326
2416,0.420074
2417,0.73529965
2418,0.9464901
2419,0.95999235
2420,0.48973334
2421,0.5521813
2422,0.8936636
2423,0.8994114
2424,0.6321332
2425,0.61465806
2426,0.7336393
2427,0.61554015
2428,0.51064
2429,0.6767814
2430,0.76282567
2431,0.6690901
2432,0.4788793
2433,0.6009858
2434,0.52051264
2435,0.39061126
2436,0.5580368
2437,0.6910433
2438,0.6241364
2439,0.61085725
2440,0.74027807
2441,0.5493741
2442,0.8662614
2443,0.8642222
2444,0.7412343
2445,0.711317
2446,0.59819835
2447,0.8796068
2448,0.5012721
2449,0.77351063
2450,0.5952428
2451,0.65591043
2452,0.70570946
2453,0.39837134
2454,0.85479873
2455,0.6219053
2456,0.78786707
2457,0.93231195
2458,0.5924169
2459,0.6438314
2460,0.7961896
2461,0.49642432
2462,0.6503713
2463,0.66714513
2464,0.81023
2465,0.4432408
2466,0.601491
2467,0.7181679
2468,0.63442343
2469,0.48324314
2470,0.6907879
2471,0.8804706
2472,0.5587556
2473,0.64452016
2474,0.739755
2475,0.6690926
2476,0.66589105
2477,0.5085584
2478,0.7385072
2479,0.6616399
2480,0.64159566
2481,0.90532964
2482,0.5427022
2483,0.6081813
2484,0.6543242
2485,0.5752336
2486,0.66302776
2487,0.618061
2488,0.28920385
2489,0.47213638
2490,0.74588
2491,0.57682174
2492,0.75939745
2493,0.5708034
2494,0.38237298
2495,0.8846867
2496,0.7568782
2497,0.53758633
2498,0.49810714
2499,0.65480584
2500,0.8136598
2501,0.46376267
2502,0.78108644
2503,0.9521148
2504,0.59582967
2505,0.5533184
2506,0.7287866
2507,0.48560968
2508,0.38680774
2509,0.520492
2510,0.547517
2511,0.38586608
2512,0.54906845
2513,0.78295183
2514,0.7537391
2515,0.69772416
2516,0.71156085
2517,0.6864487
2518,0.5571665
2519,0.4976241
2520,0.8541577
2521,0.84010607
2522,0.9249241
2523,0.7708789
2524,0.47542697
2525,0.6050611
2526,0.5788721
2527,0.67670655
2528,0.8296968
2529,0.5860972
2530,0.47651333
2531,0.867151
2532,0.8589694
2533,0.93327403
2534,0.9743547
2535,0.72095907
2536,0.6416186
2537,0.61835676
2538,0.8138813
2539,0.6128439
2540,0.94231176
2541,0.99281967
2542,0.7868936
2543,0.81276125
2544,0.9679982
2545,0.596843
2546,0.79554105
2547,0.46757072
2548,0.8392775
2549,0.47956008
2550,0.96092427
2551,0.5602488
2552,0.6626955
2553,0.67351717
2554,0.7440242
2555,0.39073938
2556,0.7849809
2557,0.9642315
2558,0.53444636
2559,0.77143705
2560,0.77012765
2561,0.8244672
2562,0.56682473
2563,0.85602665
2564,0.7485033
2565,0.5668568
2566,0.7895498
2567,0.7830207
2568,0.77019185
2569,0.43996003
2570,0.8525302
2571,0.72886515
2572,0.9481848
2573,0.67697066
2574,0.99316406
2575,0.84056795
2576,0.8739875
2577,0.9430776
2578,0.8926995
2579,0.499317
2580,0.44548643
2581,0.77930385
2582,0.90333307
2583,0.8950316
2584,0.8329583
2585,0.6956022
2586,0.8942693
2587,0.84691536
2588,0.857491
2589,0.5164611
2590,0.9829109
2591,0.89444816
2592,0.5983413
2593,0.62110716
2594,0.7832639
2595,0.65874803
2596,0.7211908
2597,0.750689
2598,0.4400249
2599,0.59697276
2600,0.7107757
2601,0.8504243
2602,0.812534
2603,0.6854249
2604,0.8946526
2605,0.8895469
2606,0.6125512
2607,0.5308012
2608,0.82673496
2609,0.89543444
2610,0.77932566
2611,0.8595809
2612,0.60641265
2613,0.4013097
2614,0.889532
2615,0.82421625
2616,0.7724725
2617,0.80442905
2618,0.7797862
2619,0.49987558
2620,0.946197
2621,0.63297856
2622,0.5184413
2623,0.73182434
2624,0.53374225
2625,0.8786243
2626,0.65420055
2627,0.97126955
2628,0.6420794
2629,0.75443625
2630,0.58593196
2631,0.7912279
2632,0.83304495
2633,0.93353665
2634,0.82894284
2635,0.6744605
2636,0.8587205
2637,0.6241364
2638,0.75113654
2639,0.6714071
2640,0.78505087
2641,0.8981415
2642,0.94413275
2643,0.853047
2644,0.8232395
2645,0.53334785
2646,0.64466864
2647,0.7655266
2648,0.41913557
2649,0.55011284
2650,0.85937804
2651,0.8400195
2652,0.9340148
2653,0.89326686
2654,0.9449967
2655,0.9055784
2656,0.80462766
2657,0.81557274
2658,0.91412264
2659,0.79487365
2660,0.6024279
2661,0.827279
2662,0.73143744
2663,0.7306036
2664,0.7651919
2665,0.5551887
2666,0.78969866
2667,0.74469125
2668,0.80621505
2669,0.6387288
2670,0.7385828
2671,0.97422796
2672,0.606732
2673,0.91343427
2674,0.95216024
2675,0.848893
2676,0.78026086
2677,0.5038462
2678,0.5504495
2679,0.9048893
2680,0.80553037
2681,0.97940785
2682,0.5652519
2683,0.8728024
2684,0.91062826
2685,0.743724
2686,0.8035609
2687,0.791557
2688,0.7207307
2689,0.5705184
2690,0.9308123
2691,0.55092293
2692,0.9171066
2693,0.867787
2694,0.80793494
2695,0.40227172
2696,0.8640117
2697,0.9557584
2698,0.9589965
2699,0.75405943
2700,0.5842834
2701,0.6810154
2702,0.74789625
2703,0.5401546
2704,0.8599635
2705,0.9912073
2706,0.8263591
2707,0.8234826
2708,0.91428906
2709,0.48811576
2710,0.3685969
2711,0.9359714
2712,0.81599253
2713,0.62256217
2714,0.9332646
2715,0.741561
2716,0.58078784
2717,0.6088081
2718,0.34533834
2719,0.77279705
2720,0.5592109
2721,0.75420016
2722,0.6658946
2723,0.38256124
2724,0.5846454
2725,0.8177545
2726,0.76155734
2727,0.92585343
2728,0.79545736
2729,0.81763977
2730,0.68942297
2731,0.91252565
2732,0.62993205
2733,0.89391536
2734,0.8876162
2735,0.90038496
2736,0.8424454
2737,0.9716633
2738,0.77670956
2739,0.7835918
2740,0.95430434
2741,0.9684705
2742,0.7686488
2743,0.758255
2744,0.8342192
2745,0.97013706
2746,0.9204983
2747,0.50729454
2748,0.6354435
2749,0.40498587
2750,0.8639565
2751,0.9435504
2752,0.9871721
2753,0.56859046
2754,0.88827884
2755,0.8238044
2756,0.45372468
2757,0.7949658
2758,0.87975305
2759,0.99679005
2760,0.7666503
2761,0.8660669
2762,0.96768564
2763,0.94466376
2764,0.66779137
2765,0.49724618
2766,0.4154441
2767,0.8473144
2768,0.649137
2769,0.6149651
2770,0.8738983
2771,0.92117566
2772,0.93694717
2773,0.829196
2774,0.9693446
2775,0.86982125
2776,0.9586047
2777,0.9409604
2778,0.97540003
2779,0.5721516
2780,0.9004138
2781,0.818416
2782,0.9865512
2783,0.9977064
2784,0.95959306
2785,0.82087225
2786,0.9896401
2787,0.9922006
2788,0.45989975
2789,0.7694669
2790,0.8310751
2791,0.9511742
2792,0.9915608
2793,0.8931088
2794,0.95881665
2795,0.8309687
2796,0.72462595
2797,0.9390361
2798,0.86662394
2799,0.6123861
2800,0.989626
2801,0.98434275
2802,0.6844144
2803,0.7624074
2804,0.8766302
2805,0.77671516
2806,0.9328651
2807,0.38588375
2808,0.666496
2809,0.40788633
2810,0.7339786
2811,0.48789343
2812,0.8616707
2813,0.873126
2814,0.85348105
2815,0.84105366
2816,0.6854376
2817,0.8600792
2818,0.43031344
2819,0.47257003
2820,0.4846427
2821,0.3100295
2822,0.68969023
2823,0.5816943
2824,0.44116667
2825,0.5621315
2826,0.7605463
2827,0.5476025
2828,0.3590789
2829,0.29272848
2830,0.57416034
2831,0.52494854
2832,0.33366558
2833,0.3833867
2834,0.5343591
2835,0.24596132
2836,0.57935476
2837,0.5834881
2838,0.5037689
2839,0.55447674
2840,0.31812954
2841,0.60967046
2842,0.50529754
2843,0.47172087
2844,0.44969326
2845,0.41632113
2846,0.30853835
2847,0.81303275
2848,0.42917237
2849,0.57516104
2850,0.82486886
2851,0.40271845
2852,0.36891153
2853,0.5514744
2854,0.2670186
2855,0.8300954
2856,0.6631591
2857,0.4808569
2858,0.49132898
2859,0.49085084
2860,0.510622
2861,0.5908467
2862,0.7899474
2863,0.6017374
2864,0.4374386
2865,0.24303511
2866,0.83839476
2867,0.5895967
2868,0.5720256
2869,0.4082513
2870,0.59496254
2871,0.59917706
2872,0.37374508
2873,0.70503324
2874,0.6263031
2875,0.5135933
2876,0.3883806
2877,0.579273
2878,0.46022227
2879,0.6791383
2880,0.81423426
2881,0.32780504
2882,0.3327495
2883,0.4602066
2884,0.7305053
2885,0.4903146
2886,0.4863474
2887,0.73371565
2888,0.283416
2889,0.45596045
2890,0.48839083
2891,0.55968434
2892,0.6566248
2893,0.39312348
2894,0.52822274
2895,0.5698941
2896,0.38933077
2897,0.6431249
2898,0.93399316
2899,0.80465746
2900,0.82522196
2901,0.48912162
2902,0.81716937
2903,0.7276007
2904,0.5249501
2905,0.6210955
2906,0.7322103
2907,0.7307015
2908,0.85171247
2909,0.6871478
2910,0.8172636
2911,0.83174735
2912,0.48979008
2913,0.42668405
2914,0.57400495
2915,0.8963122
2916,0.90837055
2917,0.6058622
2918,0.5822522
2919,0.76328176
2920,0.8710215
2921,0.33445975
2922,0.8722333
2923,0.49076366
2924,0.84264785
2925,0.9195728
2926,0.9812761
2927,0.6824696
2928,0.7236471
2929,0.8061988
2930,0.42916584
2931,0.8544127
2932,0.57645214
2933,0.856253
2934,0.9711572
2935,0.8989412
2936,0.7795082
2937,0.88857615
2938,0.9472122
2939,0.8362787
2940,0.9153179
2941,0.816007
2942,0.8227661
2943,0.78172445
2944,0.6315186
2945,0.9757364
2946,0.85497785
2947,0.69128793
2948,0.7352506
2949,0.9972923
2950,0.83052903
2951,0.48058847
2952,0.65798473
2953,0.9753819
2954,0.7755341
2955,0.7681168
2956,0.6653903
2957,0.9126171
2958,0.94598633
2959,0.90189815
2960,0.9858934
2961,0.5369771
2962,0.5824851
2963,0.56268525
2964,0.7191628
2965,0.47882864
2966,0.81163174
2967,0.6202061
2968,0.54129624
2969,0.45055833
2970,0.64054114
2971,0.7979652
2972,0.6215414
2973,0.874804
2974,0.5197611
2975,0.4655988
2976,0.7654752
2977,0.8365556
2978,0.6623907
2979,0.45236754
2980,0.9177759
2981,0.7373059
2982,0.4044805
2983,0.78357315
2984,0.7790603
2985,0.6846192
2986,0.592976
2987,0.5374622
2988,0.8074764
2989,0.5251829
2990,0.63968784
2991,0.88403386
2992,0.45679092
2993,0.5043577
2994,0.77223223
2995,0.7027963
2996,0.6665027
2997,0.5708342
2998,0.89668083
2999,0.5751577
3000,0.47618636
3001,0.85772145
3002,0.88389057
3003,0.6361819
3004,0.65467227
3005,0.5867211
3006,0.40907905
3007,0.69788516
3008,0.49628702
3009,0.7719034
3010,0.41408327
3011,0.67210525
3012,0.58979017
3013,0.3982328
3014,0.83147985
3015,0.61773115
3016,0.61911225
3017,0.89200574
3018,0.8792642
3019,0.66620684
3020,0.9205061
3021,0.6533015
3022,0.7943313
3023,0.42649952
3024,0.631167
3025,0.7020921
3026,0.52462596
3027,0.7718966
3028,0.9657798
3029,0.60379493
3030,0.9461666
3031,0.93485636
3032,0.69869363
3033,0.83927405
3034,0.43038327
3035,0.7262801
3036,0.8426469
3037,0.71549773
3038,0.6511739
3039,0.59299433
3040,0.667783
3041,0.6357259
3042,0.7792705
3043,0.6018531
3044,0.65309834
3045,0.57215655
3046,0.5751993
3047,0.9180754
3048,0.5048085
3049,0.84808
3050,0.7002726
3051,0.79861546
3052,0.8878321
3053,0.8064439
3054,0.48548472
3055,0.7195798
3056,0.8426145
3057,0.8154623
3058,0.5071404
3059,0.8677521
3060,0.7063683
3061,0.5464269
3062,0.54908115
3063,0.4348667
3064,0.6600852
3065,0.8282399
3066,0.87953913
3067,0.6624995
3068,0.7170259
3069,0.7546386
3070,0.8244745
3071,0.509227
3072,0.80633694
3073,0.91032565
3074,0.65787446
3075,0.8819191
3076,0.8064781
3077,0.7020392
3078,0.663043
3079,0.7126737
3080,0.6936501
3081,0.68527836
3082,0.53090405
3083,0.67483664
3084,0.6661643
3085,0.55127037
3086,0.7260175
3087,0.8348507
3088,0.97628874
3089,0.97344685
3090,0.99678445
3091,0.9970257
3092,0.9101606
3093,0.8359167
3094,0.9939364
3095,0.8553559
3096,0.9212287
3097,0.921357
3098,0.9875396
3099,0.95384187
3100,0.993351
3101,0.95918995
3102,0.99516726
3103,0.9603519
3104,0.9558876
3105,0.9924299
3106,0.99875623
3107,0.9963558
3108,0.98157877
3109,0.9876808
3110,0.87088937