A_i,state_county_work
0.8644279062575674,1001
0.8597576628290992,1003
0.8567939793410605,1005
0.8403719251931413,1007
0.5905177725361546,1009
0.7667328134053039,1011
0.77301203117905,1013
1.0041100271132672,1015
0.7795469927313503,1017
0.6616735861127534,1019
0.8034645574493046,1021
1.3438837217053214,1023
0.874358654962667,1025
0.7220737938977586,1027
0.7932940228188455,1029
0.7532100738627158,1031
1.0674837715672645,1033
0.8609950238122929,1035
0.7996576150251983,1037
0.8107295329380899,1039
0.8562121400927813,1041
0.797761990773283,1043
1.6132838793221829,1045
0.9018205427823668,1047
0.741042324697561,1049
0.7741845894772422,1051
0.9487685307189168,1053
0.8437745936412385,1055
0.6733986744000021,1057
0.7658319709486362,1059
0.7325786060086612,1061
0.8629950637897992,1063
0.8468705466944016,1065
0.8327556913761958,1067
1.0436431367383,1069
0.7803195452711115,1071
1.5045735616936868,1073
0.7784531826219289,1075
0.7502676825394522,1077
0.7884903546478237,1079
0.868927619108613,1081
0.8960989829228813,1083
1.0084515666264788,1085
0.8385152998618097,1087
1.4510513385553596,1089
0.9981664843652084,1091
0.8089303644494793,1093
0.7936534744167317,1095
1.1668483215579322,1097
1.0564734789602306,1099
1.2645209664337635,1101
1.0384716969816523,1103
0.705188313435277,1105
0.8110108420801758,1107
0.9497176904881084,1109
0.7459582756580676,1111
0.8654012975265722,1113
0.7699480376979081,1115
1.330646968914973,1117
0.8263191361514736,1119
1.1080884796454604,1121
0.8044056553179952,1123
1.1656278620356229,1125
0.6474025596556262,1127
1.3879041242192829,1129
1.1431802926337225,1131
0.7675025470719385,1133
2.1421567093584755,2013
4.025737353399175,2016
2.2925459843217793,2020
3.076649346534383,2050
3.0955741688760834,2060
3.5784647080179144,2068
2.4032651364506807,2070
2.942244178101714,2090
1.7315584792461949,2100
3.4721465243150327,2110
2.2731964163659253,2122
2.9770905297274552,2130
3.200040456567696,2150
3.573901612038456,2164
1.899277758607776,2170
3.864154875347407,2180
9.805262688011322,2185
5.148205402968804,2188
2.249757084419674,2201
2.663389414777454,2220
2.3310999060751154,2232
4.347945072997488,2240
3.323245251800749,2261
2.1424278561077195,2270
2.152860895344036,2280
1.9216492865940764,2282
2.8125035855122484,2290
1.016195024010144,4001
1.540420029519346,4003
1.2147621034681966,4005
1.041568214051939,4007
1.198702925707497,4009
2.0750825625984173,4011
1.0811855724293942,4012
1.477943073640656,4013
1.045066766977848,4015
1.1255358731246965,4017
1.3474326942667827,4019
1.35358114796135,4021
1.4338132672510275,4023
0.9788339620978506,4025
1.351922774056646,4027
1.0429760744069232,5001
1.2422529386228998,5003
0.7507693484604334,5005
1.2302920742882872,5007
0.9044016453083056,5009
0.877244588474945,5011
1.323938848823054,5013
0.6989513616271913,5015
1.0276372257507975,5017
0.8347854685827447,5019
0.8298323331153836,5021
0.643614267177106,5023
0.9347116829374772,5025
1.04777825495392,5027
0.7939520683457055,5029
0.9774556978898622,5031
0.8297578114768316,5033
0.95534404693582,5035
0.7499906634823841,5037
0.8684647591735238,5039
1.007904822697438,5041
0.9087500723614864,5043
0.9095150104957616,5045
0.8952860762062805,5047
0.5625497856879873,5049
0.7548590825994116,5051
0.6990797114079014,5053
0.8973660655266513,5055
0.8349538418814313,5057
0.8039369786757541,5059
0.9959208311478704,5061
0.8985575317662331,5063
0.6438697809076446,5065
0.8770933972033953,5067
1.1496476601283092,5069
0.8419299873908126,5071
0.9961237370247848,5073
0.7127745690399894,5075
1.1845187994056323,5077
0.9177359917263052,5079
1.2255369971524697,5081
0.7867493688392643,5083
0.7246376484359632,5085
0.6655498046080182,5087
0.6108361305147427,5089
1.031949529656604,5091
1.1826770397753068,5093
0.732452765089278,5095
0.5885176622171592,5097
0.8544814561352166,5099
0.4446347995034308,5101
0.8489774708002852,5103
0.5941884732141628,5105
1.0124156874317969,5107
0.9640955538630326,5109
0.8906840644015476,5111
0.6531011667252689,5113
0.929368853417867,5115
0.8581603396551064,5117
1.398281111215728,5119
0.6904978496630628,5121
0.9905986419536256,5123
0.8232420152287612,5125
0.678174941425103,5127
0.4617014696267634,5129
1.1776797698038142,5131
0.9084418301625424,5133
0.6186456457731102,5135
0.5449240807540898,5137
1.211911892917731,5139
0.6451935311070546,5141
1.1139915959095836,5143
0.8284074520823017,5145
0.7977066968996858,5147
0.7497323139587309,5149
1.7033661041863473,6001
1.0186738518298186,6003
1.1006941979850755,6005
1.1642628210643449,6007
0.8288106574650315,6009
1.5175260804357351,6011
1.5750189565977175,6013
1.4364484849924617,6015
1.093622681560268,6017
1.3368648987984897,6019
1.4573134780745445,6021
1.2124993808985207,6023
1.3953183891331464,6025
1.230791733847924,6027
1.4536963918337695,6029
1.710676944736889,6031
1.0230479249309623,6033
1.531111498394693,6035
1.3662244945853093,6037
1.3340630047720587,6039
1.6198813893006243,6041
0.901078105255692,6043
1.0674705008360583,6045
1.3942846927189307,6047
1.1403029220488137,6049
1.19854174397502,6051
1.6500694072648143,6053
1.5056668997319502,6055
1.0268364828836496,6057
1.3777100526379158,6059
1.5000986805028549,6061
1.2384891002449272,6063
1.185653949695208,6065
1.6403289147747862,6067
1.1865737396911102,6069
1.3457024050828552,6071
1.577909671972502,6073
2.371415183874911,6075
1.2644514508704878,6077
1.261366078340798,6079
2.211407825117693,6081
1.4400701179589983,6083
2.6041219396345805,6085
1.2425738623328026,6087
1.3432617532545026,6089
0.979826520344904,6091
1.1370454891610864,6093
1.3990033720595776,6095
1.397724068609112,6097
1.2769114652270177,6099
1.1309118923503076,6101
1.1706212608575246,6103
1.0280073242586236,6105
1.3060586498722817,6107
1.1347733088731706,6109
1.4421106122008855,6111
1.6930017508801949,6113
1.583304885699251,6115
1.2253613793059135,8001
1.122876257238954,8003
1.6380884431273754,8005
0.5989024391633956,8007
0.8686301914173445,8009
1.0521913726927667,8011
1.574115366175919,8013
1.9861994085425911,8014
0.7490074773016447,8015
1.3273738287505938,8017
0.8116298072585335,8019
0.643076684896092,8021
0.6783440748397461,8023
0.9916845836367428,8025
0.5741097337901707,8027
0.7588782455795015,8029
1.948361950479338,8031
0.6299417922796868,8033
1.3823363715124073,8035
1.462527371529375,8037
0.5354661943705666,8039
1.3759062132288906,8041
1.0200137737738035,8043
1.443078130782944,8045
1.3335901795194256,8047
0.9331332190877516,8049
0.9848426397058976,8051
0.4912815790152964,8053
0.7077518720474606,8055
0.8471159237145716,8057
1.5004987062123123,8059
1.1828881350892675,8061
1.3470565405554662,8063
0.8377475707188787,8065
1.1977343234542968,8067
1.218530565839277,8069
1.0003034568832858,8071
0.9289776765894878,8073
1.188363693537071,8075
1.1974071085221163,8077
0.5652288856220782,8079
1.4641118341621142,8081
0.8402333660687159,8083
1.0620404230952063,8085
1.112008810591152,8087
0.9042651998315068,8089
0.7818036124757195,8091
0.5769602931677377,8093
1.1484550332467265,8095
1.6998495276915844,8097
1.088053732516998,8099
1.141548930442755,8101
2.1275538510890497,8103
1.1292419063395265,8105
1.3109156841074987,8107
0.9224550822746318,8109
0.5268652757103839,8111
1.140268537819666,8113
1.3903821201824031,8115
1.0020370326043977,8117
0.7887033321803192,8119
0.7989129834594088,8121
1.2698588746636763,8123
1.4800221311076602,8125
2.472513155444763,9001
1.9117742262208608,9003
1.149403671331194,9005
1.5275082106822568,9007
1.4279361919379383,9009
1.7145371140434853,9011
1.119245479119508,9013
1.0844906904132194,9015
1.1893274593844074,10001
1.713904772586854,10003
1.0845774405188406,10005
2.657018676592864,11001
1.145842622002098,12001
0.907393527287287,12003
1.147568983558649,12005
0.832820333284848,12007
1.1899661035261515,12009
1.0225147932349925,12011
0.8070789102526432,12013
0.8180669965476525,12015
0.7934039158321692,12017
0.8382299501158808,12019
1.1882778613271958,12021
1.0682101042816845,12023
0.8457420216567578,12027
0.8036919516693625,12029
1.3231441413654514,12031
1.1566075690228386,12033
0.9836993292009152,12035
0.756590711986584,12037
0.982829238653246,12039
0.7256601168674913,12041
0.5944999996315521,12043
0.9935670095672507,12045
1.2194887349487131,12047
0.8576082562437881,12049
0.9329790672903996,12051
0.7166039222182149,12053
0.7988176838216756,12055
1.245194864489418,12057
0.6057486363982898,12059
1.0730909169372191,12061
0.9877108324380204,12063
0.7280834145946009,12065
0.9825043646683348,12067
0.8632148193651313,12069
1.0885434885132612,12071
1.257236358707531,12073
0.7328033940439087,12075
1.1764313629355518,12077
0.8000811717134395,12079
0.9907086334602124,12081
0.8784977190813072,12083
1.0219150306952698,12085
1.1808595141848204,12086
1.044174998725864,12087
0.9957797879143062,12089
1.3114241461880525,12091
1.0137837695433949,12093
1.2290643022532188,12095
0.9770838854541616,12097
1.177863554618363,12099
0.8383073257898284,12101
0.9698541629515178,12103
1.0568971224762256,12105
1.0291249244183498,12107
1.1263388494376243,12109
0.9431728425102378,12111
0.935457082520238,12113
1.0199939136453977,12115
1.080457899736459,12117
1.0106964561510872,12119
0.8940529522842893,12121
1.1247343223683928,12123
1.0901994491117692,12125
0.9530083773315712,12127
0.8658430598692748,12129
0.957581230496974,12131
0.8644627265845721,12133
1.0503447869914533,13001
0.9473684258114248,13003
0.7126613617888443,13005
1.3968576678473252,13007
0.8295834388424967,13009
0.5057241229849777,13011
0.666336429086035,13013
0.8675772375308506,13015
0.865842865018253,13017
0.9234812375233088,13019
1.0153935382912749,13021
0.8999355447111669,13023
0.5919168145178767,13025
0.8372214588884818,13027
0.8554217525829777,13029
0.7964867316265193,13031
1.1405385208373402,13033
0.6674483571747546,13035
0.8242898396260807,13037
1.2111450108658557,13039
0.7232049332359715,13043
0.9277003398432042,13045
0.6684801317792058,13047
0.7484086350766522,13049
1.183678325702478,13051
2.1359821178963627,13053
0.7676627729149312,13055
0.8121926116842647,13057
0.9589171067264012,13059
0.7185638465946185,13061
1.107514325662185,13063
0.8967864729265073,13065
1.2286677257516023,13067
0.8826489290145125,13069
0.8394354802368206,13071
0.7439483131038368,13073
0.8774378109785951,13075
0.7503622257398426,13077
0.4174840696050664,13079
0.8384395332382404,13081
0.6248752772587067,13083
0.638782316208994,13085
0.8658134525049267,13087
1.070000696786206,13089
0.7144593286201568,13091
0.8158346322125426,13093
1.2027196484633385,13095
0.6661315733625915,13097
1.1728295173877872,13099
0.403888311480208,13101
0.899943316170555,13103
0.8001895962202624,13105
0.6776377436165829,13107
0.8048355321646513,13109
0.5538372211958701,13111
0.7513534839858214,13113
0.9476804771470329,13115
1.2695412064715528,13117
0.7122064739175985,13119
1.8549862724950248,13121
0.716866227334895,13123
0.4404287495189077,13125
1.0660254192397784,13127
0.9185850992112724,13129
0.7408765582273694,13131
0.765473073182166,13133
1.2580620092996837,13135
0.8175311596538909,13137
1.0215492980769032,13139
0.562006218600603,13141
0.830247123450937,13143
0.4866732699763587,13145
0.760294161582106,13147
1.0043553286450757,13149
0.7760339806692164,13151
1.2633807485895867,13153
0.7347172373988271,13155
0.926620220871024,13157
0.6605044923715822,13159
0.8705066468152592,13161
0.8477160983611484,13163
0.7232187939817378,13165
0.6953330432986319,13167
0.668763086014905,13169
0.7414165038848525,13171
0.6087349968306339,13173
0.9557807320045216,13175
0.7675939479364856,13177
1.7375069721461187,13179
0.5973848655072261,13181
0.6258528015597319,13183
0.9729769396488832,13185
0.7322900984541048,13187
0.829115785986315,13189
0.6123679571188807,13191
0.892974679700027,13193
0.629523176563109,13195
0.6613816797615348,13197
0.7320320832444523,13199
0.8109825638961269,13201
0.8305719846640547,13205
0.9008496987980328,13207
0.7915880315263712,13209
0.6939745907516587,13211
0.8269073226098548,13213
1.12792859695243,13215
0.986860839697307,13217
0.733167084586112,13219
0.6831281284253149,13221
0.5180844406385041,13223
1.0190511277061267,13225
0.7183049702791507,13227
0.6921127508674918,13229
0.5479439620949359,13231
0.7402446146513044,13233
0.8130402597055449,13235
0.8353658472954422,13237
0.7906285491886209,13239
0.6910646448395823,13241
0.8353342032327279,13243
1.1822019259422112,13245
0.808890346922935,13247
0.9466003655152496,13249
0.7539367342050226,13251
0.822451913762084,13253
0.8259317677749731,13255
0.8350487373769853,13257
0.7027617099943614,13259
0.9107634771482436,13261
0.6798393230517191,13263
0.5043601793614046,13265
0.8876907364084685,13267
0.8651704316241091,13269
0.6353036068342224,13271
0.8076984321630291,13273
1.0554907369898985,13275
0.9511143386013668,13277
0.8164461315483094,13279
0.5849682140719085,13281
0.6287875394228809,13283
1.017025635380883,13285
0.697997851084024,13287
0.6611594777085325,13289
0.6152932749455149,13291
0.7707565267915548,13293
0.8006358436203485,13295
0.8802367145182599,13297
0.8829366666954953,13299
0.6593475190816888,13301
0.9219930523749368,13303
1.0409427646506169,13305
0.7961066440097552,13307
0.7854327853193421,13309
0.5535158397384852,13311
1.1047944770274387,13313
0.7538741543273575,13315
0.7638300618869088,13317
1.145543943316745,13319
0.7950095756250353,13321
1.1103154231933587,15001
1.2272660152425925,15003
1.0933277875252048,15007
1.0273712227777727,15901
1.5157692985787852,16001
0.6046509678469788,16003
1.104757946541839,16005
0.7014721077393582,16007
1.1754438779364742,16009
1.1354254705019555,16011
1.2713060663442808,16013
0.7074826396321487,16015
0.951253867040444,16017
1.23710494261555,16019
0.9416161624833022,16021
3.390005656727356,16023
0.7482273352634939,16025
0.9395279842468616,16027
1.4769320921883131,16029
1.3134529178572645,16031
1.0201201766334294,16033
0.984391040005824,16035
1.0198520078219453,16037
1.4482502111087854,16039
0.7982245193592726,16041
0.921401708611132,16043
0.6275377429409023,16045
1.6884768409978987,16047
0.8267700789792444,16049
0.9812426597722712,16051
1.521148830136858,16053
1.1044556590288936,16055
0.9967557678132698,16057
0.7510266382946045,16059
0.8461457555736255,16061
1.381164267550926,16063
0.9253401131054326,16065
1.1562452791494575,16067
1.3442293773263276,16069
0.6647834443480881,16071
1.227142580258675,16073
0.93847103266475,16075
1.576020121524759,16077
1.2311739425280428,16079
1.0115865548219116,16081
1.16064047427933,16083
0.9920709303529222,16085
0.804581623463233,16087
0.9965207010424088,17001
0.9119665374494852,17003
0.8168845780380299,17005
1.276278947288833,17007
1.0625408805872356,17009
0.9998386771149856,17011
0.4802525617761629,17013
0.8097523717370434,17015
0.8561805913433638,17017
1.115579954166397,17019
0.9917581995374674,17021
0.8430527491156655,17023
0.7937758207483742,17025
0.7779285767707083,17027
0.9245822011658048,17029
1.4441657605722735,17031
1.156219489036441,17033
0.6565445111992116,17035
0.940775456563219,17037
1.1765111005177653,17039
1.0212612117487108,17041
1.5061003341589996,17043
0.9582955941261284,17045
0.7449018577436735,17047
0.9217477959804032,17049
0.6853049266405955,17051
0.9836195214100086,17053
0.7956597606503346,17055
0.776275438665302,17057
0.8651652147687616,17059
0.703897990332437,17061
1.2837098674267753,17063
0.6544916542825682,17065
0.7510961324353155,17067
0.5860812738725186,17069
0.7257431498111899,17071
0.8157691434012113,17073
0.8189668531777876,17075
0.9398456612651572,17077
0.8075514705561457,17079
1.0027706293984089,17081
0.6949124495853435,17083
0.7880138085265096,17085
0.659810707535244,17087
1.082584365685448,17089
0.9450974580989988,17091
1.0025839351134298,17093
0.96463756616713,17095
1.6706869493322891,17097
1.046171955121357,17099
0.9268823247292168,17101
1.0309427126316222,17103
1.1663960911037323,17105
0.9728982714319052,17107
1.0158774883633552,17109
1.095648529734224,17111
1.3899526249123129,17113
1.4257254913996644,17115
0.8778981315411388,17117
1.0625737095076122,17119
0.939049202606889,17121
0.8734027067551681,17123
0.9092269354836212,17125
1.0948811868813917,17127
0.7995158872218509,17129
0.7644775418280632,17131
0.705549646721028,17133
0.87468057234411,17135
1.0252029321091805,17137
0.9336181397908304,17139
1.162646914758902,17141
1.368924889733023,17143
0.7980174383423978,17145
0.912360060086572,17147
0.7791472930786983,17149
0.6175959254952631,17151
0.9559219189778088,17153
1.2664381685832793,17155
1.007605158604301,17157
0.7965264274983387,17159
1.575244416242025,17161
1.184606560247724,17163
0.9697408315815088,17165
1.2721898162470562,17167
1.063531289633438,17169
0.9439854239516472,17171
0.8728837637595988,17173
1.0175505397935785,17175
1.0473732647408047,17177
1.618672108585287,17179
0.8066803890649467,17181
1.0229883126677768,17183
0.8658660430966143,17185
0.9057433242238526,17187
0.9674620830231476,17189
0.7186802766463641,17191
0.8308559774749982,17193
1.0343593237099764,17195
1.0806280648741764,17197
0.992730626649055,17199
1.1272816961112828,17201
0.8489067489424562,17203
0.6893028133810591,18001
1.1213959645572265,18003
1.3060183049195309,18005
0.7944385275349027,18007
0.7619887266108054,18009
1.0245531992605017,18011
0.42422920123678,18013
0.6316726767659615,18015
0.8518163769822803,18017
0.95394031383536,18019
0.6398652507010948,18021
1.0128139083062846,18023
0.4677487776597976,18025
0.7597036457476366,18027
0.806999401339043,18029
0.921862755345772,18031
1.0049672961514555,18033
0.8967600697402476,18035
1.0722079063650922,18037
1.1012923542826172,18039
0.9066965058556444,18041
0.8599581700129757,18043
0.8234916762059229,18045
0.6054721494180428,18047
0.7484531076185852,18049
1.3668159487625682,18051
0.9558156319047186,18053
0.6932673395610883,18055
1.1309748154462742,18057
0.747072859498504,18059
0.6966645857573636,18061
0.7734166373888736,18063
0.8137780366151587,18065
1.5013642270176286,18067
0.7991131113078308,18069
1.0048916493183162,18071
0.936044768823956,18073
0.8245963219875728,18075
0.8636532416110716,18077
0.8138235032547484,18079
0.7171282960689577,18081
0.9387829221248256,18083
1.2360195685020845,18085
0.8574257392780413,18087
1.0790984298278046,18089
0.905711774490976,18091
0.8569341261017255,18093
0.9440146343036748,18095
1.4790440258889055,18097
0.8374376778169814,18099
2.1489492745119634,18101
0.8391290899175804,18103
0.9084100251015386,18105
1.0565206633551238,18107
0.8222843860310285,18109
0.9051810610008504,18111
0.8034143147637206,18113
0.6619436048948836,18115
0.7869793477329557,18117
0.766264848793389,18119
0.6496509046612224,18121
0.8586691061751646,18123
1.0972952566537384,18125
1.024330604906299,18127
1.345152363731616,18129
0.907418014237724,18131
0.8140259236196015,18133
0.8122333107076507,18135
1.117879619954328,18137
0.920617051617984,18139
1.16635862405772,18141
0.7661393415115519,18143
0.9532566613141652,18145
0.9191191552989496,18147
0.6764381625753293,18149
0.7648092313040492,18151
0.8389893430320445,18153
0.7201314694211058,18155
1.1306010397196335,18157
0.8461172456634664,18159
0.6374760047341846,18161
1.1990139204334331,18163
1.2370671410081715,18165
1.0556595038965668,18167
0.8011213245353098,18169
0.9262345693065523,18171
0.974769096007392,18173
0.6563636556239374,18175
0.9034890306325152,18177
0.8137679469875911,18179
0.985495037934218,18181
0.932754673491023,18183
0.7156092160534278,19001
0.6736263947886809,19003
0.7925384128743564,19005
0.6921927475241042,19007
1.0553900012731174,19009
0.8146228091727444,19011
1.1762434000032942,19013
0.9682384953673278,19015
0.8718099903503073,19017
0.9160007546676688,19019
1.0284582431607954,19021
0.8982951684864412,19023
0.9709722731346192,19025
0.9368938830660763,19027
0.9274334055125736,19029
0.6858861533098879,19031
1.0349820223768849,19033
1.074514624921477,19035
0.8405239569248916,19037
0.9131698089125556,19039
1.0958663954370962,19041
0.724340586360604,19043
0.9447676536030024,19045
1.1205358848233065,19047
1.274129314258811,19049
0.7013772281902053,19051
0.5295143402790222,19053
0.7867505396099197,19055
1.263085205643605,19057
0.8926585901710806,19059
1.0781304378419267,19061
1.0138871140904238,19063
0.8094282076931889,19065
1.210268751960834,19067
1.1127798039597487,19069
1.074683704164982,19071
0.9328882052545304,19073
1.071880221430238,19075
1.0142051195026007,19077
1.0915248997233422,19079
1.1646927897118078,19081
1.1317167905088452,19083
0.810683313025025,19085
1.0092955311609595,19087
0.8847920775692417,19089
0.911332256830416,19091
1.1991845815120852,19093
0.9974204432474212,19095
0.6446394259104699,19097
1.082030108529189,19099
0.7683463592907522,19101
1.1536636798597866,19103
0.7683601838604345,19105
0.6647599171728971,19107
1.5112899209146549,19109
1.0365739779904373,19111
1.3466692309872228,19113
0.8792687173370439,19115
0.736266626093762,19117
1.0418607940114712,19119
1.1178459657352822,19121
0.9012474115525496,19123
1.0922333639797597,19125
1.2541773954745783,19127
0.977234104261688,19129
1.0343167596750915,19131
0.8662961443388029,19133
1.0330838197667696,19135
0.9435731299046936,19137
1.2674288663218385,19139
0.9106679108264444,19141
1.3653749037665193,19143
0.9494228097082008,19145
1.1935818674462035,19147
1.1029496992765866,19149
1.0702158256079266,19151
1.4515213000428235,19153
1.1339094508847007,19155
1.0458147278915242,19157
0.551470601533402,19159
1.0887354793333546,19161
1.0800778525084576,19163
0.929779141038238,19165
1.073991187023487,19167
1.3368772145249994,19169
0.9588130472016908,19171
0.9739508945302332,19173
0.886285050774151,19175
0.7674013820901227,19177
0.9984654852873468,19179
0.7345984930848861,19181
0.8419078211046545,19183
0.5576659222103583,19185
1.1861229277841636,19187
1.1457472658240822,19189
1.1077310538871354,19191
1.132102783692904,19193
0.8169216250549677,19195
1.3135807355355826,19197
0.7638128925629297,20001
0.5548123252017432,20003
0.8304312449585144,20005
0.8309152379817935,20007
0.9787370514222656,20009
0.7148433664402274,20011
0.8740092105751736,20013
0.8105144469254124,20015
0.419599497375272,20017
0.4103995123064859,20019
0.7387533094894628,20021
0.8084559410677529,20023
0.6179537870444137,20025
0.6664667714731306,20027
0.7878892054052665,20029
1.161509066517272,20031
0.8906701089049999,20033
0.9059910262832194,20035
0.8580857159561188,20037
0.8452346425932511,20039
0.8580472136316563,20041
1.0506347593130336,20043
0.8597316229502305,20045
1.2243246474507266,20047
0.5890979148620865,20049
0.914706393098087,20051
0.8209886667823061,20053
1.144250116976846,20055
1.0976038243910928,20057
0.8506564452475956,20059
1.7946814921452103,20061
0.7581587251082217,20063
0.7570505768220115,20065
1.3238937345343893,20067
0.9674766063348508,20069
1.2089248350541586,20071
0.83640698059686,20073
1.1629762624507305,20075
0.8796325354918394,20077
0.8010204567838601,20079
1.5779532657749915,20081
0.6247443678381439,20083
0.5305700103914072,20085
0.6294747854074132,20087
0.6892830547288515,20089
1.4771642143765114,20091
1.1451870254663228,20093
0.653143408649042,20095
0.9693654167248432,20097
0.7822900632021089,20099
0.7364549455876428,20101
1.2698879533325418,20103
0.6316483335650891,20105
0.7034945547812651,20107
0.9553232895859068,20109
0.9181617725692484,20111
0.999537957767415,20113
0.7805941415612423,20115
0.996489920202819,20117
1.109207694074989,20119
0.8208426037477704,20121
0.9623782213354268,20123
0.9816098205565706,20125
0.740558656493781,20127
1.3533906327393084,20129
0.8490719030397634,20131
0.8735232986583503,20133
1.021785317259451,20135
1.043093807339243,20137
0.4947971246217042,20139
0.7693935645181903,20141
0.6132924274023761,20143
0.904837424534162,20145
0.8594757307257845,20147
0.7035409446851238,20149
0.9795089454752738,20151
0.5961461378252543,20153
0.9567386910664776,20155
0.6613405364125612,20157
0.8233925482671888,20159
1.0180358166837606,20161
1.0297728004224391,20163
0.8211877948218611,20165
0.9406874704464254,20167
1.1850400709901088,20169
0.9012347253891242,20171
1.4238686799884457,20173
1.2119083524017509,20175
1.2314988277287822,20177
1.3752389580321027,20179
1.074228771876638,20181
0.8498983164258158,20183
0.8949236772577921,20185
1.2291129726940329,20187
1.3454059720787734,20189
0.91848346900327,20191
1.1274830562886835,20193
0.9509555027908309,20195
0.6212643766334148,20197
1.010759324366875,20199
0.6161921816591317,20201
1.1016896092765571,20203
0.9370948609183852,20205
0.7748135160915512,20207
1.3953181578340632,20209
0.5579060385644263,21001
0.7490489982994941,21003
0.6262288097772993,21005
1.0493516632176394,21007
0.70000466671571,21009
0.5530468547937544,21011
0.8503321398127652,21013
1.1209123831145946,21015
0.869839757041852,21017
1.2179211553604998,21019
0.8656895496361118,21021
0.4459494194070246,21023
0.8455038574821172,21025
0.4797642429878545,21027
0.622570830815695,21029
0.6487036519836465,21031
0.7175756460480555,21033
0.8079487817249806,21035
0.8198440084906379,21037
0.5209579198100484,21039
1.0886280424451358,21041
0.5583337790384475,21043
0.4886623428292225,21045
1.6542094434925354,21047
0.8238237973617896,21049
0.8749906812734336,21051
0.6471804105314845,21053
0.4583624962694169,21055
0.4583024934286487,21057
0.948108259702301,21059
0.5200547627006659,21061
0.4447527768182136,21063
0.5535893384174354,21065
1.2121169728129977,21067
0.5245836838026849,21069
1.0617488026769837,21071
1.159673936529063,21073
0.8673021218824627,21075
0.977769228458528,21077
0.5616632946763688,21079
0.5986258745418988,21081
0.7844007461714639,21083
0.6019140201635169,21085
0.427948451607908,21087
0.961205879913358,21089
1.5776873587053923,21091
1.1456249555161009,21093
1.0527873709904143,21095
0.7074958134827847,21097
0.546869274762098,21099
1.1030764840040983,21101
0.5935669443843067,21103
1.2071400689258034,21105
1.002680659034834,21107
0.4835531884729371,21109
1.2598107630581388,21111
0.8409527383953106,21113
0.7965453663877404,21115
1.1725014942333558,21117
1.2472292876678803,21119
0.7785832770623634,21121
0.519582877486612,21123
0.8685400808431314,21125
0.8360624437496467,21127
0.6580577162119229,21129
1.0811851512796762,21131
1.039085252589747,21133
0.4926823028339157,21135
0.5966770442825673,21137
0.8364426607939127,21139
0.8517631090685753,21141
0.6801625963613475,21143
1.0858615121696575,21145
0.744858306612167,21147
0.8980977239609946,21149
0.8014195680277888,21151
0.6096241076034731,21153
0.7481521791562352,21155
1.0337300207174906,21157
1.0817205715578768,21159
0.8607084819266508,21161
0.6830350023261195,21163
0.5030164807811736,21165
0.8316465701898551,21167
0.543146060213946,21169
0.5422407609976947,21171
0.7675069649864352,21173
0.6456344099909567,21175
1.0043003878321957,21177
0.8614838608050155,21179
0.3367096288649435,21181
0.733216151603157,21183
0.7882714225130933,21185
0.5340610254775995,21187
0.4922729952608251,21189
0.5869637203880456,21191
1.176321965849401,21193
1.156617915243989,21195
0.624631166557078,21197
0.8044403850809874,21199
0.3153748705211873,21201
0.5822952573427469,21203
0.7810757929918413,21205
0.6480624666951709,21207
1.3899611549136506,21209
0.8051781537354086,21211
0.9263734057012496,21213
0.4106084890334541,21215
0.6722895277385194,21217
0.7748095340906632,21219
0.8086778719171869,21221
0.6837686576305173,21223
1.0345863001086084,21225
1.0121324216255791,21227
0.6548696140511948,21229
0.6718352037784139,21231
1.2323894708609169,21233
0.8905107155777853,21235
0.5144666732443769,21237
0.9577266769359024,21239
0.9066168082722448,22001
0.854409274341989,22003
0.7488573496580508,22005
1.153870793183445,22007
0.7991276303580964,22009
0.8921744863898139,22011
0.8594455922718874,22013
1.0795118458053403,22015
1.245574766137457,22017
1.266862452535217,22019
0.7909136929320701,22021
1.5227665882375856,22023
0.8740470983119518,22025
1.1013930081847685,22027
0.9038373033527636,22029
1.2366419150280348,22031
1.296488183816614,22033
1.0627516060390745,22035
1.016228452742652,22037
0.8875115147949496,22039
0.8193016981117694,22041
0.8378665704966887,22043
1.4277309655993902,22045
1.8578774504675435,22047
0.9970157856947528,22049
1.2595800662252787,22051
0.975260395311725,22053
1.3574310239048295,22055
1.2324709348495784,22057
1.074918292789681,22059
1.1253406586835746,22061
0.7584134084719726,22063
0.9879666125698005,22065
0.9697592542171356,22067
1.1101623361619637,22069
1.6884914317533724,22071
1.1068295324767283,22073
2.2720937227482665,22075
0.9963272285916568,22077
1.22644663458923,22079
1.0017890119960058,22081
0.9575711509176154,22083
0.8620098443174131,22085
1.4986453445793564,22087
1.838051189578143,22089
0.4707670075301693,22091
1.7461338213120852,22093
1.360164391717243,22095
0.9771114495962712,22097
0.7789229433618586,22099
1.4843027514724716,22101
1.0715798723050431,22103
0.9057606355997646,22105
0.9571925390100176,22107
1.5575908576545472,22109
0.8429337257641287,22111
1.06303144969678,22113
1.4797964872464786,22115
0.8677360301788298,22117
0.9947694225046708,22119
1.249203369561486,22121
0.7681118494896189,22123
1.6201765427588386,22125
0.9414536691432616,22127
1.1589139331210965,23001
1.2803843142356004,23003
1.4101753062957003,23005
1.033546104465977,23007
1.029636024197302,23009
1.2812689582282888,23011
1.0622313018021812,23013
0.7948967675822252,23015
1.0120881044356858,23017
1.3691670673290404,23019
1.0652701272823606,23021
1.4182124280669035,23023
1.2644878652164535,23025
0.9932459797058556,23027
1.0679268630430423,23029
1.1166398169397018,23031
1.00625167222943,24001
1.4896096597917323,24003
1.231842732652998,24005
0.9822103976021788,24009
0.9232222451066224,24011
0.8414502363799068,24013
1.106345974634278,24015
1.0532700223203022,24017
0.9429681526690824,24019
1.194997908357564,24021
0.7831958579831226,24023
1.1152375712847915,24025
1.5344113343627437,24027
0.8581085675890407,24029
1.7120079841953364,24031
1.286438270497235,24033
0.8428669272480444,24035
1.481370634333394,24037
1.013370264099548,24039
0.9215657534209218,24041
1.1110901811005616,24043
1.132308212121062,24045
0.8348254417650607,24047
1.5300600416032633,24510
1.094149964381448,25001
1.1217696487421207,25003
1.1976290984131104,25005
1.0988714281314094,25007
1.4254368146321508,25009
0.9436131317377608,25011
1.2394546634935866,25013
1.0246923341401342,25015
1.9715737895857464,25017
1.5862141367031524,25019
1.6219826655877791,25021
1.228476567443872,25023
2.708673918419944,25025
1.3557132958498015,25027
0.5951944933117767,26001
1.0531395595608684,26003
0.8549785030520969,26005
1.0423521466526424,26007
0.6546241325291688,26009
0.5937762141635538,26011
1.0439187685696174,26013
0.6388414038502607,26015
1.0498512384786614,26017
0.5395026022818179,26019
1.037219054925092,26021
0.8234692138350692,26023
1.2763152103260442,26025
0.7360461873703363,26027
1.0894027776639206,26029
0.7199638386734122,26031
1.0591674629568488,26033
0.6885226609529347,26035
0.7088058505506045,26037
0.833491636431776,26039
1.0472235474426457,26041
1.1873068894249523,26043
1.0157873605881511,26045
1.0825413294323656,26047
1.0391273076328884,26049
0.7733872562593078,26051
0.9182428795368148,26053
1.1076736464620875,26055
0.9399516763628928,26057
0.8461026127552134,26059
1.0627948064067343,26061
0.9698449465253588,26063
1.1955380849750106,26065
0.875879423442686,26067
0.7986641939590494,26069
0.8921982274165147,26071
0.8627197587432631,26073
1.0642612527497384,26075
1.1388868367710492,26077
1.1291123520568875,26079
1.2509317652492378,26081
0.536393017005138,26083
0.5350312328414817,26085
0.7352470197872861,26087
0.7528158878608772,26089
0.8413757343675528,26091
0.9194317569312658,26093
1.0138263947056436,26095
0.8845065236187318,26097
1.287624689636228,26099
0.9047862530893916,26101
1.2060719296474771,26103
0.8470190686809577,26105
0.8386056393984499,26107
0.9036254827718404,26109
1.497219627324296,26111
0.7408154924803484,26113
1.1051878550928218,26115
0.909994690080374,26117
0.7044497143252559,26119
0.9908679278621134,26121
0.8609948438759911,26123
1.5143359150652798,26125
0.7263978175728668,26127
0.7305190092541011,26129
0.99044154018758,26131
1.2536750034408135,26133
0.7509061460996839,26135
1.0026154552883049,26137
1.098908721101962,26139
0.8646294943820486,26141
0.8156455411020076,26143
1.1406222670665005,26145
1.0092874391194642,26147
0.9945400902589976,26149
0.737914863976004,26151
1.218304420155948,26153
0.7678309565349037,26155
0.8547365112132848,26157
1.0231372726715682,26159
1.427202492120013,26161
1.4198772491229037,26163
1.0055589339819824,26165
0.6849551052401148,27001
1.133884140077908,27003
0.8628304972759754,27005
1.0100992477073438,27007
0.9014664256662952,27009
0.8477825125524111,27011
1.0083855110614397,27013
0.972692320171258,27015
1.0366484329208756,27017
1.2148679751818736,27019
0.5100562387842865,27021
1.0114468840276238,27023
0.939503581490184,27025
0.9746662905349291,27027
0.720146048785238,27029
0.820258519562337,27031
0.8861143021243185,27033
1.0605424124328895,27035
1.2493899558195725,27037
0.9331619996985197,27039
0.9437907499297103,27041
1.274753088026779,27043
0.6843189061506545,27045
0.904036668283573,27047
1.06424425473059,27049
0.8060356659988478,27051
1.8363608879691289,27053
0.6632391874101036,27055
1.075195755193444,27057
0.6792101418812679,27059
1.0477683409347534,27061
0.9129744433044268,27063
0.7163504330096805,27065
1.0596750204282768,27067
1.0993593980965988,27069
1.4084518141862763,27071
0.861941305759436,27073
1.032993216036442,27075
0.8473552509751057,27077
0.7223126411330509,27079
0.7094470871882025,27081
1.1224092945849875,27083
1.1064270276114612,27085
0.9225311312544928,27087
0.9486252183785272,27089
1.0484155766893943,27091
0.7662132401110437,27093
0.864837352535062,27095
0.9328491538277968,27097
1.0892305670662397,27099
1.045619128451234,27101
1.1019299189620155,27103
1.1294136984767176,27105
1.1301454600709029,27107
1.5506858435658102,27109
0.84995797173857,27111
1.1614458316350196,27113
0.8043341831679217,27115
1.0355232188647556,27117
1.0345426019491613,27119
0.8380021613323303,27121
1.4856937468536513,27123
1.0124086590122776,27125
1.0794938372357028,27127
1.2224747844170054,27129
1.0450254548314497,27131
1.071892003766712,27133
1.2545096535531943,27135
1.393146397044791,27137
1.151334178778399,27139
1.0182828419982586,27141
0.9009396620832738,27143
1.177546102890838,27145
1.1330849331046209,27147
1.3122897978941486,27149
0.9041919044635758,27151
0.749174718457844,27153
0.8795455684241783,27155
0.8802172048296154,27157
1.0422096393809548,27159
1.000345290378193,27161
1.089214331585497,27163
1.0029159486339756,27165
1.1547030523504105,27167
0.979835396344681,27169
0.904213723726187,27171
1.1817832972945237,27173
0.9219488557981972,28001
0.8919773888150306,28003
0.5427030630817401,28005
0.7381926190412053,28007
0.5992672939845565,28009
1.021350130413874,28011
0.7841235726879314,28013
0.5779897950414717,28015
0.7830982334343609,28017
0.7682347362476558,28019
1.4616230505142849,28021
0.7646792501528549,28023
1.0662413969606546,28025
0.984927314452872,28027
0.7246521869110512,28029
0.825884653695406,28031
0.9008762957401644,28033
1.034278317962521,28035
0.8484657077267485,28037
0.6757215345771533,28039
0.6589162356916691,28041
0.8694308868618309,28043
1.1523825165561192,28045
1.170881273485581,28047
1.3376808589539697,28049
0.7703957452544404,28051
0.7709364681037146,28053
1.2324034992145252,28055
0.7657125230458164,28057
1.3709251539155236,28059
0.9063768872518916,28061
0.7700450852945145,28063
0.6853523152239589,28065
1.0988099049431792,28067
0.6256284571560795,28069
0.9723156962130214,28071
0.7975973270761844,28073
1.059127174776349,28075
0.9152816531884904,28077
0.7555796493568883,28079
1.0532301305707992,28081
1.0235304894630162,28083
0.9462090609899256,28085
1.118620316540959,28087
1.0966134302924784,28089
0.7982654341468979,28091
0.7603318082645572,28093
1.0032369280865343,28095
0.8453325352925476,28097
1.067968482474677,28099
0.8302913541341943,28101
0.9063300978028312,28103
0.9283571878138914,28105
0.8952153562483692,28107
0.6583449131028496,28109
0.842010633852235,28111
0.817938730477698,28113
0.7968368480161916,28115
0.795960423542203,28117
0.8577645162099354,28119
1.0171776171862896,28121
0.8121260800741428,28123
0.9315303119038996,28125
0.7658294052371769,28127
0.9987889375705143,28129
0.8561347512488258,28131
0.931961186431838,28133
0.9210819286146876,28135
0.7352855576736982,28137
0.7682338199059127,28139
0.7943308636890501,28141
1.000636369002277,28143
0.7870817154202314,28145
0.6627695686022314,28147
1.16296187868186,28149
0.9799012851002225,28151
0.9036821403891542,28153
0.6322875983605083,28155
0.748566000037364,28157
0.9147665259559176,28159
0.7536360635095531,28161
1.048160734449952,28163
0.7320042770947529,29001
0.5803767831659519,29003
0.9745160472489204,29005
0.905555521326436,29007
0.831556784078056,29009
0.6813672342509631,29011
0.6579744289955666,29013
0.5318435868051932,29015
0.4264849222018329,29017
1.081838518565122,29019
1.0797501324692018,29021
0.9182458240603908,29023
0.5579584699122856,29025
0.9450727242948996,29027
0.6655659908518325,29029
0.9794262903367622,29031
0.6778046345334893,29033
0.6032240660269973,29035
0.755347496199961,29037
0.5139437512520612,29039
0.7779182628999136,29041
0.5868175437076056,29043
0.6190958133845306,29045
1.3481638071445727,29047
0.7770952230163677,29049
1.207923932886708,29051
0.736128567010672,29053
0.7514018763036606,29055
0.540028410468465,29057
0.4717093675522014,29059
0.5785710960948456,29061
0.7648961362897574,29063
0.7338741246816793,29065
0.4827192312227973,29067
0.8904076278149428,29069
0.8870603943634117,29071
0.6152629460406711,29073
0.7492940086578952,29075
1.0497570904299338,29077
0.7663430992920945,29079
0.6117311570220705,29081
0.7945766790623883,29083
0.3978694694294156,29085
0.7801247512554759,29087
0.5619462885028823,29089
0.7189631244383291,29091
0.8272132137769673,29093
1.5439391027103673,29095
0.9459156436961867,29097
0.7710683916283282,29099
0.9028923014741382,29101
0.6305486831151513,29103
0.761814341527417,29105
0.7784624276415979,29107
0.683330748511606,29109
0.710166117028447,29111
0.7790409491881233,29113
0.7450721710148188,29115
0.8253766289370449,29117
0.636392100525408,29119
0.7004529392620099,29121
0.6421067760689219,29123
0.2837687292730456,29125
0.8909658811735525,29127
0.8902817225773448,29129
0.7226715842994872,29131
0.8963464002601698,29133
0.7156705475817545,29135
0.6494570903690596,29137
0.6036768161711141,29139
0.6943088423624784,29141
1.2079193669268824,29143
0.9440967533173702,29145
0.8566765028662807,29147
0.5450900226178175,29149
0.6926177066499332,29151
0.391605675035276,29153
0.9280151759042228,29155
0.775905669678317,29157
0.8762741269084822,29159
0.9312999806695136,29161
0.7756169861379505,29163
1.160682946087795,29165
0.665983521814425,29167
1.4780717202680964,29169
0.590621085086894,29171
0.883801005524772,29173
0.946581764481266,29175
0.5901002172399712,29177
0.929960630793442,29179
0.5615263752625991,29181
1.027796213346683,29183
0.4970765987978751,29185
0.9386745953776842,29186
0.812016651220269,29187
1.3971048681792029,29189
0.9891407588201622,29195
0.4783294674665457,29197
0.7403851987032058,29199
0.9476443220832828,29201
0.5349215906668312,29203
0.7987421292196818,29205
0.8498619869647952,29207
0.5684881072341211,29209
1.1760008831927735,29211
0.819621761694022,29213
0.6251062936896145,29215
0.8357669188306994,29217
0.7151747588895857,29219
0.7323532430323422,29221
0.5823019825723047,29223
0.6278183024344668,29225
0.4375484193330495,29227
0.5535963760588407,29229
1.5417172065989655,29510
0.9886343312612216,30001
1.2030747855798467,30003
1.0320080764571076,30005
0.8162777942668015,30007
0.6057845965206893,30009
0.6044229153586919,30011
1.3584358697948742,30013
1.0154246397242848,30015
1.082248084475258,30017
0.98000505594517,30019
1.1449763080109263,30021
0.8745935173926673,30023
1.4898846796749945,30025
0.9859846925495508,30027
1.1359465512032958,30029
1.1164943858095104,30031
0.7421499217016999,30033
1.2701451272174276,30035
0.4134714618130279,30037
0.6177626291938867,30039
1.253146783646412,30041
0.849747220429946,30043
0.8323978273819952,30045
0.83699904737543,30047
1.40089607236194,30049
1.1201679836637108,30051
0.8970585419615751,30053
0.8217035640865206,30055
0.8370690960017115,30057
0.670554294594227,30059
0.7559647600067393,30061
1.211601224206576,30063
0.621783934790123,30065
0.7829739633432065,30067
0.577138881542947,30069
0.981051437956343,30071
1.0217184352796775,30073
0.4803729419768108,30075
1.011215740151188,30077
0.8358141396140222,30079
0.8727794313853448,30081
1.3726818617236458,30083
1.0544242816977512,30085
1.6513703404641171,30087
0.7322111699176043,30089
0.887049035743914,30091
1.3768447147108,30093
1.2851792588448545,30095
1.2566149152802528,30097
0.9670409645605677,30099
1.278981056354194,30101
0.5720532441329073,30103
1.049528046957328,30105
0.7166985074273043,30107
0.650939062667864,30109
1.3795316343306672,30111
1.1065042448909086,31001
1.051904443866037,31003
0.5848885525724576,31005
0.8901808364971779,31007
0.5667970989698399,31009
0.929971720215808,31011
1.5379216930729946,31013
0.8045963860846329,31015
0.7582915828782397,31017
1.117998776038608,31019
0.8286262013690939,31021
0.9852363005741952,31023
0.680994809455535,31025
1.1474813293682746,31027
1.2460484335326427,31029
0.7585371382868149,31031
1.4234087924933636,31033
1.160812717535142,31035
1.1081033237649096,31037
1.189959723478688,31039
0.937295687127897,31041
1.1767076744626574,31043
0.8120302152963729,31045
1.1695912433299709,31047
0.6993620678259143,31049
0.7868485394578024,31051
1.0394756034877648,31053
1.4707135895569807,31055
1.451683526653084,31057
1.080362450079246,31059
0.8538194711618703,31061
1.0058614085879858,31063
1.1341713604578034,31065
0.8711263818691118,31067
1.0704697834892063,31069
0.6442552600996326,31071
1.283901647311733,31073
0.4374311146649634,31075
0.7779652142804984,31077
1.2411604606493194,31079
1.2756232387255346,31081
1.0729349956092422,31083
1.4396740085607815,31085
0.9420978876052736,31087
1.1195485265415386,31089
0.4714109349215348,31091
0.7144320674679093,31093
0.9689836770459944,31095
0.8208198011199046,31097
1.2887263579421817,31099
0.9465516998273592,31101
0.6206405865271502,31103
0.9136013473823889,31105
0.8929337577982471,31107
1.2000836038179252,31109
1.4221023700076498,31111
0.7550041075093773,31113
0.3577351701632729,31115
0.1675163112877842,31117
1.0378017795824177,31119
0.9049954945536722,31121
1.4836747861292847,31123
0.9247448655548968,31125
1.2629042353647555,31127
0.8989715042922178,31129
0.8725232299701159,31131
0.7304674203908424,31133
1.4177673274163978,31135
1.361944097964517,31137
0.9463931215291496,31139
1.290171226290736,31141
1.3964567016571927,31143
1.1072078483076042,31145
0.8017816437521079,31147
0.7574391313753627,31149
1.1813802177009909,31151
1.2436181400451138,31153
0.8869187034128422,31155
1.240777782386414,31157
0.970021975459208,31159
0.7842091612571419,31161
0.785849934403369,31163
0.7858574591241962,31165
1.4177048964208958,31167
1.162359922192397,31169
0.6432418445018767,31171
1.4933500884453903,31173
1.0895160005673667,31175
1.3008089135545713,31177
0.9277732056075172,31179
0.9095894028666248,31181
1.0293137192793371,31183
1.16066617705088,31185
0.8854226118032591,32001
1.5397518500919762,32003
1.1384977484811891,32005
1.5727842169628194,32007
0.7300515294487577,32009
3.650177546530701,32011
1.5823873259050307,32013
1.952526684144628,32015
1.1347284220318663,32017
1.1241165032231006,32019
1.2003846529542552,32021
1.402213599112412,32023
1.71144654028307,32027
1.641945469266878,32029
1.7772665261344658,32031
1.695594095901739,32033
1.5092046712772351,32510
1.0399258552522377,33001
0.9118260497118394,33003
1.09601372418583,33005
1.0629788287210848,33007
1.516710295722031,33009
1.6081499789372262,33011
1.3813248386779662,33013
1.422016104636292,33015
1.2477058328026844,33017
1.0577177147959234,33019
1.422435726026284,34001
1.5649930824341036,34003
1.3785074190302131,34005
1.259835744042879,34007
0.9732148303202224,34009
1.2771103834510282,34011
1.5739939627728805,34013
1.1388306469519365,34015
1.6555826429343965,34017
1.4918074507774437,34019
1.7212672813237466,34021
1.5807528713937873,34023
1.308225024590644,34025
1.971807062496615,34027
1.0131624675731254,34029
1.2428932813852014,34031
1.3576424920774652,34033
2.268841541492515,34035
0.9726165407376144,34037
1.5512813223215718,34039
1.2489899568947311,34041
1.296037663179039,35001
0.5627884537200285,35003
1.3437988748313618,35005
1.1564330005292487,35006
1.0156359341820798,35007
1.5068198798989625,35009
0.9199090946017288,35011
1.244313206614697,35013
1.7669386895035946,35015
1.0607738762736851,35017
0.8194036163449506,35019
0.5929197666489961,35021
1.1742939697854908,35023
1.5972225052880984,35025
0.7780660225331041,35027
2.7319402916153814,35028
1.157452077814001,35029
0.9904043320818252,35031
0.5260648268380261,35033
1.2161465406398575,35035
0.9715526447854984,35037
0.8997785523996439,35039
1.2901813858986206,35041
1.3435963084024265,35043
1.5301368557984092,35045
0.9736023187616646,35047
1.428918891772268,35049
0.8787049350104877,35051
1.1092173222093462,35053
0.9549615054899636,35055
0.9156455480986564,35057
0.6928907856992246,35059
0.8885807418311721,35061
1.6843775213473808,36001
0.8223322890014949,36003
0.9086160113484671,36005
1.1286034105565337,36007
1.0405409368974254,36009
1.0179794679135004,36011
0.894121145133313,36013
1.0977638815409916,36015
0.9766360244433936,36017
1.3877590330376743,36019
0.9064448547992136,36021
0.939008482038575,36023
0.8577395937777464,36025
1.3546950439744092,36027
1.1792211012863694,36029
1.0236426039183366,36031
1.3417933265130102,36033
0.9179534503375238,36035
1.0494254068337645,36037
0.9869327075185792,36039
0.7962911887759268,36041
0.8610553761375698,36043
1.4927302183754383,36045
0.7049468135176505,36047
0.9710572456095052,36049
0.9618624459570652,36051
0.9098147336892564,36053
1.420192429692014,36055
1.060233594519109,36057
1.423561133729455,36059
3.2890251481016493,36061
1.1402977673790848,36063
1.1893223921593286,36065
1.3409081566507728,36067
1.0674641337511026,36069
1.0962399072404554,36071
1.233472076007013,36073
1.1545375778802085,36075
1.029819621636228,36077
1.055043504367955,36079
0.9084699305393472,36081
1.2385110280675218,36083
0.8369744472462521,36085
1.376242029514234,36087
1.219904012107071,36089
1.122231576886384,36091
1.603965944335427,36093
0.9490286199617916,36095
0.6755740523307197,36097
1.0280751196440483,36099
1.636948378044399,36101
1.463349033348604,36103
0.9617826589720972,36105
1.347932398737781,36107
1.1469701598647686,36109
1.0268574143570468,36111
1.169107689014472,36113
1.146944952999614,36115
1.2200061337716797,36117
1.8114974668591377,36119
1.1594794723264328,36121
0.8172784239974193,36123
0.90183583934773,37001
0.7302517407628164,37003
0.6072265244644262,37005
0.9558965016602684,37007
0.6383296224876691,37009
0.583434522945074,37011
0.9321981549298192,37013
0.8209837606509123,37015
0.8701688932513787,37017
0.8416191004683387,37019
0.9129915966529926,37021
0.7866763950151192,37023
0.9400445147562234,37025
0.8581788513155707,37027
0.906740918795434,37029
0.7738253932729147,37031
0.6551933621270284,37033
1.028089594269176,37035
0.561461951047114,37037
0.631075346840245,37039
0.8829692178727805,37041
0.6172247442575843,37043
0.875356382456576,37045
0.8857110579793325,37047
1.3012226023683215,37049
1.4113792002989984,37051
0.7748300217037624,37053
0.8432523522699105,37055
0.6802733086248195,37057
0.730645126221836,37059
0.9732073556718738,37061
1.9334325230000409,37063
1.0642886889619294,37065
1.2277435980957587,37067
0.830488480364469,37069
0.8607462364119217,37071
0.7979776278798202,37073
0.7439979473639803,37075
1.121135573180256,37077
0.6577491605786621,37079
1.2023329201773147,37081
0.8872202694774841,37083
0.7331263103412038,37085
0.8035007626388484,37087
0.9017341876817409,37089
0.9672231652073584,37091
0.6719290792032502,37093
0.9200201569757588,37095
1.0385374000245853,37097
0.7998120171354418,37099
0.8784188875752217,37101
0.9081452737397874,37103
1.1013607969598016,37105
0.9822496196820154,37107
0.8329740372461744,37109
0.8186464675391957,37111
0.6995199406452285,37113
0.5400417338136619,37115
0.9113013501780296,37117
1.591655084596082,37119
0.7446231124503526,37121
0.8446515007745949,37123
0.9475973195062684,37125
1.0688476000198326,37127
1.136800717051753,37129
0.9013931112815656,37131
1.3321947009037385,37133
1.3828030243057854,37135
0.7889973187935035,37137
1.0361052553682644,37139
0.807424144070759,37141
0.7786043891868608,37143
0.9420997611545928,37145
1.1232210324072822,37147
0.7616884472226468,37149
0.8609886539737666,37151
0.8988238177473558,37153
0.8531205422327958,37155
0.8497421247946452,37157
1.1087970408204983,37159
0.7746396620432888,37161
1.0715213241860118,37163
0.9445774477112538,37165
0.821249033624344,37167
0.5868263770203904,37169
0.8079730909434812,37171
0.8184110918264935,37173
0.6770860089779743,37175
0.8605249917627623,37177
0.9901361380956142,37179
0.990721443376616,37181
1.3977709725968894,37183
0.7799439220191166,37185
0.8101277287473029,37187
0.818723551086519,37189
1.0470404410503542,37191
0.8649810517796354,37193
1.218775470899239,37195
0.7198396587276221,37197
0.5884421262076491,37199
1.1709183809409518,38001
1.0712375753564047,38003
1.454421746046456,38005
1.0436030018609614,38007
1.3575533031968274,38009
1.2846624468338146,38011
1.268825437878675,38013
1.331095343298389,38015
1.4659499164426133,38017
1.6188486454939155,38019
1.3850424198632054,38021
1.1953536688724349,38023
1.030856085351057,38025
0.9827080887955923,38027
1.4281136305223596,38029
1.4674203737019325,38031
0.7870837343954101,38033
1.344117154425989,38035
1.1267319736174262,38037
0.8646105690326659,38039
1.291089580610938,38041
0.8463068441512798,38043
1.7540020504720402,38045
1.1035844103952943,38047
1.161094225297831,38049
0.8729879418354314,38051
1.3546107103849236,38053
1.596167233805725,38055
2.046231160073666,38057
1.4267025901921309,38059
1.2472405553014096,38061
1.0769692252273804,38063
2.0350020570926186,38065
1.7198682439560888,38067
0.9145528004092072,38069
1.2438969325639997,38071
1.144747055183044,38073
1.677800856504202,38075
1.3118058198779758,38077
1.303338962655734,38079
2.1199362326000006,38081
1.081377048309474,38083
1.3661212539869507,38085
1.7814014597150438,38087
1.308824199390152,38089
1.5068696938405184,38091
1.5660584468768866,38093
1.307689785964767,38095
1.362529798772128,38097
1.2655165923933092,38099
1.491944638801712,38101
1.3040404184067436,38103
1.7629456472961913,38105
0.6838418353545214,39001
1.0649785738705164,39003
0.8357205813257592,39005
0.7930706029862337,39007
0.8913659586083698,39009
0.958910197762593,39011
0.7962429955824075,39013
0.5938013222696868,39015
1.0809343766434163,39017
0.615860684229378,39019
0.8612825697738009,39021
0.9230996641419696,39023
0.9397897765971974,39025
1.245923220418797,39027
0.7622501010447047,39029
0.7767384754117325,39031
0.7855400034870744,39033
1.4091108312709777,39035
0.7653687235689461,39037
1.0491867126316226,39039
1.0788991781186266,39041
1.063672077154063,39043
0.7462765883897245,39045
0.8203877881631145,39047
1.319921189433532,39049
0.973494989765085,39051
0.9877124229604952,39053
0.8959547354216792,39055
1.234576550922894,39057
0.7869875905672828,39059
1.4729071079739944,39061
1.087620480316954,39063
0.7890542405294708,39065
0.7442232503712334,39067
0.9881858045416244,39069
0.8386663339369596,39071
0.7495743980982943,39073
0.8122264542536894,39075
0.9802812561095776,39077
0.7953939436393976,39079
1.0337676315557898,39081
0.8598007712334524,39083
1.0789345982384653,39085
0.6699341424634128,39087
0.8984480419936199,39089
1.114462666461853,39091
1.0390370497564616,39093
1.131495815435922,39095
0.974716474730658,39097
0.926984242710958,39099
1.018302261730062,39101
0.8889141680558845,39103
0.5969512591842445,39105
0.8628267961232217,39107
0.9749759317434556,39109
0.691839890497448,39111
1.270938963071238,39113
0.5736767098781739,39115
0.6251730614373939,39117
0.8884354504330542,39119
0.7657407524911012,39121
0.934356364922912,39123
0.7645820923521712,39125
0.7921366938332615,39127
1.0190795907171173,39129
1.0331096529814667,39131
0.9500187489686802,39133
0.768710900700799,39135
0.807018101168727,39137
0.9891700248400728,39139
1.113346448885072,39141
0.9525751599628384,39143
0.8964989588046031,39145
0.880304679592303,39147
1.226565410894804,39149
0.9598582182342212,39151
1.1672040471429272,39153
1.1575895625533286,39155
0.8971347481781804,39157
1.6867633237836488,39159
0.899251803867518,39161
0.861187475243872,39163
1.0418723139433526,39165
1.0142231718038124,39167
0.9710887224579904,39169
0.9264115459408646,39171
1.2070125149898503,39173
0.942115808132093,39175
0.6773259741720492,40001
0.6567745341892957,40003
0.6737378507703136,40005
0.6576664927747645,40007
1.1353675608204403,40009
0.6575928784212021,40011
0.7281275750473339,40013
0.7370317606579767,40015
0.898974552242494,40017
1.032771579411282,40019
0.7602665812506356,40021
0.6930182445523629,40023
0.6971966395822068,40025
0.8524497689378387,40027
0.4760130061182448,40029
1.2745164579572963,40031
0.6504966806249262,40033
0.8113084921976781,40035
0.8302925116068659,40037
0.8981241534743757,40039
0.6204377337555796,40041
0.5256764607055595,40043
0.6190456621892132,40045
1.053546340183224,40047
0.9921119417651104,40049
0.7173556674859822,40051
0.6535102853078146,40053
0.676435566518169,40055
0.6109038851674269,40057
0.7789674006502497,40059
0.5880194807671546,40061
0.581814332169843,40063
1.1687746856227486,40065
0.7471030770850579,40067
0.7380609968013445,40069
1.2719495401166767,40071
0.9069337348886036,40073
0.6486768536974628,40075
1.1091987708223583,40077
0.7983748447094028,40079
0.5734234002499645,40081
0.4955653326685834,40083
0.6343282548659391,40085
0.724240290941537,40087
0.8935867420313716,40089
0.5685351994474612,40091
0.6626088723645263,40093
0.7657562355482348,40095
0.8508113481926785,40097
0.7313711200363509,40099
0.9890938232488202,40101
0.8984482325716415,40103
0.5157083676232674,40105
0.6368515274582303,40107
1.5187085518409231,40109
0.7550636379406396,40111
0.5631275389114407,40113
0.8396955490062366,40115
0.7734636445878159,40117
0.8858266692059146,40119
1.037979916139601,40121
0.8252955465274692,40123
0.8346932371288887,40125
0.6724904176813931,40127
0.6957927826379628,40129
0.916846476120838,40131
0.8030991772460778,40133
0.7268383780482095,40135
1.0808864343684692,40137
1.135070492929179,40139
0.788472494303574,40141
1.4610863000167174,40143
0.7135115399461767,40145
1.2219567032581071,40147
0.7418033210537966,40149
0.6272309393320799,40151
1.169463111600316,40153
0.8086636181695015,41001
1.2664964047853031,41003
1.1857744618249375,41005
1.0358986504679617,41007
0.913738966040946,41009
1.1056437043106098,41011
1.063897187878538,41013
0.9142508111902526,41015
1.2250388667766403,41017
1.107497325996685,41019
1.024912707758229,41021
0.8621597776125763,41023
0.8419927773834759,41025
0.8442011221234236,41027
1.245896200341123,41029
1.0591183801005295,41031
0.9896899419523912,41033
1.1727521307225686,41035
0.9603461785902356,41037
1.2042402260115437,41039
0.9918392099450336,41041
1.2545321191489056,41043
1.0426069571035934,41045
1.2210923647492369,41047
1.6708062893252755,41049
1.3688063388439289,41051
0.9224885668436852,41053
1.1246768523362456,41055
0.9511610820430496,41057
1.2608139881831493,41059
1.0435825440853308,41061
0.7414016205173204,41063
1.1053251902600083,41065
1.6972827496871432,41067
0.3834454509267239,41069
1.0583193762569152,41071
0.7825265747516674,42001
1.535991594473883,42003
0.9263305878843344,42005
1.033690185143708,42007
0.8708850732335265,42009
1.150649419252971,42011
1.0240075384167195,42013
0.9860855421922547,42015
1.207313668484388,42017
1.1127170849448145,42019
0.9450304048812118,42021
0.9674234908963087,42023
0.9369340425312864,42025
1.0787885979834793,42027
1.7843701653502766,42029
0.8830253464231694,42031
0.9439810149407738,42033
0.9264969768464076,42035
0.9303084499539762,42037
0.8649734872615449,42039
1.2418898450511466,42041
1.3665637115419345,42043
1.2956280186614118,42045
0.9912770329138888,42047
1.081192435483758,42049
0.8645544766129292,42051
0.9876013349589216,42053
0.9997272845026104,42055
1.0520131118664051,42057
1.1212415086135905,42059
0.8986792329671879,42061
1.1181531527851565,42063
0.8550835004603821,42065
0.7230559864332053,42067
1.0210368644495835,42069
1.0561673489896255,42071
1.0273676994948175,42073
0.9417477987806196,42075
1.3279596414409771,42077
1.1336363037951844,42079
0.99980274612161,42081
1.0016628277497912,42083
0.9424346461402584,42085
0.8728065514114499,42087
0.9973800978067102,42089
1.8233280379449648,42091
1.25464784376064,42093
1.0895594102325266,42095
0.9664346532946324,42097
0.6840826478845516,42099
1.6558077006752303,42101
0.7871091219029,42103
1.2461846392076166,42105
0.9290884081438012,42107
0.8637375515793522,42109
0.8891616176920479,42111
0.6292420634949017,42113
0.6279171437899912,42115
0.8436039258786823,42117
1.0786792134479797,42119
0.9637317557332576,42121
0.9812357087030298,42123
1.1549277671886995,42125
0.9360449334220284,42127
1.0515190881450904,42129
1.1415411830865392,42131
1.085453113493872,42133
0.9611508629484304,44001
1.2447776583392958,44003
1.514046748518798,44005
1.4436537528694438,44007
1.1921560960126676,44009
0.7220433655852451,45001
1.1672651563370684,45003
1.139236548311,45005
0.8687320763208248,45007
0.7002918919221355,45009
0.8363760478182254,45011
1.0845652908550207,45013
1.107574654661715,45015
0.8316807106146235,45017
1.2663409342921652,45019
0.9669951898502204,45021
0.965185402370196,45023
0.8786317265392196,45025
0.7300954204932656,45027
0.7883255566657646,45029
1.158547444767871,45031
0.8235229951276842,45033
0.9964044433732142,45035
0.8239648794037611,45037
1.0864122666116878,45039
1.1111352939546495,45041
0.9105028338443132,45043
1.1494482202190506,45045
1.0355343327587827,45047
1.0107702398414975,45049
0.9298968750132413,45051
1.0037359644229014,45053
0.9301748524442012,45055
0.9569862734746704,45057
0.92166227157338,45059
0.7394260186117072,45061
0.9249521623334932,45063
0.6875210862135193,45065
0.704747858747247,45067
1.071978670248793,45069
0.8881119537040503,45071
1.0962833803683074,45073
0.9439863712028916,45075
0.8583278700795474,45077
1.29521659994019,45079
0.7420557910358281,45081
1.1806951402504955,45083
1.0412898126921524,45085
0.8660085910794946,45087
0.901927208994911,45089
1.03516219025032,45091
0.9588286728567336,46003
1.2216211805486343,46005
0.8704307908794027,46007
1.04474346913282,46009
1.1859930954896047,46011
1.3789769072855491,46013
0.9854344272866136,46015
1.331595470207948,46017
0.9017200989647548,46019
1.1686375957224304,46021
1.0284777344229687,46023
1.0755504879713196,46025
0.8318160868542276,46027
1.0727809463429627,46029
1.2522552621789576,46031
0.6913874836644858,46033
1.152132366649908,46035
0.8549108911835827,46037
1.01386738273277,46039
1.2613823107555502,46041
1.546991667870811,46043
1.3952602461709611,46045
1.3604627983048152,46047
1.3686295963000286,46049
1.106524606631721,46051
0.9398746572684586,46053
1.0181860476608393,46055
1.3521596980654993,46057
1.175390543023898,46059
1.0289989617389372,46061
0.8786863592047747,46063
1.377445772617056,46065
1.1242357421771476,46067
1.060023145644138,46069
0.8911785845599642,46071
1.2197609315438955,46073
1.244833419298948,46075
1.389332708186636,46077
1.1012629501426998,46079
0.9869799379277108,46081
0.904494231360976,46083
1.0208790320115022,46085
0.99772700924002,46087
1.2117943287954456,46089
1.1469303660474488,46091
0.7944746575341155,46093
1.10730180891297,46095
1.078729262968753,46097
1.3405980250660237,46099
1.341069029817702,46101
1.3881609002103614,46103
0.7281433719682412,46105
1.424038154526317,46107
1.035664879203789,46109
1.3114621669704245,46111
1.2617631039281076,46113
1.5380155652759453,46115
0.8255335884961748,46117
2.4526421653494666,46119
1.235886578437051,46121
1.003264936446806,46123
1.109515691671943,46125
1.5431326731358137,46127
0.8733721613093922,46129
1.1761139955361188,46135
1.045743899085768,46137
1.2500741598764538,47001
0.7821417921645644,47003
0.5667853102680898,47005
0.5026150477607115,47007
1.1405799778654755,47009
1.078874634946994,47011
0.8265381246025538,47013
0.4602605192639716,47015
0.6729680984995579,47017
0.6266276733904531,47019
0.7869107977446778,47021
0.6210373412067623,47023
0.6694210770003195,47025
0.4472376788760585,47027
0.6593524007157937,47029
1.0380237178559288,47031
0.7734540351322503,47033
0.7321347603115709,47035
1.5444148532727022,47037
0.735007062773005,47039
0.8052275988907062,47041
0.7857101847093826,47043
0.909627239851568,47045
0.4744616227122301,47047
0.6331741876663239,47049
0.7305057142252523,47051
0.8711764480846848,47053
0.7191120548502691,47055
0.54989793303258,47057
0.8733864460413372,47059
0.4714660782579053,47061
0.9820778394643164,47063
1.2046588096351012,47065
0.4036914482531603,47067
0.9582734916019464,47069
0.7647677872835238,47071
0.7910039885207655,47073
0.8847962868687121,47075
0.7954230029011198,47077
0.7934057355772317,47079
0.6128937287773313,47081
0.4737542892894152,47083
1.0114911612252038,47085
0.3701917529461275,47087
0.8055373002129572,47089
0.7111012497159569,47091
1.0815652661599842,47093
0.8649061096317043,47095
0.8843500957086794,47097
0.6638728840324817,47099
0.5301582171989021,47101
0.6470824656830947,47103
0.9131163108834416,47105
0.907839368772703,47107
0.8743739860312556,47109
0.5779624964698835,47111
1.1342725864340295,47113
0.7223958483949018,47115
0.8100082284101249,47117
1.135551466499447,47119
0.4093115874102604,47121
0.8724603726285655,47123
0.851002342294222,47125
0.7271421530450246,47127
0.6460987697400289,47129
1.0796473471795869,47131
0.6033147871973382,47133
0.6845839538564632,47135
0.4941603238283109,47137
0.6404018765729934,47139
0.9184807322439916,47141
0.9710374564125778,47143
1.461677929834459,47145
0.8479406867435858,47147
1.2413828882217348,47149
0.7126584862641876,47151
0.5947727941302338,47153
0.8182536859834526,47155
1.450009238711599,47157
0.7430557509453757,47159
0.9608704967831544,47161
1.1990270264926075,47163
1.132172724747755,47165
0.8728735527400304,47167
0.258489311495813,47169
1.145171785264144,47171
0.6970050822551351,47173
0.4766538651166189,47175
0.8141559482200494,47177
0.958992677957143,47179
0.715930742958831,47181
0.8091446409957931,47183
0.6457143569662126,47185
1.49986576952947,47187
1.0289438393940908,47189
1.0196990718989505,48001
1.470498604930731,48003
1.0451048848042703,48005
0.7597279960918935,48007
0.8133095220034611,48009
0.9078326242497924,48011
0.7504404721278374,48013
0.8882934722981798,48015
1.079279968429175,48017
0.482797394573458,48019
0.6367627039956276,48021
0.7683467723137604,48023
0.8420092993864702,48025
1.3317111488913154,48027
1.2079172478905502,48029
0.4635749799914253,48031
0.8047789364671727,48033
0.5478063420476114,48035
1.113224042623968,48037
1.0529527828801812,48039
0.9147427621162442,48041
0.9710929662170804,48043
0.7821773380841774,48045
0.8346012989281205,48047
0.8233160403556761,48049
0.6191924849074826,48051
0.6562051275172827,48053
0.5684176669902685,48055
1.6242222048350057,48057
0.562103925027035,48059
0.8229350623436008,48061
0.7732112031651367,48063
2.450878501870102,48065
0.807996118249035,48067
2.1393283050387,48069
1.320189497439113,48071
0.759934420943772,48073
0.8448403369484269,48075
0.4959873238378377,48077
1.4331987071762942,48079
0.462325070797389,48081
0.5152427408575182,48083
1.3066900264491237,48085
0.8628326757955836,48087
0.6811629410830429,48089
0.9122385102200856,48091
0.6800218915932752,48093
0.6108218218870297,48095
0.8372567965098768,48097
0.7616498259210758,48099
0.8450063950557681,48101
1.659960139917769,48103
0.7626349952238572,48105
1.2282585244205544,48107
0.7426798090515868,48109
1.4140772267979105,48111
1.607714791585284,48113
1.2275333990737856,48115
1.1993366865350494,48117
0.3654297256142893,48119
0.9425990202611738,48121
0.6524263997483808,48123
0.629144804006557,48125
0.812619730092708,48127
0.6949794699858645,48129
0.6577567564547292,48131
0.7734869577606917,48133
1.3991827320878405,48135
0.3325830172468162,48137
0.8898423112985562,48139
1.0947616612264204,48141
0.6823333324917003,48143
0.5431268183941051,48145
0.6163973716432466,48147
0.6606471813512854,48149
0.9466869555111695,48151
1.1532235425842188,48153
0.6146674512603658,48155
0.9602548474725564,48157
0.605292699594019,48159
0.7697228558233372,48161
0.8482455662656292,48163
1.269205685806064,48165
1.0807865328940085,48167
0.9859841705509388,48169
0.6460956298655249,48171
1.7000390410938275,48173
0.4363197830664226,48175
0.6512191003651627,48177
1.42568312954329,48179
0.9444687696036934,48181
1.1388165387820135,48183
0.79006420199249,48185
0.9275395450030612,48187
1.0080959606397475,48189
0.8271157737684435,48191
0.6227729562811642,48193
1.5141742210228313,48195
0.7393695814081981,48197
0.844800014503665,48199
1.6922680143491406,48201
1.0110779786171316,48203
1.9294258463701688,48205
0.8555618386733006,48207
0.7928000520467696,48209
1.2869549264558378,48211
0.6341496260916686,48213
0.8391815584133842,48215
0.6295751121324575,48217
1.1827814483145516,48219
0.7704937728254474,48221
0.7093321871149493,48223
0.7941121178522568,48225
1.2039861900866276,48227
1.299374993862013,48229
0.8887242586034104,48231
1.489673303441336,48233
0.9976112194282328,48235
0.7960615342358708,48237
0.8198983866890439,48239
0.7938622333852384,48241
0.7772081727997937,48243
1.418503786092511,48245
0.7105431282510787,48247
1.0196390122696826,48249
0.7580725027419157,48251
0.8060562584105551,48253
0.6105500495067446,48255
0.8141731135032872,48257
1.054011723708331,48259
2.012644905721925,48261
0.3980804879457867,48263
0.8511247697880373,48265
0.5158546490855196,48267
0.5451800403360632,48269
0.7393830915385152,48271
1.1326239621931034,48273
1.0871213499176668,48275
0.876167941026112,48277
1.1036161587477853,48279
0.6497585567191858,48281
0.7925811853321826,48283
0.5570318195335299,48285
0.6903726783347062,48287
0.7651428809647386,48289
0.7991108321304148,48291
0.7065761879610218,48293
0.9388873138297388,48295
0.9336010904736298,48297
0.7618208926859431,48299
0.7420139844879561,48301
1.0471466751880183,48303
1.7263989908774608,48305
0.7410403998160277,48307
0.9557070374953168,48309
0.5286328935427882,48311
0.7685812480182515,48313
0.5675288856434073,48315
1.1868862204539248,48317
0.4280388076427315,48319
1.0903355305249085,48321
0.7905608088692428,48323
0.6699376559223236,48325
0.3703561197056886,48327
1.7487500718056588,48329
0.8108401403283708,48331
0.467336324093791,48333
0.9423165452732852,48335
0.5941379835679687,48337
0.9511617890945416,48339
1.4079951431311002,48341
1.32941874120155,48343
0.6242631677196193,48345
0.8559124454663227,48347
0.6718663896819487,48349
0.6344118738558213,48351
0.8974897591412184,48353
1.4519711058317106,48355
1.4101456771044347,48357
1.3802246431234686,48359
1.072317270189706,48361
0.8983332130646617,48363
0.9128916841113428,48365
0.6440590808268253,48367
1.2680592005204767,48369
1.1886393574954977,48371
0.7344151385254837,48373
1.21852969407323,48375
1.213152844310538,48377
0.4715845373783029,48379
0.945648259519677,48381
1.411615489457016,48383
0.4137441134220758,48385
0.5480170304853853,48387
1.0487112534620338,48389
0.7378009961922766,48391
0.4555687452077365,48393
0.6926191255020826,48395
0.7462442232266675,48397
0.7756754548997342,48399
1.0088038748553223,48401
1.1198725939047722,48403
0.6089076015785938,48405
0.4388945839692436,48407
1.30618484222885,48409
0.4792650868484197,48411
0.5902042256609256,48413
1.2251562468666992,48415
0.7289295158395792,48417
0.8204423768161053,48419
2.0915982828216957,48421
1.0731860656592842,48423
1.6655768025483328,48425
0.5760779684032991,48427
0.9230973062376968,48429
0.9426626877557416,48431
0.5450597810036019,48433
1.3832514275524312,48435
1.1407145342078486,48437
1.2157584576575502,48439
1.0698474052733438,48441
0.5599166188636414,48443
1.193131523253817,48445
0.6413190777685247,48447
0.9551987015458494,48449
1.0180473811083566,48451
1.3965029484840543,48453
0.4775664627863974,48455
0.6683774335120242,48457
0.6738105329025905,48459
1.266531718718026,48461
0.8054257232621521,48463
1.1735887922641577,48465
0.5848795554643654,48467
1.1624073602561922,48469
0.8602937903280236,48471
1.0383340321303998,48473
1.3777138257066142,48475
0.7370693135580041,48477
0.933875857556286,48479
0.782116716305738,48481
0.9927744866606332,48483
1.1751109865755711,48485
0.9559859869872231,48487
0.987141508935213,48489
1.2551196014759347,48491
0.5451499386427568,48493
1.4404979088144785,48495
0.945030586951264,48497
0.6717642969414445,48499
1.9635584983134384,48501
0.8366504289247341,48503
1.1145540290744742,48505
0.5743753845519664,48507
1.0483376455248352,49001
1.4371907145878338,49003
0.9510379721109122,49005
1.26209575756983,49007
1.0107016512127536,49009
1.031621850156594,49011
1.2593594149325635,49013
1.3124630545774925,49015
0.7264065862350275,49017
0.8314083350854954,49019
0.864296309267632,49021
0.9574436763107966,49023
0.8420499808523372,49025
1.2608638742226357,49027
0.7215633199334186,49029
0.6172459380165136,49031
0.5953942354133626,49033
1.3108593636111905,49035
0.8591323614211426,49037
0.7704074757165557,49039
0.9390454536413726,49041
1.0523335627141004,49043
1.29085805710049,49045
1.5085354850588963,49047
1.099097689940978,49049
0.7944300320264504,49051
0.9653076705883722,49053
0.7593363741530248,49055
1.092293049098806,49057
0.9629585273085886,50001
0.9896899395190636,50003
0.9727977971168648,50005
1.4986341391221396,50007
0.8894560364635424,50009
1.1975616451863118,50011
0.684860099268634,50013
0.9363565686815336,50015
0.8274711168618416,50017
1.0575773291155568,50019
1.045569355970989,50021
1.2345113594038484,50023
0.9982102810673316,50025
1.049241497485747,50027
0.9009949975946036,51001
0.7455016147150756,51007
0.8765843425016066,51009
0.6646357836387972,51011
2.32438864749701,51013
0.9408891496480604,51017
0.8454316776655227,51021
0.815208532817921,51023
0.8036047069414427,51025
1.1520665879541967,51027
0.6702951331702618,51029
0.7042793993092076,51033
0.8948224893905973,51036
0.6145044055139522,51037
1.057371162758338,51041
0.805468493213985,51043
0.4128674056498325,51045
1.007481594813718,51047
0.7747401861264009,51049
0.89385743135855,51051
0.7409262493758068,51057
0.9188110067000036,51061
0.4652561331514865,51063
0.715620792887897,51065
0.7270609116508973,51067
0.8906991157043072,51071
0.7274788186174143,51073
1.4842355757247974,51075
0.5031953010851286,51077
0.8152591547568098,51079
0.8376723758412833,51083
1.0751609790607497,51085
1.450241448484199,51087
0.3433614966174053,51091
1.022225105162193,51093
0.6948336813719311,51097
1.729344331318614,51099
1.0553110781667714,51101
0.7796485578071364,51103
0.6702675528288302,51105
1.6098447359384758,51107
0.9350958072251018,51109
0.6695096569883736,51111
0.5366510452711409,51113
0.4465609184072154,51115
0.7710307908680643,51117
0.6734697838946248,51119
0.6578070689892657,51125
0.8612024201513412,51127
1.077980911476489,51131
0.6466754829480401,51133
0.8812933367031583,51135
0.8334801670515001,51137
0.7277750538332787,51139
0.656698314575519,51141
0.8516448148196089,51145
0.7582950534048479,51147
1.0311878895789213,51155
0.5901550096942585,51157
0.842531455933813,51159
0.7367296504739606,51167
0.5979854391317612,51169
0.8132990550996634,51171
0.8261644894312864,51173
1.4678387769009895,51179
2.0296690309293632,51181
0.9586880432466188,51183
0.8719027426832487,51185
0.8747991530085845,51187
0.5862302248735992,51193
0.8012786451659966,51197
1.906104961940291,51510
1.0468124993133785,51550
1.347431157813047,51650
1.3077143026524398,51700
1.5790365799767323,51710
1.50905809770667,51740
1.769589457597835,51760
1.251955437861263,51770
1.135463658899601,51800
1.0877395968083887,51810
1.2723796015869795,51901
1.005531582289272,51903
0.9699991191543644,51907
0.6517714358872913,51909
1.166295639033187,51911
0.6268285812069233,51913
1.0145621946232106,51918
2.010744347985334,51919
1.106850994852758,51921
0.911223807873496,51923
0.802631511267727,51929
0.8973471218515366,51931
1.0961202755048658,51933
0.9012235054273544,51939
1.5986614997816455,51941
1.1749889161360778,51942
1.0692112816805146,51944
0.8094605495426328,51945
1.0316468380323065,51947
0.7941658036112204,51949
1.0258327939120682,51951
0.9122991150263916,51953
1.0507584901958775,51955
0.8285341918082967,51958
1.4204482733888892,53001
1.1226192036953435,53003
1.7378633439669924,53005
1.0890965993504769,53007
1.1045624324156011,53009
1.1456630383289848,53011
1.2080121665035886,53013
1.3235430831063946,53015
1.065372501771034,53017
0.9393006057505427,53019
1.423702718627005,53021
0.959263820174871,53023
1.312318536550224,53025
1.1974132779357152,53027
1.2170150222485503,53029
0.8643510231422061,53031
1.8995426001474631,53033
1.34994901638456,53035
1.0296322599776984,53037
1.002215170783913,53039
1.052936755196889,53041
1.0443524802576225,53043
1.0521515876294565,53045
1.0264803581089383,53047
0.8788999136599239,53049
1.3472933485456011,53051
1.397677109916863,53053
0.7346967716220236,53055
1.2895043098804595,53057
0.8669980588025248,53059
1.528855689075713,53061
1.2784314019919554,53063
1.022626541189089,53065
1.3693976352529156,53067
0.7221550749530504,53069
1.3058892828474593,53071
1.2797268683918113,53073
1.392273812318,53075
1.213150847207643,53077
0.6006730926551395,54001
1.0426976846255445,54003
1.5412193678056565,54005
0.7656944636474944,54007
0.8975720988031353,54009
1.0392212763271549,54011
0.5737947226793444,54013
1.1337150417178383,54015
0.43511997616727,54017
0.8905239258962115,54019
0.7770712361826868,54021
1.0425932993823104,54023
0.861233044370067,54025
0.573415648603555,54027
0.9433596111402366,54029
0.7204845576356647,54031
1.160055474720298,54033
0.8974971925086027,54035
0.7864716577404487,54037
1.3505041065336312,54039
0.8819309523701453,54041
0.8097894938686934,54043
1.0813893315383496,54045
1.084006178346267,54047
1.0142267093597364,54049
0.9007218705038336,54051
0.9977765506024924,54053
0.8984266530547297,54055
0.9247328924048946,54057
1.4439425541473805,54059
1.164038472978467,54061
0.5865325777934517,54063
0.8587867475156882,54065
0.9149858363683716,54067
0.9820268595850352,54069
0.7241359153345444,54071
1.137633275107736,54073
0.7052763184194074,54075
0.7709843144387173,54077
1.252106777676676,54079
1.062389003555223,54081
0.8547833957631801,54083
0.7124415351427108,54085
0.5522541449557743,54087
0.6265151478369679,54089
0.6730667614839042,54091
0.611775295764522,54093
0.9305825057668968,54095
0.8895483394174176,54097
1.1820189161982524,54099
0.9396565989806506,54101
0.6974985180082387,54103
0.4483380235518304,54105
1.012560653160028,54107
1.0970545662055626,54109
0.7446572609546307,55001
1.1477308409949531,55003
0.8928402623885018,55005
0.6341086986358758,55007
1.295413512861144,55009
0.9589090368087873,55011
0.7205721931786818,55013
0.7793447498152744,55015
1.0084972030607195,55017
0.8434206849556354,55019
0.9855705637967552,55021
0.6787349205758211,55023
1.3051752250656017,55025
0.9969979715629992,55027
0.8190489026527191,55029
1.1876652587530492,55031
0.9880937428768688,55033
1.1196633343037408,55035
0.6084544204460048,55037
1.171176530617798,55039
0.8546458989784139,55041
0.8618975395664074,55043
0.8300849095270315,55045
0.8479423340282936,55047
0.9065913988132488,55049
0.6364540774001698,55051
1.0222865916647148,55053
0.9240361428896248,55055
0.9654272094870668,55057
0.9497821400163424,55059
1.1614330137668163,55061
1.1074606707081878,55063
0.7823215869816322,55065
0.9900284518079832,55067
1.0735247828013792,55069
1.1621350448702032,55071
1.2253836904446245,55073
1.0501891458202128,55075
0.7525892364520442,55077
1.1501104781078817,55078
1.3539304999632031,55079
0.9552035893497874,55081
0.804042343606779,55083
0.92567461694827,55085
1.2811595505318158,55087
1.1724644772159,55089
0.8358025407919399,55091
0.7675318613900972,55093
0.8805180867853463,55095
1.0922939695954053,55097
0.9469019035908094,55099
1.2554899035724287,55101
0.7530941064070507,55103
1.1089161270992742,55105
0.8096975633207931,55107
0.9705745257223396,55109
0.9909278992725926,55111
0.9655662275201548,55113
0.8376525373344974,55115
1.2722167879274453,55117
0.9437225771228974,55119
1.0028411733124385,55121
0.7261951592743149,55123
1.1050541892391037,55125
0.9016209669495356,55127
0.9146300514485702,55129
1.0889696125543464,55131
1.4042307421844606,55133
0.9985172556158995,55135
0.8336289306561137,55137
1.3726528549254178,55139
1.4344432997620922,55141
1.177322845297721,56001
1.0952460248941414,56003
2.47248985741819,56005
1.517290755265213,56007
1.5562253131667332,56009
1.0659755971092726,56011
1.188751841846146,56013
0.9477614751922954,56015
0.9844257854496556,56017
1.01046375590596,56019
1.4889334328769612,56021
1.5302063871021876,56023
1.9451867738310056,56025
0.8338400131924067,56027
1.2341366957375337,56029
1.1467369970802372,56031
1.4066311791036723,56033
2.0520594947143795,56035
2.273996719832538,56037
1.5318191088602977,56039
1.5898669153132277,56041
1.2691360180840054,56043
1.0192750778749624,56045
