state_county_res,residence_emp
1001,34240.336
1003,104695.35
1005,13461.859
1007,11974.729
1009,34892.777
1011,5443.6157
1013,11225.066
1015,59988.89
1017,18379.496
1019,13494.389
1021,23021.209
1023,5484.59
1025,11772.391
1027,8244.683
1029,7366.398
1031,26092.576
1033,28109.057
1035,6684.222
1037,5139.4004
1039,19669.86
1041,7582.802
1043,48670.203
1045,27658.986
1047,20560.307
1049,39879.15
1051,46354.68
1053,16607.424
1055,53860.156
1057,9425.252
1059,17020.97
1061,15110.847
1063,3925.2014
1065,8214.945
1067,9365.866
1069,55596.41
1071,30069.154
1073,396507.9
1075,7470.531
1077,49863.156
1079,19818.07
1081,77290.41
1083,48983.85
1085,6352.999
1087,10214.583
1089,185260.64
1091,10729.173
1093,15746.168
1095,46779.605
1097,225085.12
1099,11829.539
1101,138011.16
1103,65652.36
1105,4685.5845
1107,10035.9375
1109,16908.273
1111,11328.424
1113,25517.492
1115,45880.234
1117,122081.33
1119,6609.476
1121,39812.742
1123,21613.066
1125,105417.09
1127,38587.0
1129,7625.044
1131,3935.3015
1133,11870.987
2013,3094.0
2016,4796.0
2020,192694.72
2050,8651.0
2060,1839.4745
2068,2165.0
2070,4005.0
2090,59033.0
2100,2328.3127
2110,20610.068
2122,30200.0
2130,10464.874
2150,9243.0
2164,925.5256
2170,36079.29
2180,4459.0
2185,12523.0
2188,3411.0
2220,6664.0
2240,3776.0
2261,7138.0
2270,2836.0
2282,670.0
2290,2936.0
4001,31328.867
4003,60630.793
4005,86445.0
4007,23027.543
4009,12599.636
4011,4341.532
4012,8168.8687
4013,2329530.5
4015,75033.0
4017,43131.953
4019,519993.06
4021,101925.914
4023,18476.168
4025,94923.0
4027,84136.13
5001,11892.61
5003,10686.028
5005,20678.049
5007,121070.98
5009,19277.156
5011,5380.256
5013,3612.2961
5015,14992.887
5017,5026.3506
5019,12737.317
5021,8692.272
5023,13915.938
5025,4393.2383
5027,12385.383
5029,11974.418
5031,50442.95
5033,36204.895
5035,28476.658
5037,9894.013
5039,3638.2336
5041,6495.2417
5043,9964.6
5045,66543.3
5047,9004.346
5049,6121.173
5051,51902.953
5053,11131.683
5055,19877.781
5057,11616.001
5059,17326.494
5061,7694.512
5063,19943.754
5065,6660.3643
5067,7756.66
5069,38523.45
5071,12038.275
5073,3487.241
5075,8389.062
5077,3949.3682
5079,5850.723
5081,6846.7036
5083,11298.097
5085,40488.52
5087,9536.706
5089,8351.431
5091,23899.3
5093,21496.879
5095,4244.86
5097,4741.306
5099,4848.268
5101,4943.1265
5103,12136.865
5105,5787.6133
5107,9737.454
5109,5160.2393
5111,11686.213
5113,10160.579
5115,33275.414
5117,4512.5474
5119,235022.36
5121,9017.345
5123,10336.101
5125,59780.004
5127,5316.708
5129,4643.3076
5131,70121.2
5133,7897.024
5135,6882.1406
5137,5810.225
5139,22739.57
5141,6980.7305
5143,116426.52
5145,39333.48
5147,3762.2366
5149,12044.322
6001,897741.2
6003,650.32495
6005,18215.654
6007,108074.51
6009,25564.086
6011,10634.449
6013,611906.06
6015,10990.63
6017,121641.13
6019,444039.47
6021,13184.261
6023,71717.13
6025,70563.26
6027,10588.0
6029,365407.28
6031,59512.758
6033,28558.658
6035,14191.463
6037,5776400.5
6039,62099.508
6041,176556.73
6043,9150.688
6045,49492.016
6047,105908.445
6049,4582.6245
6051,10417.988
6053,227288.53
6055,81013.83
6057,63018.844
6059,2012523.8
6061,199345.8
6063,11069.241
6065,908505.1
6067,791105.75
6069,31682.492
6071,887414.0
6073,1885915.1
6075,592728.0
6077,320087.84
6079,157946.22
6081,481833.62
6083,252378.77
6085,1074541.8
6087,163817.89
6089,93603.97
6091,1541.5696
6093,22441.83
6095,224609.05
6097,305679.34
6099,241196.33
6101,51222.902
6103,27650.111
6105,5394.499
6107,193875.97
6109,26906.357
6111,483660.84
6113,110895.25
6115,33194.043
8001,274071.75
8003,8466.467
8005,402098.47
8007,8552.401
8009,2761.9458
8011,2560.1204
8013,204238.72
8014,37383.387
8015,10274.207
8017,1477.9
8019,8863.049
8021,4723.8066
8023,1720.1887
8025,1990.2794
8027,2593.7366
8029,17566.867
8031,383168.66
8033,1367.7302
8035,186565.7
8037,46742.773
8039,18393.768
8041,362928.12
8043,20325.484
8045,41424.477
8047,3766.5457
8049,12048.414
8051,12486.913
8053,681.4859
8055,3679.749
8057,1129.089
8059,346513.06
8061,1253.4414
8063,4954.6924
8065,5173.577
8067,37756.496
8069,196361.22
8071,8996.883
8073,3170.8286
8075,13308.017
8077,89330.97
8079,735.38043
8081,9018.349
8083,15969.704
8085,25483.65
8087,16036.458
8089,9466.408
8091,3542.1958
8093,11215.322
8095,2608.1523
8097,15069.44
8099,7298.5376
8101,77812.4
8103,5010.9194
8105,6950.1123
8107,21817.57
8109,3602.8596
8111,607.5867
8113,6750.3477
8115,1622.5244
8117,24621.867
8119,14335.335
8121,3404.0605
8123,141213.9
8125,6202.6377
9001,574129.8
9003,546090.44
9005,131751.1
9007,111034.125
9009,538427.94
9011,169033.48
9013,100900.99
9015,72285.734
10001,92057.1
10003,331400.4
10005,104953.305
11001,334763.34
12001,145672.47
12003,13880.914
12005,98710.24
12007,13027.033
12009,291950.6
12011,1128459.0
12013,5975.932
12015,73823.99
12017,59536.56
12019,113792.08
12021,180422.0
12023,30171.162
12027,15763.124
12029,6409.934
12031,556200.1
12033,164513.31
12035,33694.637
12037,6472.7437
12039,22875.682
12041,8255.569
12043,5542.402
12045,6819.951
12047,5108.3535
12049,12206.569
12051,20306.621
12053,74739.086
12055,41612.043
12057,741226.3
12059,10483.188
12061,67176.29
12063,20745.354
12065,7340.962
12067,3191.7751
12069,150405.69
12071,323769.12
12073,170060.77
12075,19882.348
12077,4208.5327
12079,8694.105
12081,200407.75
12083,151764.28
12085,81470.4
12086,1394491.2
12087,54092.797
12089,41890.125
12091,117003.97
12093,15421.769
12095,696316.75
12097,136712.66
12099,777136.6
12101,222354.7
12103,573487.4
12105,303791.3
12107,30060.605
12109,99878.94
12111,132162.31
12113,82182.54
12115,211567.08
12117,271857.94
12119,23784.166
12121,18065.225
12123,9357.688
12125,4945.212
12127,251872.5
12129,16046.245
12131,28780.846
12133,11814.181
13001,8852.278
13003,3555.9644
13005,5352.525
13007,1585.0624
13009,23618.139
13011,10692.337
13013,39555.023
13015,59409.434
13017,9405.316
13019,9477.542
13021,81775.3
13023,7568.5815
13025,9204.483
13027,8804.364
13029,18820.387
13031,35816.773
13033,10292.274
13035,12420.315
13037,2858.502
13039,27675.857
13043,5711.303
13045,62087.684
13047,40847.82
13049,5451.2666
13051,151884.56
13053,8840.088
13055,12888.215
13057,129512.555
13059,64467.02
13061,1400.1074
13063,159855.97
13065,2950.6736
13067,465622.0
13069,20882.041
13071,23845.514
13073,70407.2
13075,8842.702
13077,78368.234
13079,7974.561
13081,10570.417
13083,10002.485
13085,13056.157
13087,14797.726
13089,446949.0
13091,10352.38
13093,5440.845
13095,45506.953
13097,80528.49
13099,5516.079
13101,2925.5247
13103,30030.781
13105,10800.345
13107,11340.196
13109,5333.4824
13111,12871.075
13113,69402.78
13115,49746.145
13117,87270.125
13119,12112.115
13121,545203.8
13123,15566.27
13125,1763.6383
13127,42750.797
13129,30461.314
13131,15125.611
13133,7493.8804
13135,470286.22
13137,20616.201
13139,97168.86
13141,3846.0784
13143,14006.565
13145,19237.412
13147,12798.925
13149,5930.6865
13151,120368.414
13153,77184.83
13155,4517.1313
13157,32819.12
13159,7738.017
13161,6921.6694
13163,8189.858
13165,4635.4175
13167,4704.7124
13169,16870.734
13171,9441.275
13173,4965.854
13175,25122.75
13177,17324.746
13179,35805.04
13181,4505.5415
13183,6754.8115
13185,56302.703
13187,16113.445
13189,11253.834
13191,6815.8022
13193,5938.9116
13195,15795.102
13197,4240.961
13199,11822.82
13201,3368.2273
13205,11436.22
13207,14392.669
13209,4646.5664
13211,10107.447
13213,21702.852
13215,98948.62
13217,49364.09
13219,18331.219
13221,8225.796
13223,90095.76
13225,12682.061
13227,15987.692
13229,10396.452
13231,10584.133
13233,21582.514
13235,5831.835
13237,11927.835
13239,1207.456
13241,8039.7036
13243,4051.1882
13245,103017.266
13247,48118.9
13249,2595.4172
13251,6563.775
13253,4456.8276
13255,34440.547
13257,13274.632
13259,2683.6863
13261,15763.285
13263,3501.1057
13265,899.5149
13267,11058.44
13269,3430.0608
13271,5888.721
13273,4351.7446
13275,24260.854
13277,20819.057
13279,13921.938
13281,5168.853
13283,3411.3406
13285,34832.008
13287,4409.737
13289,4060.3657
13291,11735.508
13293,13673.515
13295,36785.777
13297,45929.656
13299,16793.78
13301,3030.5356
13303,10022.759
13305,14141.864
13307,1358.415
13309,1981.5472
13311,15628.06
13313,57111.01
13315,3447.9797
13317,5203.896
13319,4404.029
13321,11307.336
15001,101671.0
15003,623309.0
15007,44097.0
16001,252718.88
16003,2956.2388
16005,48670.48
16007,3473.467
16009,4782.046
16011,25781.896
16013,20438.79
16015,3926.2383
16017,25419.324
16019,55853.18
16021,5903.1367
16023,6363.4688
16025,1004.7842
16027,104954.055
16029,4216.3906
16031,12287.056
16033,723.66797
16035,4729.7046
16037,3035.1633
16039,15202.433
16041,7011.887
16043,7568.5464
16045,10554.525
16047,9487.703
16049,9049.941
16051,14885.996
16053,12184.087
16055,83226.46
16057,24139.05
16059,4875.155
16061,2093.6902
16063,3568.1904
16065,18426.205
16067,11463.693
16069,23334.95
16071,2486.6304
16073,5153.7563
16075,12191.104
16077,4708.4834
16079,6510.6763
16081,7489.91
16083,45547.344
16085,7164.665
16087,4987.744
17001,41162.297
17003,3929.3826
17005,10031.164
17007,31223.713
17009,2970.294
17011,21637.516
17013,3139.3076
17015,9840.964
17017,8311.537
17019,117100.195
17021,20348.475
17023,10086.376
17025,8159.6655
17027,23781.48
17029,31558.758
17031,3111251.8
17033,10598.081
17035,7584.383
17037,66348.93
17039,10607.122
17041,12884.576
17043,607976.94
17045,10252.269
17047,4323.3647
17049,21373.469
17051,11477.067
17053,9053.728
17055,20156.88
17057,19111.404
17059,2945.135
17061,8078.218
17063,27707.76
17065,4761.558
17067,12953.072
17069,2167.9531
17071,4788.0415
17073,31552.096
17075,18752.44
17077,33083.41
17079,6037.22
17081,20578.773
17083,13764.089
17085,15668.284
17087,5485.1475
17089,311875.34
17091,58730.176
17093,65120.52
17095,28297.79
17097,441881.97
17099,63595.395
17101,7365.7964
17103,19605.479
17105,21344.758
17107,15320.1045
17109,16487.023
17111,183122.48
17113,105521.52
17115,61021.51
17117,27483.195
17119,152605.34
17121,20457.018
17123,7473.42
17125,7825.914
17127,7980.6494
17129,8760.52
17131,10506.997
17133,21817.61
17135,14871.229
17137,18979.893
17139,7894.9004
17141,32993.97
17143,104665.32
17145,10303.406
17147,10264.606
17149,9058.182
17151,2498.8442
17153,2824.3716
17155,3641.8274
17157,15767.126
17159,9622.824
17161,84539.9
17163,147039.4
17165,12338.869
17167,112060.22
17169,4508.15
17171,3424.6487
17173,13274.692
17175,3337.4465
17177,28775.52
17179,82631.03
17181,9133.841
17183,41521.895
17185,7126.2627
17187,9959.115
17189,9193.496
17191,9914.584
17193,9235.806
17195,32607.275
17197,379171.66
17199,35690.273
17201,164932.97
17203,25217.697
18001,23183.123
18003,212276.42
18005,46914.33
18007,5421.879
18009,7161.3184
18011,37763.23
18013,10775.124
18015,14237.005
18017,21152.324
18019,69869.4
18021,16602.795
18023,19131.303
18025,6203.381
18027,18998.512
18029,32255.25
18031,14945.699
18033,26705.748
18035,62403.61
18037,26793.0
18039,125264.49
18041,12541.496
18043,47865.754
18045,10211.94
18047,13253.396
18049,12995.178
18051,17766.623
18053,35386.293
18055,18768.053
18057,182116.61
18059,49578.87
18061,24932.568
18063,92832.875
18065,26599.908
18067,44006.875
18069,23579.832
18071,24773.23
18073,20799.861
18075,12875.436
18077,18591.139
18079,16251.278
18081,89142.086
18083,21027.303
18085,45762.047
18087,20231.705
18089,270116.72
18091,63039.14
18093,25355.729
18095,69619.195
18097,532862.1
18099,27345.326
18101,5415.461
18103,19757.023
18105,74628.44
18107,21785.955
18109,39944.84
18111,8421.374
18113,28920.715
18115,4060.633
18117,10903.53
18119,11851.089
18121,8451.759
18123,10390.655
18125,6913.67
18127,98473.28
18129,16391.205
18131,7412.9766
18133,19417.488
18135,14686.167
18137,16971.338
18139,10471.102
18141,150474.36
18143,13337.119
18145,27263.145
18147,13040.057
18149,11525.478
18151,21263.86
18153,10257.488
18155,5927.919
18157,90004.67
18159,9633.107
18161,5140.3325
18163,100972.81
18165,8606.936
18167,53335.125
18169,19807.877
18171,5057.4785
18173,34814.652
18175,16674.424
18177,37195.395
18179,17166.715
18181,13094.593
18183,20476.715
19001,5737.0083
19003,3168.5168
19005,10679.457
19007,7393.3174
19009,4751.607
19011,19267.691
19013,79109.555
19015,17775.088
19017,16011.735
19019,13979.741
19021,12901.381
19023,10421.681
19025,6781.223
19027,14567.533
19029,9023.731
19031,14539.549
19033,29971.668
19035,7990.562
19037,8462.967
19039,6356.204
19041,11563.396
19043,13231.512
19045,30933.35
19047,11099.879
19049,45434.727
19051,5109.285
19053,5110.5103
19055,13107.424
19057,24165.744
19059,12573.546
19061,58945.516
19063,7210.726
19065,12826.027
19067,10551.626
19069,7739.5063
19071,5482.0005
19073,6195.146
19075,8469.486
19077,7546.284
19079,10930.259
19081,9836.286
19083,10831.783
19085,9996.19
19087,12845.212
19089,7093.9536
19091,7217.068
19093,4687.5244
19095,12760.942
19097,13466.822
19099,23515.436
19101,10933.832
19103,91796.35
19105,13108.614
19107,7348.363
19109,11063.404
19111,19559.516
19113,136136.55
19115,7513.5776
19117,5268.398
19119,8359.71
19121,11474.822
19123,14427.281
19125,21590.918
19127,23177.068
19129,9964.354
19131,6630.7646
19133,5906.4814
19135,5229.0454
19137,6647.8823
19139,26640.172
19141,10065.397
19143,4551.0044
19145,8873.015
19147,6054.447
19149,18125.264
19151,5164.5967
19153,288445.94
19155,60284.598
19157,12390.211
19159,3321.3398
19161,7179.5425
19163,103329.71
19165,7734.151
19167,22537.104
19169,56817.445
19171,11372.743
19173,3903.5015
19175,7541.5137
19177,4513.6333
19179,19723.348
19181,31812.469
19183,14137.566
19185,3954.5781
19187,23992.012
19189,5740.699
19191,15074.201
19193,63495.05
19195,5449.014
19197,8408.406
20001,9179.757
20003,5364.7925
20005,10970.606
20007,3517.6301
20009,20414.559
20011,9883.313
20013,6934.3853
20015,44057.184
20017,3391.195
20019,2950.0408
20021,14577.964
20023,1805.4957
20025,1783.6296
20027,7249.215
20029,6082.2812
20031,5971.9897
20033,1279.6895
20035,21850.443
20037,21283.102
20039,2038.255
20041,12424.462
20043,5382.545
20045,72945.49
20047,2271.5715
20049,1897.8197
20051,22754.117
20053,4227.7256
20055,22530.64
20057,19835.129
20059,17416.709
20061,23078.771
20063,1994.5692
20065,2952.3645
20067,4827.864
20069,4372.9067
20071,1019.4971
20073,4065.5857
20075,1756.3427
20077,4398.955
20079,25419.303
20081,2509.5242
20083,1392.5286
20085,11158.796
20087,12962.215
20089,2436.9487
20091,375055.94
20093,2589.1294
20095,6065.66
20097,1821.897
20099,14334.27
20101,1545.4161
20103,43686.45
20105,2579.8328
20107,5761.892
20109,2172.3152
20111,21488.572
20113,22089.406
20115,7961.759
20117,7321.976
20119,3071.1733
20121,20601.256
20123,4024.7136
20125,20347.951
20127,3360.229
20129,2173.5117
20131,6890.636
20133,9845.071
20135,2539.4973
20137,3482.7324
20139,10660.516
20141,2875.6746
20143,3930.349
20145,4333.5254
20147,4145.12
20149,15015.417
20151,6553.608
20153,2483.3882
20155,38213.477
20157,3700.2803
20159,5804.4795
20161,40108.562
20163,3326.517
20165,2433.8923
20167,4382.103
20169,36504.387
20171,2918.2893
20173,298364.47
20175,13717.086
20177,105260.32
20179,1932.5627
20181,4066.103
20183,2506.0046
20185,2800.8552
20187,1514.8474
20189,3566.3623
20191,14518.715
20193,5095.7026
20195,1882.1428
20197,5009.348
20199,1162.2141
20201,3956.7341
20203,1578.7831
20205,5775.6255
20207,1905.6552
20209,84258.93
21001,9565.527
21003,10731.571
21005,14433.813
21007,4846.709
21009,25157.953
21011,5671.3447
21013,10596.452
21015,75351.92
21017,11484.622
21019,23487.732
21021,15233.841
21023,5213.7783
21025,5586.741
21027,10580.761
21029,45601.473
21031,6905.8955
21033,7060.165
21035,22336.588
21037,56951.965
21039,3061.3748
21041,5788.299
21043,13278.641
21045,8874.879
21047,41770.887
21049,22338.72
21051,6219.032
21053,4586.5474
21055,5240.3677
21057,3420.0366
21059,54425.707
21061,6314.2534
21063,2486.7395
21065,6480.0894
21067,183943.17
21069,7909.037
21071,15444.268
21073,28892.45
21075,3149.1445
21077,4461.9365
21079,9845.42
21081,13976.58
21083,21539.805
21085,13358.537
21087,7115.735
21089,18068.451
21091,4334.6226
21093,56426.07
21095,9854.55
21097,11474.354
21099,9628.692
21101,24898.57
21103,9899.736
21105,2208.3477
21107,23439.47
21109,6327.0103
21111,439693.9
21113,27859.605
21115,10350.074
21117,99758.76
21119,6572.5605
21121,14126.956
21123,8068.2466
21125,28967.084
21127,5836.454
21129,2800.8315
21131,3874.532
21133,9595.422
21135,6521.6094
21137,13089.812
21139,5778.9067
21141,14530.926
21143,3822.589
21145,36312.777
21147,5652.3228
21149,5429.5044
21151,45712.434
21153,4537.8857
21155,10501.091
21157,18022.523
21159,3640.4539
21161,10068.712
21163,15793.992
21165,3189.8103
21167,12523.437
21169,5774.1895
21171,6198.5
21173,13600.764
21175,5489.5234
21177,14228.786
21179,25409.816
21181,4214.5884
21183,12138.087
21185,34578.266
21187,6326.4985
21189,1499.3499
21191,8422.869
21193,11768.156
21195,27650.281
21197,6712.313
21199,32122.14
21201,1317.5317
21203,7382.0347
21205,11217.309
21207,8131.9507
21209,26815.445
21211,25900.73
21213,9795.934
21215,10542.212
21217,13273.47
21219,7093.6367
21221,7475.4014
21223,4815.9224
21225,8029.6694
21227,63493.023
21229,7523.6406
21231,9077.16
21233,6467.214
21235,15703.204
21237,2562.984
21239,16924.34
22001,34824.23
22003,12318.571
22005,77607.35
22007,14119.795
22009,19892.846
22011,17927.574
22013,6699.217
22015,71078.3
22017,139548.47
22019,101208.24
22021,5208.949
22023,4192.236
22025,5087.317
22027,7987.6753
22029,9105.042
22031,14555.26
22033,252333.2
22035,3149.478
22037,10550.621
22039,16269.625
22041,10363.7
22043,10832.729
22045,40809.91
22047,14577.459
22049,8186.347
22051,278628.16
22053,15132.15
22055,137383.66
22057,65268.348
22059,6096.1704
22061,21850.248
22063,74378.65
22065,4849.328
22067,13477.369
22069,19112.592
22071,162926.58
22073,82864.29
22075,14279.818
22077,12663.793
22079,69449.27
22081,3962.4417
22083,9568.247
22085,9796.043
22087,16007.802
22089,31921.61
22091,6773.7456
22093,11261.048
22095,25104.682
22097,39365.21
22099,28111.502
22101,31061.281
22103,132943.03
22105,61919.082
22107,2458.1787
22109,60013.875
22111,11130.211
22113,29508.154
22115,25171.61
22117,20102.094
22119,20655.385
22121,13305.919
22123,5363.183
22125,6015.528
22127,6435.1655
23001,67203.92
23003,41408.395
23005,194556.3
23007,17424.898
23009,37482.383
23011,78556.48
23013,26219.662
23015,23555.46
23017,32651.273
23019,91206.78
23021,9290.15
23023,24496.71
23025,26405.457
23027,22828.592
23029,17931.486
23031,129275.21
24001,34151.375
24003,372748.12
24005,536361.75
24009,60985.117
24011,21813.387
24013,120908.55
24015,61573.324
24017,99716.086
24019,19786.229
24021,154693.88
24023,20144.78
24025,161632.14
24027,193586.56
24029,12844.178
24031,667252.94
24033,565110.0
24035,32861.566
24037,67309.14
24039,12465.261
24041,24221.19
24043,82337.63
24045,59354.01
24047,30922.863
24510,321928.4
25001,146108.66
25003,81790.6
25005,335880.8
25007,14382.498
25009,466262.44
25011,48346.86
25013,250500.36
25015,97464.83
25017,992800.56
25019,10452.434
25021,431313.6
25023,325083.8
25025,444303.66
25027,487772.53
26001,4713.1577
26003,4198.8486
26005,66365.76
26007,15491.702
26009,13594.428
26011,9223.807
26013,4053.9485
26015,40090.188
26017,61133.91
26019,11323.114
26021,88993.41
26023,22987.332
26025,65840.336
26027,30829.041
26029,15808.278
26031,14870.1455
26033,18619.377
26035,14241.02
26037,47106.64
26039,6635.167
26041,20728.064
26043,15620.933
26045,58414.87
26047,20126.074
26049,219890.95
26051,10208.444
26053,8341.152
26055,55226.34
26057,21073.691
26059,25164.305
26061,17230.871
26063,18308.96
26065,158897.5
26067,32841.547
26069,10209.976
26071,5807.167
26073,37965.605
26075,79576.57
26077,141171.66
26079,8791.524
26081,369449.6
26083,1120.405
26085,4569.9917
26087,50331.176
26089,13056.574
26091,55248.53
26093,113122.81
26095,2495.4846
26097,6648.0337
26099,487398.9
26101,12084.446
26103,36211.24
26105,15618.763
26107,19037.4
26109,14061.48
26111,43777.72
26113,8109.527
26115,85996.56
26117,29728.053
26119,3835.5076
26121,87566.23
26123,23748.621
26125,769340.1
26127,14273.968
26129,9030.041
26131,3388.5273
26133,9991.59
26135,4247.5537
26137,13062.368
26139,152498.33
26141,5787.747
26143,8350.448
26145,97846.03
26147,88359.63
26149,32662.473
26151,22488.717
26153,3525.7832
26155,37597.273
26157,26550.059
26159,39799.074
26161,202312.83
26163,910756.44
26165,15980.822
27001,8708.216
27003,233732.84
27005,22408.348
27007,25194.244
27009,27592.797
27011,3324.5723
27013,44804.793
27015,17723.19
27017,19336.857
27019,62925.992
27021,20897.408
27023,9140.264
27025,34122.758
27027,38784.395
27029,5218.5166
27031,4111.943
27033,7703.2725
27035,33514.74
27037,283184.7
27039,14321.322
27041,24991.154
27043,9934.232
27045,15534.131
27047,20161.078
27049,30439.041
27051,4278.7563
27053,793411.8
27055,13549.996
27057,10299.401
27059,28431.127
27061,24271.424
27063,7724.118
27065,10549.319
27067,29223.941
27069,3162.7747
27071,6947.8496
27073,5407.532
27075,7220.4165
27077,3000.0093
27079,20424.102
27081,4341.904
27083,17278.45
27085,24602.734
27087,2587.824
27089,7083.0386
27091,13805.177
27093,16531.574
27095,14048.516
27097,20123.072
27099,24298.664
27101,6269.3535
27103,21275.33
27105,13922.133
27107,4681.6055
27109,94070.414
27111,37332.31
27113,9267.297
27115,14285.321
27117,6514.4175
27119,19689.559
27121,7829.853
27123,328862.56
27125,2690.9058
27127,9957.142
27129,9654.696
27131,37830.082
27133,6846.0684
27135,11478.375
27137,120498.15
27139,89383.68
27141,58367.633
27143,9602.349
27145,95883.305
27147,23729.93
27149,5901.7437
27151,6116.1147
27153,14839.35
27155,2274.8013
27157,14139.383
27159,6714.949
27161,11960.9795
27163,152798.62
27165,6925.7505
27167,4402.137
27169,32560.037
27171,84463.32
27173,7034.758
28001,16202.013
28003,16729.97
28005,7294.8228
28007,9649.341
28009,4764.205
28011,18169.324
28013,7979.0176
28015,6025.8896
28017,8889.869
28019,4542.7944
28021,4671.367
28023,8816.655
28025,10376.366
28027,11846.895
28029,15134.666
28031,10760.11
28033,105051.26
28035,39698.035
28037,3729.7903
28039,10329.627
28041,6030.414
28043,11233.362
28045,21344.559
28047,102714.91
28049,147917.73
28051,8184.2363
28053,4549.6484
28055,1101.2668
28057,13048.724
28059,71651.64
28061,8789.388
28063,2773.4731
28065,5943.2075
28067,35344.824
28069,5081.5327
28071,25367.904
28073,30156.889
28075,40418.21
28077,6322.901
28079,9779.955
28081,44607.29
28083,15321.263
28085,16702.482
28087,32020.66
28089,59781.13
28091,12254.117
28093,20214.719
28095,19280.785
28097,5599.9106
28099,16096.712
28101,11722.357
28103,5115.4307
28105,24851.082
28107,17429.928
28109,26892.988
28111,6252.718
28113,17516.64
28115,17552.465
28117,12862.03
28119,3706.0466
28121,91269.3
28123,14906.478
28125,2297.1704
28127,14488.045
28129,8046.3843
28131,7096.487
28133,12548.993
28135,6794.5605
28137,16038.884
28139,11279.205
28141,8457.3545
28143,6334.5425
28145,14357.944
28147,7270.0513
28149,26806.154
28151,25705.986
28153,9802.452
28155,4722.384
28157,4027.1714
28159,10008.084
28161,5962.491
28163,12623.815
29001,14203.791
29003,12478.176
29005,3966.2651
29007,14598.443
29009,20266.984
29011,8134.713
29013,11293.087
29015,9635.6875
29017,7976.579
29019,106174.336
29021,50830.453
29023,21520.176
29025,7227.2905
29027,28299.203
29029,26414.957
29031,47329.293
29033,7014.7505
29035,3275.2285
29037,65395.766
29039,7969.2466
29041,6356.577
29043,50715.41
29045,4836.917
29047,144848.58
29049,12573.925
29051,48783.934
29053,10889.109
29055,14217.157
29057,4591.887
29059,11357.321
29061,5441.31
29063,5827.553
29065,8313.212
29067,8740.993
29069,14885.483
29071,62188.39
29073,10000.466
29075,4216.9473
29077,167584.61
29079,5839.5747
29081,5384.1816
29083,12234.838
29085,4156.3926
29087,3144.1572
29089,6590.2188
29091,20867.188
29093,4498.778
29095,399702.9
29097,69506.414
29099,144223.1
29101,33333.39
29103,2900.0828
29105,18999.54
29107,20977.936
29109,20954.236
29111,6142.7573
29113,31328.736
29115,6886.6562
29117,8294.777
29119,13505.124
29121,9140.159
29123,6329.837
29125,7051.692
29127,16695.764
29129,1655.015
29131,14515.366
29133,6569.0054
29135,9558.561
29137,6624.109
29139,7750.475
29141,9474.518
29143,9611.464
29145,31526.623
29147,13558.872
29149,5290.812
29151,10086.265
29153,4819.8677
29155,8022.832
29157,11923.856
29159,23634.307
29161,22026.254
29163,9089.497
29165,57801.473
29167,15586.31
29169,27085.48
29171,2899.517
29173,6343.7095
29175,12713.159
29177,17238.557
29179,2403.1707
29181,6461.6377
29183,238278.28
29185,5406.269
29186,10643.715
29187,31601.904
29189,625206.7
29195,13062.218
29197,2557.7134
29199,2993.5176
29201,21494.934
29203,4138.5244
29205,4449.7817
29207,16030.597
29209,19376.525
29211,3604.6162
29213,28270.217
29215,10790.049
29217,10823.233
29219,18823.805
29221,10527.823
29223,5388.3716
29225,20474.88
29227,1531.3796
29229,7947.48
29510,173837.16
30001,5622.9565
30003,6138.0786
30005,2906.1458
30007,2695.4602
30009,6543.599
30011,865.7036
30013,50096.043
30015,3236.6228
30017,7354.8677
30019,1320.085
30021,5573.802
30023,5183.704
30025,2022.4708
30027,7620.951
30029,61368.37
30031,67492.97
30033,793.48865
30035,6279.441
30037,579.3063
30039,2101.9597
30041,9955.69
30043,7337.428
30045,986.7317
30047,15334.548
30049,43160.664
30051,1029.0846
30053,9779.137
30055,1254.438
30057,6153.625
30059,1100.9147
30061,2208.1135
30063,75020.48
30065,2568.401
30067,10958.195
30069,316.90344
30071,2669.5203
30073,3367.8765
30075,1087.6132
30077,3438.1316
30079,646.96906
30081,22142.46
30083,7030.4253
30085,5179.935
30087,5485.103
30089,6017.9507
30091,2394.64
30093,19555.51
30095,5589.247
30097,2674.177
30099,3848.641
30101,3118.2239
30103,449.3726
30105,4555.927
30107,984.4503
30109,739.6352
30111,99929.484
31001,20721.049
31003,5220.48
31005,362.735
31007,592.15326
31009,436.067
31011,3734.8406
31013,6991.0776
31015,1417.2297
31017,2021.3384
31019,32692.215
31021,4512.25
31023,5825.364
31025,18460.752
31027,6212.4277
31029,2392.1472
31031,3957.1357
31033,7023.2036
31035,4602.2227
31037,7055.7554
31039,6545.3154
31041,7431.486
31043,13093.681
31045,5497.9346
31047,14746.091
31049,1371.7095
31051,4172.7656
31053,22858.26
31055,335279.22
31057,1333.2214
31059,4191.8613
31061,1974.7257
31063,1895.1738
31065,2909.8677
31067,15657.771
31069,1346.6444
31071,1475.0974
31073,1377.1045
31075,440.97543
31077,1569.5566
31079,36500.215
31081,6205.3447
31083,2161.7566
31085,801.7114
31087,1911.6185
31089,7233.16
31091,582.3334
31093,4457.7397
31095,5227.376
31097,3217.9978
31099,4601.876
31101,5592.2886
31103,614.1759
31105,2649.6003
31107,4902.4487
31109,196101.64
31111,22205.174
31113,530.9304
31115,447.9645
31117,421.6675
31119,23402.02
31121,5232.5938
31123,3446.3062
31125,2343.3545
31127,4425.387
31129,3134.5012
31131,10692.996
31133,1976.3402
31135,2094.5295
31137,5682.965
31139,5298.5
31141,20832.188
31143,3694.434
31145,6901.5947
31147,5556.302
31149,1152.549
31151,8450.596
31153,109337.83
31155,14373.168
31157,23101.518
31159,11513.512
31161,3525.1208
31163,2234.6492
31165,979.8501
31167,4462.3877
31169,3252.8772
31171,514.80414
31173,3264.8086
31175,2702.0178
31177,13239.801
31179,6481.794
31181,2080.8052
31183,571.62317
31185,9256.4375
32001,21793.326
32003,1172631.0
32005,31149.328
32007,25806.0
32009,464.12872
32011,4260.1733
32013,9906.754
32015,4558.7686
32017,2140.0
32019,25414.785
32021,2473.8528
32023,18553.871
32027,2429.745
32029,4011.405
32031,285308.03
32033,5214.0
32510,34027.21
33001,41413.594
33003,32526.48
33005,51227.605
33007,19982.562
33009,58162.055
33011,275996.4
33013,96641.96
33015,208025.33
33017,78633.6
33019,28654.91
34001,170740.97
34003,594486.94
34005,286812.03
34007,306865.94
34009,63512.69
34011,78146.95
34013,447112.9
34015,173590.08
34017,384736.0
34019,85376.984
34021,211997.92
34023,512954.25
34025,397091.4
34027,330482.12
34029,304900.97
34031,299921.8
34033,37630.297
34035,210613.52
34037,104070.24
34039,320996.5
34041,69468.23
35001,399175.47
35003,1706.7347
35005,31818.004
35006,11901.799
35007,8051.7754
35009,24047.553
35011,938.7735
35013,93179.55
35015,28279.684
35017,14927.89
35019,2162.4414
35021,743.8598
35023,2132.2654
35025,35144.008
35027,11778.715
35028,11566.036
35029,10413.6045
35031,30974.572
35033,2666.4263
35035,29793.137
35037,4410.316
35039,22174.803
35041,9329.24
35043,67469.67
35045,66350.414
35047,14200.446
35049,93573.11
35051,4746.259
35053,8829.579
35055,18805.318
35057,7692.721
35059,2455.0208
35061,37874.812
36001,187215.23
36003,25279.379
36005,574365.06
36007,108741.77
36009,44371.39
36011,46810.31
36013,71355.01
36015,46721.727
36017,27146.37
36019,44569.92
36021,38307.12
36023,27133.557
36025,27134.7
36027,173036.64
36029,522875.2
36031,22616.773
36033,23994.035
36035,30714.34
36037,36220.68
36039,25818.469
36041,3128.368
36043,35489.95
36045,66922.19
36047,1159121.9
36049,14722.866
36051,38022.047
36053,41611.367
36055,432669.44
36057,26815.238
36059,858767.94
36061,1012404.94
36063,114317.016
36065,125810.92
36067,268854.47
36069,65551.875
36071,213630.38
36073,22145.197
36075,64127.914
36077,31722.879
36079,63733.098
36081,1214123.1
36083,98184.27
36085,235696.39
36087,181645.89
36089,51751.543
36091,140243.73
36093,85799.1
36095,17195.629
36097,11528.801
36099,19417.68
36101,48781.57
36103,896962.3
36105,40670.258
36107,28171.625
36109,56617.74
36111,103905.516
36113,38040.336
36115,34916.33
36117,54742.145
36119,569719.4
36121,21809.395
36123,12260.045
37001,91311.016
37003,22735.924
37005,6031.9727
37007,12644.449
37009,15786.518
37011,10585.896
37013,24722.613
37015,9753.438
37017,18524.033
37019,53940.215
37021,142275.4
37023,55439.496
37025,104641.08
37027,45725.465
37029,6507.0054
37031,40689.973
37033,11806.488
37035,87605.25
37037,44912.387
37039,13854.745
37041,7661.8105
37043,4953.898
37045,53651.316
37047,28525.26
37049,57068.926
37051,177296.42
37053,15259.052
37055,27286.762
37057,104342.36
37059,24759.824
37061,28901.494
37063,162585.9
37065,28403.105
37067,203125.92
37069,35425.957
37071,118187.19
37073,6348.254
37075,4464.5923
37077,31706.324
37079,12352.7295
37081,285316.53
37083,26133.555
37085,64107.223
37087,32023.572
37089,56679.55
37091,10963.082
37093,23914.953
37095,2845.3992
37097,87026.9
37099,22132.182
37101,102657.945
37103,5438.7827
37105,32547.787
37107,31916.941
37109,42911.246
37111,23122.686
37113,18975.486
37115,11926.349
37117,14217.436
37119,561467.94
37121,7580.177
37123,14499.418
37125,44205.523
37127,54669.4
37129,116128.78
37131,10603.903
37133,102795.766
37135,77516.61
37137,6591.703
37139,22518.588
37141,26068.14
37143,7062.075
37145,21540.363
37147,90372.79
37149,10785.769
37151,85419.63
37153,20852.652
37155,59489.617
37157,49636.375
37159,70530.73
37161,32644.766
37163,33493.17
37165,15404.055
37167,35071.164
37169,26856.354
37171,42388.06
37173,6391.6357
37175,17315.53
37177,2070.0776
37179,112772.195
37181,20355.842
37183,551018.0
37185,8306.255
37187,5378.072
37189,29628.154
37191,63135.09
37193,36564.824
37195,42253.8
37197,21878.283
37199,9537.606
38001,1771.7797
38003,7893.8433
38005,3363.8943
38007,779.8307
38009,4714.0366
38011,2317.1958
38013,1636.7002
38015,58944.543
38017,105839.38
38019,3158.141
38021,3733.9807
38023,1569.9387
38025,2236.329
38027,1652.4248
38029,2328.1233
38031,2258.801
38033,1172.7842
38035,48205.492
38037,1745.5594
38039,1973.3599
38041,1850.7772
38043,2024.5779
38045,2749.3098
38047,1581.3785
38049,3837.2607
38051,1902.493
38053,4456.3525
38055,5881.9434
38057,5710.1055
38059,18679.209
38061,3344.7498
38063,2246.669
38065,1059.9857
38067,5253.5947
38069,2845.7178
38071,7983.45
38073,3856.5635
38075,1790.842
38077,10808.527
38079,6667.473
38081,2595.2224
38083,951.81335
38085,1393.0042
38087,584.173
38089,17018.87
38091,1398.1984
38093,13997.479
38095,1855.9072
38097,5307.5405
38099,7485.5186
38101,40246.273
38103,3054.7966
38105,14847.599
39001,15042.82
39003,59031.92
39005,30711.006
39007,56653.7
39009,29395.936
39011,29421.42
39013,38304.875
39015,28167.299
39017,217436.25
39019,18236.143
39021,23407.008
39023,77878.96
39025,126066.95
39027,26384.826
39029,60559.598
39031,22374.395
39033,24575.47
39035,763426.06
39037,33802.547
39039,23992.03
39041,117308.34
39043,46264.945
39045,90923.48
39047,17431.906
39049,730154.06
39051,27580.107
39053,15203.416
39055,61009.484
39057,97160.195
39059,21546.348
39061,480129.84
39063,46245.51
39065,17528.748
39067,7997.111
39069,18142.52
39071,22904.234
39073,16455.596
39075,23855.703
39077,33800.945
39079,15645.332
39081,34720.97
39083,35462.27
39085,151535.84
39087,31221.004
39089,98235.96
39091,26341.193
39093,169479.88
39095,249626.72
39097,24023.623
39099,131886.47
39101,34828.33
39103,112465.47
39105,11271.17
39107,26780.115
39109,61415.72
39111,7341.3535
39113,297625.38
39115,7864.335
39117,22127.75
39119,45911.61
39121,5855.2827
39123,25339.248
39125,12180.276
39127,19095.756
39129,29131.414
39131,12128.322
39133,98920.33
39135,24941.664
39137,22828.492
39139,66939.945
39141,37552.383
39143,35237.277
39145,34524.97
39147,33428.973
39149,29266.463
39151,215332.45
39153,323098.12
39155,112544.54
39157,50576.74
39159,28875.89
39161,17780.703
39163,6446.599
39165,124455.96
39167,34585.777
39169,65940.45
39171,22421.26
39173,76981.57
39175,13920.104
40001,11267.303
40003,3377.1543
40005,7747.857
40007,4485.0254
40009,12266.4
40011,6927.578
40013,23899.139
40015,13602.655
40017,71391.56
40019,28409.041
40021,23834.885
40023,7667.1035
40025,2057.2478
40027,161389.4
40029,2861.501
40031,62637.367
40033,3927.0962
40035,8684.77
40037,40995.402
40039,16250.3955
40041,20711.61
40043,3033.411
40045,2905.7288
40047,36326.86
40049,16166.981
40051,32215.102
40053,3271.327
40055,2645.5315
40057,1714.5367
40059,2389.17
40061,6814.3545
40063,6779.9204
40065,15200.403
40067,3367.5776
40069,5073.2505
40071,27183.854
40073,9810.228
40075,5000.9014
40077,6305.1973
40079,25553.611
40081,20041.277
40083,28423.031
40085,5431.404
40087,19795.623
40089,16117.157
40091,9979.319
40093,5343.888
40095,8050.2495
40097,21737.197
40099,8685.451
40101,36416.062
40103,7106.445
40105,6596.5117
40107,5969.896
40109,419199.12
40111,20368.982
40113,29737.72
40115,17248.082
40117,9596.627
40119,47213.816
40121,23489.945
40123,22973.877
40125,36089.52
40127,6023.555
40129,1975.0874
40131,56364.36
40133,12216.309
40135,21931.812
40137,24688.861
40139,12980.3125
40141,4471.9795
40143,369350.94
40145,40543.832
40147,27643.479
40149,6073.662
40151,5339.4795
40153,13541.325
41001,8721.981
41003,52692.465
41005,249242.16
41007,22843.295
41009,26411.242
41011,32973.895
41013,12184.141
41015,11808.559
41017,99059.88
41019,55686.117
41021,1237.914
41023,4175.1284
41025,4277.029
41027,14640.015
41029,118901.32
41031,10081.923
41033,40965.69
41035,34566.37
41037,4277.919
41039,202505.47
41041,26565.012
41043,61650.11
41045,15911.043
41047,170350.86
41049,6100.2856
41051,463322.72
41053,41688.613
41055,1222.178
41057,13885.67
41059,39654.367
41061,15588.122
41063,4809.225
41065,13606.323
41067,313154.3
41069,783.52936
41071,54629.098
42001,70058.17
42003,745395.9
42005,42417.01
42007,102147.22
42009,28036.893
42011,251611.12
42013,68723.25
42015,33119.926
42017,419627.88
42019,108182.74
42021,78018.48
42023,2993.043
42025,37228.133
42027,97538.59
42029,329923.38
42031,22840.664
42033,43137.355
42035,21810.055
42037,38021.934
42039,48141.6
42041,147053.56
42043,166756.98
42045,337541.3
42047,20158.76
42049,157390.58
42051,70472.62
42053,2458.1646
42055,86628.05
42057,8492.88
42059,19384.65
42061,23524.664
42063,48048.652
42065,25385.098
42067,15992.747
42069,123380.766
42071,313667.12
42073,49274.05
42075,79282.734
42077,200229.0
42079,173486.45
42081,66307.73
42083,23936.934
42085,61080.082
42087,24823.334
42089,89013.734
42091,519512.16
42093,11349.409
42095,166610.1
42097,52828.7
42099,29076.447
42101,688520.7
42103,29754.436
42105,9139.384
42107,80165.45
42109,22473.969
42111,42048.758
42113,3576.875
42115,24652.113
42117,21237.52
42119,19958.627
42121,28291.873
42123,23260.96
42125,120253.06
42127,24907.418
42129,209008.7
42131,14817.584
42133,268540.75
44001,32236.096
44003,108337.44
44005,52223.426
44007,359339.7
44009,84684.29
45001,14763.016
45003,84089.03
45005,4359.758
45007,100199.29
45009,7833.641
45011,10280.463
45013,93366.71
45015,98334.83
45017,10429.286
45019,217142.92
45021,26635.61
45023,16232.68
45025,22715.514
45027,14675.319
45029,19946.162
45031,33705.67
45033,14533.719
45035,71272.12
45037,13221.304
45039,11983.907
45041,73548.24
45043,35468.42
45045,266556.38
45047,34916.336
45049,10159.438
45051,148162.25
45053,13577.186
45055,34867.3
45057,34635.004
45059,35073.082
45061,8392.579
45063,158784.3
45065,3849.0425
45067,17444.03
45069,10701.153
45071,19612.758
45073,34168.13
45075,45451.484
45077,65139.61
45079,226743.47
45081,9872.046
45083,146718.7
45085,54970.63
45087,13656.841
45089,14297.131
45091,120717.57
46003,2057.3042
46005,11277.838
46007,1727.784
46009,4005.6777
46011,21457.043
46013,26707.633
46015,3341.866
46017,714.176
46019,6569.121
46021,1178.3765
46023,5329.817
46025,2559.2773
46027,12130.1875
46029,19706.117
46031,1757.6042
46033,6019.573
46035,13692.3545
46037,3827.462
46039,3441.814
46041,2507.574
46043,1808.3668
46045,2846.292
46047,3448.9631
46049,1425.6146
46051,5316.6265
46053,3003.7456
46055,1493.6703
46057,3642.4775
46059,2461.7563
46061,2324.6335
46063,1001.7298
46065,12578.15
46067,4632.4434
46069,906.3164
46071,1378.4528
46073,1680.5742
46075,844.29944
46077,3551.9612
46079,7761.399
46081,16093.869
46083,33748.887
46085,2492.0012
46087,3888.839
46089,1327.864
46091,2806.787
46093,20361.918
46095,1001.09125
46097,1741.7919
46099,121050.055
46101,4703.326
46103,59190.16
46105,2154.4053
46107,1480.0035
46109,5849.793
46111,1564.9991
46113,4124.024
46115,3677.2588
46117,2331.0947
46119,1156.9512
46121,3333.6106
46123,3809.6892
46125,6173.502
46127,10011.935
46129,3663.0789
46135,12907.711
46137,1035.1101
47001,38451.29
47003,28533.31
47005,8870.774
47007,5476.2925
47009,71256.99
47011,51725.137
47013,18429.07
47015,9234.81
47017,16776.947
47019,32584.496
47021,27416.426
47023,9764.301
47025,16098.23
47027,5657.487
47029,16838.953
47031,28681.072
47033,9081.796
47035,26704.445
47037,410871.06
47039,7180.8457
47041,9690.701
47043,30415.887
47045,22371.246
47047,29489.803
47049,9209.849
47051,21252.73
47053,26079.988
47055,16598.293
47057,13098.511
47059,37270.47
47061,6898.4604
47063,34097.16
47065,202458.02
47067,3013.3213
47069,12157.886
47071,13973.148
47073,29613.965
47075,9949.845
47077,15167.911
47079,17073.547
47081,13459.74
47083,4108.158
47085,9188.862
47087,8942.5
47089,29006.168
47091,8178.8545
47093,264926.62
47095,2043.5931
47097,12340.674
47099,21586.354
47101,6133.001
47103,19808.781
47105,23593.242
47107,28427.248
47109,11922.402
47111,13336.941
47113,53434.348
47115,14936.044
47117,16469.754
47119,48480.05
47121,7600.555
47123,21856.553
47125,91460.27
47127,3884.6401
47129,10922.409
47131,16747.193
47133,11641.592
47135,4052.3628
47137,2723.3455
47139,8002.2505
47141,35406.49
47143,14218.763
47145,29079.041
47147,42177.695
47149,160456.36
47151,9804.349
47153,6962.397
47155,53512.88
47157,559747.0
47159,11206.846
47161,5973.9272
47163,83437.69
47165,89877.25
47167,35947.625
47169,6438.135
47171,9233.092
47173,9422.857
47175,3010.7263
47177,20132.01
47179,66535.95
47181,7529.9277
47183,19941.771
47185,13721.34
47187,107910.875
47189,72872.93
48001,25858.434
48003,7499.8174
48005,47397.027
48007,12366.106
48009,5936.0176
48011,1552.3842
48013,26411.973
48015,19426.406
48017,4026.5693
48019,12615.352
48021,44201.37
48023,2265.5374
48025,12302.192
48027,165918.36
48029,926244.9
48031,8302.778
48033,529.2115
48035,10802.474
48037,47233.87
48039,174692.38
48041,99651.1
48043,6298.6025
48045,1144.4775
48047,3149.018
48049,20988.734
48051,10166.617
48053,27373.322
48055,20184.596
48057,10514.974
48059,8988.279
48061,165853.61
48063,6836.197
48065,6406.702
48067,16118.341
48069,4387.9336
48071,18695.355
48073,26121.318
48075,3344.833
48077,8926.52
48079,1759.0447
48081,2150.3408
48083,5451.3604
48085,487975.25
48087,1991.5654
48089,13288.784
48091,59794.8
48093,9035.223
48095,1671.4285
48097,28069.275
48099,37618.535
48101,1069.2051
48103,2306.7517
48105,2161.2954
48107,3217.7222
48109,1529.2573
48111,4553.7354
48113,1467486.0
48115,6106.5425
48117,9698.401
48119,3887.8213
48121,403808.1
48123,12155.698
48125,1427.8009
48127,4203.053
48129,2127.362
48131,6591.405
48133,10984.263
48135,79628.86
48137,1571.3682
48139,86322.64
48141,366842.8
48143,23070.455
48145,10000.964
48147,18686.887
48149,16778.525
48151,2651.6216
48153,4143.625
48155,916.9446
48157,353382.4
48159,6360.951
48161,11063.698
48163,6909.424
48165,8431.057
48167,168906.16
48169,2979.5642
48171,16578.086
48173,742.51135
48175,4995.9053
48177,11138.179
48179,12699.138
48181,63324.176
48183,72457.17
48185,12947.507
48187,69109.8
48189,17968.75
48191,1923.953
48193,4818.026
48195,3585.7427
48197,2564.4094
48199,32182.893
48201,2323286.5
48203,38069.52
48205,2462.6448
48207,3685.8179
48209,91995.32
48211,2875.8813
48213,38952.254
48215,298286.66
48217,20592.627
48219,13427.19
48221,26051.871
48223,19322.2
48225,11201.9795
48227,16408.688
48229,1466.1644
48231,48381.906
48233,11184.512
48235,1363.1979
48237,4996.206
48239,7629.6294
48241,18136.4
48243,1209.0715
48245,129086.04
48247,2652.3665
48249,22868.604
48251,90112.64
48253,9205.126
48255,6587.428
48257,61259.215
48259,17652.908
48261,166.2755
48263,619.3326
48265,28980.012
48267,3338.216
48269,184.67711
48271,1244.897
48273,16563.518
48275,2019.9714
48277,29043.88
48279,7162.088
48281,11605.403
48283,2966.679
48285,13080.608
48287,11002.118
48289,9345.661
48291,38861.32
48293,12026.723
48295,2165.1018
48297,5720.1396
48299,9016.322
48301,16.504229
48303,159153.83
48305,3241.4844
48307,4973.7407
48309,129612.41
48311,510.34457
48313,5652.485
48315,5363.212
48317,2885.31
48319,2828.5908
48321,18041.732
48323,20308.666
48325,23984.6
48327,1446.5713
48329,91355.82
48331,13876.214
48333,3295.3503
48335,3872.332
48337,12927.089
48339,237608.5
48341,11214.307
48343,6750.653
48345,880.34045
48347,30631.729
48349,27043.822
48351,6678.0166
48353,9003.324
48355,190284.53
48357,5968.1226
48359,1065.9242
48361,42652.08
48363,15723.101
48365,13114.246
48367,69520.71
48369,5390.459
48371,7172.9565
48373,17199.117
48375,70834.13
48377,2815.7822
48379,7234.3027
48381,74306.73
48383,2585.926
48385,1500.0326
48387,7214.881
48389,5164.294
48391,3827.4004
48393,640.62506
48395,8195.315
48397,46406.305
48399,6054.877
48401,27724.188
48403,3975.712
48405,3529.5632
48407,12253.296
48409,35285.695
48411,3682.4434
48413,2103.3616
48415,8650.022
48417,2276.7705
48419,12365.103
48421,1675.046
48423,115933.61
48425,4490.063
48427,21875.473
48429,5185.2876
48431,735.2836
48433,1351.1652
48435,2776.3445
48437,4051.2954
48439,1063320.0
48441,78629.95
48443,622.0283
48445,6782.59
48447,1245.8505
48449,17322.38
48451,64483.67
48453,633827.75
48455,6472.749
48457,8433.077
48459,21673.383
48461,1789.2063
48463,13101.453
48465,24559.447
48467,28698.234
48469,52549.26
48471,26291.81
48473,24470.871
48475,5420.841
48477,19912.129
48479,111954.18
48481,24688.613
48483,3445.9485
48485,76493.87
48487,8503.313
48489,6861.9565
48491,230758.44
48493,25512.666
48495,3549.4277
48497,36670.668
48499,19019.752
48501,4148.936
48503,11889.65
48505,5250.91
48507,5014.0977
49001,3489.9883
49003,27862.293
49005,64318.766
49007,11652.769
49009,640.3849
49011,189382.69
49013,11037.269
49015,6192.221
49017,3417.0273
49019,6620.836
49021,24442.49
49023,5585.321
49025,4608.9697
49027,6567.1157
49029,6031.4556
49031,758.9692
49033,1390.5997
49035,678928.7
49037,6482.621
49039,12659.152
49041,11223.55
49043,29100.861
49045,28388.52
49047,19439.383
49049,279799.78
49051,15213.948
49053,74806.34
49055,1681.7388
49057,139417.53
50001,28261.982
50003,23934.824
50005,20518.857
50007,106903.13
50009,3860.8892
50011,31757.713
50013,5058.3354
50015,17000.299
50017,21299.46
50019,16544.398
50021,41252.41
50023,40636.18
50025,30946.617
50027,38857.914
51001,19246.916
51007,8439.863
51009,19628.14
51011,8858.067
51013,152023.75
51017,3036.3567
51021,3560.2114
51023,23194.268
51025,8950.574
51027,9601.199
51029,6404.318
51033,17908.166
51036,4594.322
51037,7028.322
51041,209729.0
51043,9311.005
51045,3936.5483
51047,28146.992
51049,5759.425
51051,5968.082
51057,6601.729
51061,46097.363
51063,9564.694
51065,16094.843
51067,31887.705
51071,8468.742
51073,24374.66
51075,11350.971
51077,9337.027
51079,12724.9
51083,18036.322
51085,66910.61
51087,197942.77
51091,1558.6061
51093,22568.414
51097,4466.332
51099,13993.585
51101,9940.874
51103,5810.089
51105,12729.9795
51107,206318.14
51109,23785.229
51111,6385.3667
51113,9424.904
51115,6319.7246
51117,16728.676
51119,6474.8223
51125,9561.313
51127,11782.544
51131,6879.2954
51133,6380.853
51135,8693.843
51137,18998.342
51139,13127.97
51141,9883.26
51145,14920.0
51147,11185.886
51155,18194.53
51157,5055.567
51159,4460.768
51167,14728.631
51169,11769.995
51171,24909.242
51173,17419.04
51179,77625.25
51181,4061.4949
51183,5609.1865
51185,22328.92
51187,22725.848
51193,9676.864
51197,16198.435
51510,103094.32
51550,138662.62
51650,79447.516
51700,106062.945
51710,146852.73
51740,51626.793
51760,115700.56
51770,54325.684
51800,46359.188
51810,293263.2
53001,8647.524
53003,11986.577
53005,90833.57
53007,43310.49
53009,36744.156
53011,243165.12
53013,2253.7349
53015,50678.68
53017,21804.361
53019,2855.269
53021,32495.57
53023,1303.1692
53025,39941.062
53027,35131.797
53029,44386.734
53031,15280.025
53033,1321470.4
53035,139434.81
53037,21831.268
53039,10842.224
53041,38185.066
53043,5501.772
53045,27903.152
53047,23462.564
53049,10870.349
53051,5219.259
53053,451995.53
53055,11021.257
53057,66407.22
53059,5498.7905
53061,438058.7
53063,268478.47
53065,19891.404
53067,145028.92
53069,2029.6171
53071,30554.457
53073,115794.664
53075,21342.77
53077,118581.07
54001,8449.886
54003,58183.96
54005,9581.8545
54007,6554.8003
54009,13290.733
54011,50823.727
54013,3864.937
54015,4008.775
54017,4907.3057
54019,20996.26
54021,2830.779
54023,7354.3027
54025,17864.186
54027,12749.882
54029,16110.695
54031,6816.597
54033,36611.31
54035,15003.983
54037,30528.332
54039,111184.59
54041,7185.9087
54043,8984.818
54045,12719.578
54047,6090.2485
54049,31313.213
54051,18489.762
54053,12240.705
54055,28982.318
54057,13907.033
54059,10551.817
54061,49220.273
54063,7343.937
54065,8390.88
54067,11906.882
54069,24036.275
54071,4625.004
54073,3995.611
54075,4825.018
54077,17682.469
54079,32047.225
54081,37791.684
54083,14949.253
54085,5285.837
54087,7301.3423
54089,5310.6387
54091,8937.391
54093,3808.9336
54095,4372.488
54097,11790.016
54099,19188.662
54101,4093.634
54103,6911.0557
54105,2996.321
54107,45415.418
54109,8598.605
55001,12708.877
55003,9662.7295
55005,30245.094
55007,9824.477
55009,161590.28
55011,12205.367
55013,9472.466
55015,35480.77
55017,37157.92
55019,20742.354
55021,39368.2
55023,11386.972
55025,343394.72
55027,59865.2
55029,20148.87
55031,21812.314
55033,27195.47
55035,66263.164
55037,2710.7583
55039,66025.72
55041,5260.7847
55043,33418.914
55045,26256.736
55047,12693.906
55049,17414.121
55051,3991.3616
55053,13454.486
55055,59373.266
55057,15560.089
55059,100088.4
55061,13255.065
55063,74358.57
55065,11380.855
55067,11999.236
55069,18930.834
55071,50700.727
55073,89496.49
55075,24304.098
55077,8864.153
55078,1602.1628
55079,559524.3
55081,26291.396
55083,24297.484
55085,24938.16
55087,118159.36
55089,58637.438
55091,5028.009
55093,31204.258
55095,28224.566
55097,44418.785
55099,8972.955
55101,110850.73
55103,11356.311
55105,97122.53
55107,8506.967
55109,55409.527
55111,44375.38
55113,10100.04
55115,25651.95
55117,77807.14
55119,12615.761
55121,17916.008
55123,17716.814
55125,11794.44
55127,61999.2
55129,8131.603
55131,89641.12
55133,260265.08
55135,30556.375
55137,13128.488
55139,100235.34
55141,47236.258
56001,21679.965
56003,6795.805
56005,31001.1
56007,10999.346
56009,8109.459
56011,4541.048
56013,24224.07
56015,7977.9365
56017,3316.0154
56019,5909.4224
56021,60059.86
56023,11172.45
56025,53139.258
56027,1742.1638
56029,20335.805
56031,5413.6714
56033,20692.652
56035,7461.6626
56037,30729.467
56039,23802.766
56041,13208.847
56043,5422.832
56045,5695.854
