vbar_n,state_county_res
38889.473,1001
33349.25,1003
33434.152,1005
40109.86,1007
37610.633,1009
33979.21,1011
31692.135,1013
38559.547,1015
33707.26,1017
31685.646,1019
38136.934,1021
43263.586,1023
33680.18,1025
32023.994,1027
35341.547,1029
34707.84,1031
36717.43,1033
33283.266,1035
36049.52,1037
31286.23,1039
34849.145,1041
33784.535,1043
46185.07,1045
34272.848,1047
31364.795,1049
38514.92,1051
35042.266,1053
34376.65,1055
30449.91,1057
31820.053,1059
32903.195,1061
34895.84,1063
35012.98,1065
35184.934,1067
38514.766,1069
33797.855,1071
51585.617,1073
32048.113,1075
32448.32,1077
35905.38,1079
35877.79,1081
40764.13,1083
40483.965,1085
34698.75,1087
51353.03,1089
35979.414,1091
31483.47,1093
35355.273,1095
40238.52,1097
36983.4,1099
44499.93,1101
41287.918,1103
30994.057,1105
35382.81,1107
36024.51,1109
32975.098,1111
39154.73,1113
41806.305,1115
49200.46,1117
32806.574,1119
40880.38,1121
32879.25,1123
42599.49,1125
32643.98,1127
41600.215,1129
38616.258,1131
31048.951,1133
29097.932,2013
47204.336,2016
59096.17,2020
41154.203,2050
45471.766,2060
52608.312,2068
34828.215,2070
51725.56,2090
28778.889,2100
55249.867,2110
39412.55,2122
45144.305,2130
45945.258,2150
46513.95,2164
40371.83,2170
46549.004,2180
96456.68,2185
58348.285,2188
41016.508,2220
58163.402,2240
49111.516,2261
30098.73,2270
29656.717,2282
40162.125,2290
31646.545,4001
42384.613,4003
36787.562,4005
33087.15,4007
37252.26,4009
52294.805,4011
35552.375,4012
49043.277,4013
34337.797,4015
34242.062,4017
40913.434,4019
44328.383,4021
40378.54,4023
32740.494,4025
41673.797,4027
37746.027,5001
41873.76,5003
29033.564,5005
43209.445,5007
33365.113,5009
33335.67,5011
40056.36,5013
28622.814,5015
36736.246,5017
31894.158,5019
32710.25,5021
28108.787,5023
36423.004,5025
37553.13,5027
33031.742,5029
36653.39,5031
36104.926,5033
41922.92,5035
32366.72,5037
33525.15,5039
36441.582,5041
34418.414,5043
38662.8,5045
34794.473,5047
24435.299,5049
30690.967,5051
35824.598,5053
34463.65,5055
32706.053,5057
32289.893,5059
36031.707,5061
33477.03,5063
26884.143,5065
33279.66,5067
41223.484,5069
32337.502,5071
36524.86,5073
30232.785,5075
40019.664,5077
36359.863,5079
40686.574,5081
32471.99,5083
40562.016,5085
31791.238,5087
26921.361,5089
38474.46,5091
42460.79,5093
31754.91,5095
26555.404,5097
32702.984,5099
25815.488,5101
34734.188,5103
33254.457,5105
37015.805,5107
34431.195,5109
35757.023,5111
26864.928,5113
34429.27,5115
35069.633,5117
49196.45,5119
28624.895,5121
37242.7,5123
42128.508,5125
29079.422,5127
22742.514,5129
40736.57,5131
34416.277,5133
27432.973,5135
23756.68,5137
41668.758,5139
28399.848,5141
41065.254,5143
33720.55,5145
31340.816,5147
31212.09,5149
66634.14,6001
37051.965,6003
41003.332,6005
38729.805,6007
35626.688,6009
46991.72,6011
61485.12,6013
40198.246,6015
42075.3,6017
44746.734,6019
43138.66,6021
36161.324,6023
44778.31,6025
39850.4,6027
48619.727,6029
52420.156,6031
36399.25,6033
45225.188,6035
55463.875,6037
44537.176,6039
60166.934,6041
34770.51,6043
34099.98,6045
48414.285,6047
35356.562,6049
38559.008,6051
51818.52,6053
50819.902,6055
37604.207,6057
57107.12,6059
49411.51,6061
39078.67,6063
42517.68,6065
55697.348,6067
52672.94,6069
45136.227,6071
53295.42,6073
80806.36,6075
49587.098,6077
41931.87,6079
76691.414,6081
47355.46,6083
82912.914,6085
52174.973,6087
40537.07,6089
34588.406,6091
34810.43,6093
53155.273,6095
47536.07,6097
47418.75,6099
42743.816,6101
37642.03,6103
32853.793,6105
43850.22,6107
38290.676,6109
52469.996,6111
54294.266,6113
46113.055,6115
51465.746,8001
34164.96,8003
55970.1,8005
22190.93,8007
28910.451,8009
32969.438,8011
51215.875,8013
54983.508,8014
26192.875,8015
39526.746,8017
37324.297,8019
27853.73,8021
26177.057,8023
32289.906,8025
24157.422,8027
27459.854,8029
59446.453,8031
24303.592,8033
52262.258,8035
44079.707,8037
39631.707,8039
44900.805,8041
33608.324,8043
43032.65,8045
47238.07,8047
31760.775,8049
31661.236,8051
18620.404,8053
26109.883,8055
29377.617,8057
53856.664,8059
36377.1,8061
40022.445,8063
33494.586,8065
36401.707,8067
39990.605,8069
31813.318,8071
31411.775,8073
36511.945,8075
36884.74,8077
21491.602,8079
42072.344,8081
28401.496,8083
33064.145,8085
36427.668,8087
30296.354,8089
27798.125,8091
33556.69,8093
35953.258,8095
48089.055,8097
34060.38,8099
36888.79,8101
54729.363,8103
34277.324,8105
39222.656,8107
31249.67,8109
21026.617,8111
34807.566,8113
39200.434,8115
33928.984,8117
34089.203,8119
29930.707,8121
42184.156,8123
42498.79,8125
78717.945,9001
62511.938,9003
51165.367,9005
55741.184,9007
56623.0,9009
52446.477,9011
52928.266,9013
44999.918,9015
44128.81,10001
59476.383,10003
38359.215,10005
82248.27,11001
40911.367,12001
39814.926,12003
39323.23,12005
35614.75,12007
43747.03,12009
45124.64,12011
33087.793,12013
33897.016,12015
31619.314,12017
40985.527,12019
42546.477,12021
38218.344,12023
33450.906,12027
30123.959,12029
48098.07,12031
40878.48,12033
36624.68,12035
28672.324,12037
39055.742,12039
33615.805,12041
30293.84,12043
35406.875,12045
38560.676,12047
34340.492,12049
36758.28,12051
33083.426,12053
31720.12,12055
48065.527,12057
28341.447,12059
39269.47,12061
35050.805,12063
34680.332,12065
34781.656,12067
37769.633,12069
41026.062,12071
43415.508,12073
31982.934,12075
38378.055,12077
31863.021,12079
39081.566,12081
34002.152,12083
40553.406,12085
47822.527,12086
38502.992,12087
41612.535,12089
43816.465,12091
37621.01,12093
46673.457,12095
42160.816,12097
46364.62,12099
39998.996,12101
42404.02,12103
41004.12,12105
38487.008,12107
43632.38,12109
37870.45,12111
38315.53,12113
38798.176,12115
44718.004,12117
36409.742,12119
34483.555,12121
37990.55,12123
38835.805,12125
37690.36,12127
37960.67,12129
36671.793,12131
33645.35,12133
36721.746,13001
34217.715,13003
29659.965,13005
42455.215,13007
33568.074,13009
31924.041,13011
40150.023,13013
40627.246,13015
32568.111,13017
34633.836,13019
39548.926,13021
35653.12,13023
31893.691,13025
34260.98,13027
39667.027,13029
32604.475,13031
40859.06,13033
35898.89,13035
33680.656,13037
42291.234,13039
29708.283,13043
40022.94,13045
38468.473,13047
35739.06,13049
42636.355,13051
61719.49,13053
33780.977,13055
47377.863,13057
38591.414,13059
31226.824,13061
53218.33,13063
33049.94,13065
54950.227,13067
33152.92,13069
33089.867,13071
38583.0,13073
34200.715,13075
41674.4,13077
34275.656,13079
32999.004,13081
35893.027,13083
39752.938,13085
33734.402,13087
55202.703,13089
30990.629,13091
33241.28,13093
41473.508,13095
46369.875,13097
39289.04,13099
28067.773,13101
38648.406,13103
32822.04,13105
28600.88,13107
32878.12,13109
26542.633,13111
45517.848,13113
38000.297,13115
55296.47,13117
31624.117,13119
64392.184,13121
32112.889,13123
28687.756,13125
38688.387,13127
38225.73,13129
33087.543,13131
31727.525,13133
53485.12,13135
33727.973,13137
43055.867,13139
29442.342,13141
37324.793,13143
36614.324,13145
31994.191,13147
38132.707,13149
46081.67,13151
44275.945,13153
31597.594,13155
39172.41,13157
34943.312,13159
32684.059,13161
33868.62,13163
31573.879,13165
31644.66,13167
36119.645,13169
34995.727,13171
31251.324,13173
35514.023,13175
38545.547,13177
51214.246,13179
30484.092,13181
43422.94,13183
35848.82,13185
35805.168,13187
34416.76,13189
32253.492,13191
36018.344,13193
33527.945,13195
33467.22,13197
34606.656,13199
32818.406,13201
34092.023,13205
37791.14,13207
31274.287,13209
33285.543,13211
38175.723,13213
44025.934,13215
43521.875,13217
36329.367,13219
34894.95,13221
43539.86,13223
40509.56,13225
36721.484,13227
30395.678,13229
33433.395,13231
34971.953,13233
37176.94,13235
33683.746,13237
31990.348,13239
29684.764,13241
32450.113,13243
42380.67,13245
44774.887,13247
35109.535,13249
30915.154,13251
32507.008,13253
38178.387,13255
33757.695,13257
33515.566,13259
34932.367,13261
31524.965,13263
29221.742,13265
34209.54,13267
34996.41,13269
28172.953,13271
35031.89,13273
37761.543,13275
35147.05,13277
31931.424,13279
26403.557,13281
29305.5,13283
38353.5,13285
31146.895,13287
36025.516,13289
27252.977,13291
32391.879,13293
37576.203,13295
42958.445,13297
32769.89,13299
31766.943,13301
34595.996,13303
38421.19,13305
33072.133,13307
29790.11,13309
30717.418,13311
41974.43,13313
31219.82,13315
31464.299,13317
38354.016,13319
35833.2,13321
35716.97,15001
47923.9,15003
36467.695,15007
46040.844,16001
22590.363,16003
34568.0,16005
26595.5,16007
35526.32,16009
37537.984,16011
36957.465,16013
34007.56,16015
29942.34,16017
36623.59,16019
28348.24,16021
76010.945,16023
28961.445,16025
36843.098,16027
41539.996,16029
37708.953,16031
30842.988,16033
30231.88,16035
35614.23,16037
41919.637,16039
28336.537,16041
29527.408,16043
30604.484,16045
44323.664,16047
26303.31,16049
35495.938,16051
40807.92,16053
35688.805,16055
32755.717,16057
24342.055,16059
28473.016,16061
38695.645,16063
30628.545,16065
35868.805,16067
38185.855,16069
26248.555,16071
37318.85,16073
31719.652,16075
42031.664,16077
35565.17,16079
35218.17,16081
35659.035,16083
29924.814,16085
26849.184,16087
36506.473,17001
35695.05,17003
34970.84,17005
46200.547,17007
38068.105,17009
38607.87,17011
29225.562,17013
34471.58,17015
35527.2,17017
41643.86,17019
40029.21,17021
35031.445,17023
31982.7,17025
35913.46,17027
35913.445,17029
60569.074,17031
40864.15,17033
31929.668,17035
42322.832,17037
44934.992,17039
38966.918,17041
59971.496,17043
37105.156,17045
31792.822,17047
35097.203,17049
30687.553,17051
39393.71,17053
33689.42,17055
36332.09,17057
36040.926,17059
32353.793,17061
48134.69,17063
30948.39,17065
33081.86,17067
28168.78,17069
35756.938,17071
38705.305,17073
34827.89,17075
35784.78,17077
33391.297,17079
37173.297,17081
36842.633,17083
33360.418,17085
31250.559,17087
50721.383,17089
41002.312,17091
50198.86,17093
37805.707,17095
62068.125,17097
40981.805,17099
35964.746,17101
39998.957,17103
43382.742,17105
40148.14,17107
37306.633,17109
49907.555,17111
48860.24,17113
49255.38,17115
37270.176,17117
44281.805,17119
35354.637,17121
40064.15,17123
40100.312,17125
39233.316,17127
39564.633,17129
39637.94,17131
41857.355,17133
35821.2,17135
38928.004,17137
38760.71,17139
42738.69,17141
49270.855,17143
33859.93,17145
40170.793,17147
31899.56,17149
31378.752,17151
35961.527,17153
42376.742,17155
38552.953,17157
32130.463,17159
50616.395,17161
46484.895,17163
36057.043,17165
45400.906,17167
37420.28,17169
36865.5,17171
36865.39,17173
41078.61,17175
39507.797,17177
52257.613,17179
33251.348,17181
39100.926,17183
36424.125,17185
35575.695,17187
37864.605,17189
30482.588,17191
34918.492,17193
39331.363,17195
52841.348,17197
36593.65,17199
43564.6,17201
42992.594,17203
32468.08,18001
43370.184,18003
46728.45,18005
36547.758,18007
34215.344,18009
46339.574,18011
31102.896,18013
34773.094,18015
36825.996,18017
42682.348,18019
32647.764,18021
41350.156,18023
31004.357,18025
35390.016,18027
43332.246,18029
39061.902,18031
39681.883,18033
37361.867,18035
40579.684,18037
43253.246,18039
37198.547,18041
41857.848,18043
36872.63,18045
37762.355,18047
34405.54,18049
46803.64,18051
38535.152,18053
34320.086,18055
49552.44,18057
43373.594,18059
37096.223,18061
45084.98,18063
36770.83,18065
52295.547,18067
35803.887,18069
40435.844,18071
39116.92,18073
34043.137,18075
36056.28,18077
37890.13,18079
42894.59,18081
36935.656,18083
45152.867,18085
37146.16,18087
47961.86,18089
38952.234,18091
36380.242,18093
41621.598,18095
54009.652,18097
37830.418,18099
52981.48,18101
38686.27,18103
37260.715,18105
40811.875,18107
42705.934,18109
39087.65,18111
36472.164,18113
37407.574,18115
33578.52,18117
35164.438,18119
33141.008,18121
36456.98,18123
41531.96,18125
43649.582,18127
46473.496,18129
36429.156,18131
36715.156,18133
34825.453,18135
41605.87,18137
39179.94,18139
44960.668,18141
36216.273,18143
42263.055,18145
38199.684,18147
34690.0,18149
34483.49,18151
35539.293,18153
35419.984,18155
43107.54,18157
42816.195,18159
35350.242,18161
45051.855,18163
41540.82,18165
39969.168,18167
35271.375,18169
37484.125,18171
42118.777,18173
33681.418,18175
36997.355,18177
36425.42,18179
39033.883,18181
40350.45,18183
31237.95,19001
28378.725,19003
31182.096,19005
28430.674,19007
36228.63,19009
38656.68,19011
41471.047,19013
40085.277,19015
35482.625,19017
36945.04,19019
35874.27,19021
35642.137,19023
35706.45,19025
33951.53,19027
33887.027,19029
35577.965,19031
36954.93,19033
36752.07,19035
33344.594,19037
35323.324,19039
36806.484,19041
29593.178,19043
37046.457,19045
37776.18,19047
47902.543,19049
29874.14,19051
25002.133,19053
33320.707,19055
43339.277,19057
32706.824,19059
39041.46,19061
35150.023,19063
32189.8,19065
39438.02,19067
38817.95,19069
37539.273,19071
35281.55,19073
39389.965,19075
39161.02,19077
39693.266,19079
39706.344,19081
40041.94,19083
36910.44,19085
37614.496,19087
33893.82,19089
35387.438,19091
39498.62,19093
38103.785,19095
31117.492,19097
41889.78,19099
30591.662,19101
42235.31,19103
36115.47,19105
30658.016,19107
46292.7,19109
38168.715,19111
46647.508,19113
37841.48,19115
31385.057,19117
36580.25,19119
43987.426,19121
35262.67,19123
40236.246,19125
43296.51,19127
40154.375,19129
36789.105,19131
33609.59,19133
36685.438,19135
34578.227,19137
43955.02,19139
33506.996,19141
40600.37,19143
34529.05,19145
39647.66,19147
37752.652,19149
36825.336,19151
50793.176,19153
43540.99,19155
37997.082,19157
24668.219,19159
36981.79,19161
43324.766,19163
34802.324,19165
36467.098,19167
46453.85,19169
37698.504,19171
33792.36,19173
32890.164,19175
31011.734,19177
35922.926,19179
42469.637,19181
35437.164,19183
25336.21,19185
40213.793,19187
38811.156,19189
37778.17,19191
39075.566,19193
33782.99,19195
42588.066,19197
29631.164,20001
26609.604,20003
32400.645,20005
29829.998,20007
33428.668,20009
28251.955,20011
32192.75,20013
38352.605,20015
20495.086,20017
22349.7,20019
30835.203,20021
28457.053,20023
25314.145,20025
29742.836,20027
28886.76,20029
38487.18,20031
30936.855,20033
34627.074,20035
31964.258,20037
29302.98,20039
36520.477,20041
37347.637,20043
36883.9,20045
37655.85,20047
27315.629,20049
31540.475,20051
30516.963,20053
36848.59,20055
35917.73,20057
35796.625,20059
51882.066,20061
27523.096,20063
27440.498,20065
40823.86,20067
33561.832,20069
37693.902,20071
32128.992,20073
36844.86,20075
32370.28,20077
34206.793,20079
44621.867,20081
26209.83,20083
28125.42,20085
34632.46,20087
26565.371,20089
51407.613,20091
36908.188,20093
30766.238,20095
33332.59,20097
30383.773,20099
26835.379,20101
45161.95,20103
26713.94,20105
32743.7,20107
31826.48,20109
33394.074,20111
35244.094,20113
30914.188,20115
34583.91,20117
36118.02,20119
42255.184,20121
32775.875,20123
35295.457,20125
34412.938,20127
40966.008,20129
31255.32,20131
32138.646,20133
33591.465,20135
33785.926,20137
31948.9,20139
28372.955,20141
30592.691,20143
31539.441,20145
30009.291,20147
31556.346,20149
33473.062,20151
23049.834,20153
34640.94,20155
25724.94,20157
31128.674,20159
38865.094,20161
33352.66,20163
29992.012,20165
32041.145,20167
39472.42,20169
31155.469,20171
48737.27,20173
38391.957,20175
42814.91,20177
40291.484,20179
34490.37,20181
29573.414,20183
32126.334,20185
38565.34,20187
41330.35,20189
39268.24,20191
35089.285,20193
31442.305,20195
32430.918,20197
33334.355,20199
26104.38,20201
35254.957,20203
33720.992,20205
30407.307,20207
50237.3,20209
25346.514,21001
33204.234,21003
37498.547,21005
38452.92,21007
29479.406,21009
28730.72,21011
32895.137,21013
46609.59,21015
38946.566,21017
41842.203,21019
34536.49,21021
29854.05,21023
33746.89,21025
28747.58,21027
42520.12,21029
31067.805,21031
32208.791,21033
32468.94,21035
44913.46,21037
29778.668,21039
40014.82,21041
29647.746,21043
25368.607,21045
53280.33,21047
37775.633,21049
34130.66,21051
27059.469,21053
26564.986,21055
21975.135,21057
37340.234,21059
31375.342,21061
25382.686,21063
30314.01,21065
45968.242,21067
26870.426,21069
39337.68,21071
43728.492,21073
34997.934,21075
41477.613,21077
32344.895,21079
37622.78,21081
32885.125,21083
29134.773,21085
24248.11,21087
38157.633,21089
45764.33,21091
42429.535,21093
38534.117,21095
35152.28,21097
27963.646,21099
41820.594,21101
33538.453,21103
39113.113,21105
38699.793,21107
26988.977,21109
50029.555,21111
40254.05,21113
33811.656,21115
47749.133,21117
42686.695,21119
32110.672,21121
32167.355,21123
33752.926,21125
34939.836,21127
27766.285,21129
39861.867,21131
39299.086,21133
27377.195,21135
30351.76,21137
35608.96,21139
35110.09,21141
30567.598,21143
39411.355,21145
30397.33,21147
36397.758,21149
35529.95,21151
28580.555,21153
31555.652,21155
37456.67,21157
40398.953,21159
33054.6,21161
38733.242,21163
27721.648,21165
35609.688,21167
25697.258,21169
25104.037,21171
33603.12,21173
27924.713,21175
38265.598,21177
36981.215,21179
27716.967,21181
32148.479,21183
44032.62,21185
34381.664,21187
24920.389,21189
35664.375,21191
41557.79,21193
41839.973,21195
31550.125,21197
31869.418,21199
26784.105,21201
29020.992,21203
31454.512,21205
27409.865,21207
47867.625,21209
39561.613,21211
37027.91,21213
40239.656,21215
28519.096,21217
37360.863,21219
38777.504,21221
36392.418,21223
38934.082,21225
38123.145,21227
31921.736,21229
28514.324,21231
41627.6,21233
33986.047,21235
25973.049,21237
41518.332,21239
37396.7,22001
34007.656,22003
37327.71,22005
41817.625,22007
32806.31,22009
37699.7,22011
35010.84,22013
41317.016,22015
43575.715,22017
42674.71,22019
32708.04,22021
44533.715,22023
32711.375,22025
38047.406,22027
33363.56,22029
42685.547,22031
47475.938,22033
36457.87,22035
41488.383,22037
34599.184,22039
31927.686,22041
37340.55,22043
45902.395,22045
51976.133,22047
36845.17,22049
50317.793,22051
36361.223,22053
46783.375,22055
44439.85,22057
37171.9,22059
38799.684,22061
39166.414,22063
36353.65,22065
36031.926,22067
38704.812,22069
55825.75,22071
39204.13,22073
58039.22,22075
40552.785,22077
41614.96,22079
37301.348,22081
35623.184,22083
34260.863,22085
50072.477,22087
52786.918,22089
29638.373,22091
48862.91,22093
48593.758,22095
38460.406,22097
39636.1,22099
47411.68,22101
41575.812,22103
35859.348,22105
34425.973,22107
48573.527,22109
35577.695,22111
41034.973,22113
47073.934,22115
32771.2,22117
37917.316,22119
47223.62,22121
31501.85,22123
47866.72,22125
34791.938,22127
39558.44,23001
34731.688,23003
45008.082,23005
33083.977,23007
31824.9,23009
39784.57,23011
33478.11,23013
31598.129,23015
34799.215,23017
38513.14,23019
32596.617,23021
43632.637,23023
36450.96,23025
32954.508,23027
31064.584,23029
40974.688,23031
37599.367,24001
58326.21,24003
54310.668,24005
49193.348,24009
38314.875,24011
45573.156,24013
49694.387,24015
54617.367,24017
36860.367,24019
51687.89,24021
31995.13,24023
49284.12,24025
59643.223,24027
38774.93,24029
67478.336,24031
64793.35,24033
43882.508,24035
51290.117,24037
37673.72,24039
38371.418,24041
44393.715,24043
39664.67,24045
33533.16,24047
58662.66,24510
39086.76,25001
40723.66,25003
47697.688,25005
37430.24,25007
56948.914,25009
37421.934,25011
47038.387,25013
41346.773,25015
67761.25,25017
47817.594,25019
64773.824,25021
51745.91,25023
78957.95,25025
52058.35,25027
26010.375,26001
33566.867,26003
37973.42,26005
34971.5,26007
29035.78,26009
27603.652,26011
33800.504,26013
35518.95,26015
40504.68,26017
27549.748,26019
41973.875,26021
35289.938,26023
46136.582,26025
38631.77,26027
35869.45,26029
28533.572,26031
33903.105,26033
30006.205,26035
38135.695,26037
31009.709,26039
34756.03,26041
37718.016,26043
42195.64,26045
35480.434,26047
42803.63,26049
34886.297,26051
30291.6,26053
37861.586,26055
36240.86,26057
35814.383,26059
33744.27,26061
34849.867,26063
45034.883,26065
38693.336,26067
29165.127,26069
30922.95,26071
33941.484,26073
43201.78,26075
43431.32,26077
36689.02,26079
45985.832,26081
26112.217,26083
28396.89,26085
40847.664,26087
31843.383,26089
39416.11,26091
46528.89,26093
32259.025,26095
30447.34,26097
53410.58,26099
32347.047,26101
37660.465,26103
32121.547,26105
34035.004,26107
33512.94,26109
47558.746,26111
31641.871,26113
47179.91,26115
38443.566,26117
28493.75,26119
38656.96,26121
36560.418,26123
56859.832,26125
31790.56,26127
28523.283,26129
31742.197,26131
38810.477,26133
28166.19,26135
34203.168,26137
42084.73,26139
30587.824,26141
30623.623,26143
42382.605,26145
42912.438,26147
39807.867,26149
32336.975,26151
38197.117,26153
37358.05,26155
36427.42,26157
40604.445,26159
53085.49,26161
56224.883,26163
35823.508,26165
26293.096,27001
51169.31,27003
29513.57,27005
31355.348,27007
35903.848,27009
30284.371,27011
35947.613,27013
34213.11,27015
34956.05,27017
51774.28,27019
23032.08,27021
34366.6,27023
42105.957,27025
36829.137,27027
26576.006,27029
27247.291,27031
31788.94,27033
33735.535,27035
51057.97,27037
41573.99,27039
31856.092,27041
40504.66,27043
33373.117,27045
33986.348,27047
40888.496,27049
29404.084,27051
60240.78,27053
31992.578,27055
30240.488,27057
36858.53,27059
33394.39,27061
32637.186,27063
29611.535,27065
35762.965,27067
34251.246,27069
39973.004,27071
30735.244,27073
33737.957,27075
28516.848,27077
34922.207,27079
29745.738,27081
36797.926,27083
40143.676,27085
30206.479,27087
31847.865,27089
36044.082,27091
32622.8,27093
34285.7,27095
33027.785,27097
39171.797,27099
35405.812,27101
36464.16,27103
37138.47,27105
35070.945,27107
50135.777,27109
29307.713,27111
34904.543,27113
29830.092,27115
35104.727,27117
33441.5,27119
30886.977,27121
55096.18,27123
33205.445,27125
36106.695,27127
38786.965,27129
40664.883,27131
37422.957,27133
36053.434,27135
41132.074,27137
50343.535,27139
44219.57,27141
37018.684,27143
38391.24,27145
39600.215,27147
39764.473,27149
31931.496,27151
29706.861,27153
30105.254,27155
38953.766,27157
32757.924,27159
36249.57,27161
49813.16,27163
34767.938,27165
36308.02,27167
36484.344,27169
46547.867,27171
36961.39,27173
33826.613,28001
33804.35,28003
27586.215,28005
29548.316,28007
33780.594,28009
36291.42,28011
31127.57,28013
31462.398,28015
32512.344,28017
30263.977,28019
43933.83,28021
33289.23,28023
37425.297,28025
35871.293,28027
34052.996,28029
32965.902,28031
44398.38,28033
36262.047,28035
31638.65,28037
33697.195,28039
29681.15,28041
32743.129,28043
41133.883,28045
41922.785,28047
44494.395,28049
31958.617,28051
30889.334,28053
39656.85,28055
33448.406,28057
44939.203,28059
35134.74,28061
35564.85,28063
29932.97,28065
38269.562,28067
31193.44,28069
35832.145,28071
34065.88,28073
37504.145,28075
33937.71,28077
31957.8,28079
37898.504,28081
36385.605,28083
34415.09,28085
39457.688,28087
41470.875,28089
31178.975,28091
39902.742,28093
36939.883,28095
31689.068,28097
37170.48,28099
33237.074,28101
34305.99,28103
34878.59,28105
34754.22,28107
31660.117,28109
34603.914,28111
31554.475,28113
33036.39,28115
33095.188,28117
33981.965,28119
40620.098,28121
32909.75,28123
34756.773,28125
34106.723,28127
35281.074,28129
35322.56,28131
34579.547,28133
34031.895,28135
36028.58,28137
31307.086,28139
31824.734,28141
37602.094,28143
32765.605,28145
28787.566,28147
41225.625,28149
35426.402,28151
33903.816,28153
29833.207,28155
33168.2,28157
33902.58,28159
31729.69,28161
38761.957,28163
28726.11,29001
33482.68,29003
35390.074,29005
34851.363,29007
32454.693,29009
28893.805,29011
29442.242,29013
25388.33,29015
27424.01,29017
39657.383,29019
39313.81,29021
34434.043,29023
29752.375,29025
38023.85,29027
27899.713,29029
36609.562,29031
29214.498,29033
27422.059,29035
42572.457,29037
24372.21,29039
30699.65,29041
32316.434,29043
29302.611,29045
48921.832,29047
38582.99,29049
42306.027,29051
31767.117,29053
32005.47,29055
27363.115,29057
26366.111,29059
27034.969,29061
33458.434,29063
30195.828,29065
22933.59,29067
35000.137,29069
39442.52,29071
28506.9,29073
29507.959,29075
38402.844,29077
29667.357,29079
25558.826,29081
31945.512,29083
22550.865,29085
31351.676,29087
29121.494,29089
28204.93,29091
31950.766,29093
52751.426,29095
35286.332,29097
45011.41,29099
36261.71,29101
26964.326,29103
30786.873,29105
38236.246,29107
30822.207,29109
31268.797,29111
38789.727,29113
29671.25,29115
30981.922,29117
32104.861,29119
28865.459,29121
28517.43,29123
24513.117,29125
33771.95,29127
31176.057,29129
30689.629,29131
35629.85,29133
33159.594,29135
30104.775,29137
28985.04,29139
29136.664,29141
40267.066,29143
35077.375,29145
31819.3,29147
23993.709,29149
34043.633,29151
21399.555,29153
36633.46,29155
32391.723,29157
33204.023,29159
35182.496,29161
31930.965,29163
46919.645,29165
29763.887,29167
47745.027,29169
25810.262,29171
33722.125,29173
35558.562,29175
36876.355,29177
33429.12,29179
26785.568,29181
47595.555,29183
24557.508,29185
36560.145,29186
33415.75,29187
54114.555,29189
35695.953,29195
25427.451,29197
28854.7,29199
36469.5,29201
24383.125,29203
30468.717,29205
33556.95,29207
27346.102,29209
38246.74,29211
31269.52,29213
27726.36,29215
30980.828,29217
37715.445,29219
33077.293,29221
27609.28,29223
32328.543,29225
23572.969,29227
25384.25,29229
56433.812,29510
30170.29,30001
35533.477,30003
29631.248,30005
28166.383,30007
24885.514,30009
21248.508,30011
38448.4,30013
30719.188,30015
31650.818,30017
28082.502,30019
32482.775,30021
29533.592,30023
39776.26,30025
29088.123,30027
33044.805,30029
33721.4,30031
23326.633,30033
34874.336,30035
21043.285,30037
23686.38,30039
34078.055,30041
30297.848,30043
26677.512,30045
27629.031,30047
39433.758,30049
31711.928,30051
27482.55,30053
25546.098,30055
27503.066,30057
22691.885,30059
26106.27,30061
35998.766,30063
24727.912,30065
26850.32,30067
20401.672,30069
28357.932,30071
30344.027,30073
17642.541,30075
31430.344,30077
26264.594,30079
28438.63,30081
37068.566,30083
30177.97,30085
43294.734,30087
24077.004,30089
26473.453,30091
39034.344,30093
37210.754,30095
35705.54,30097
30154.576,30099
34770.484,30101
23978.83,30103
29707.77,30105
23314.834,30107
22321.752,30109
40041.145,30111
36648.492,31001
34421.957,31003
22937.662,31005
32569.754,31007
22360.14,31009
32434.238,31011
43809.375,31013
28649.0,31015
26086.475,31017
36444.688,31019
34514.88,31021
36061.715,31023
38496.625,31025
36629.027,31027
38097.074,31029
25836.615,31031
41972.074,31033
37431.766,31035
37917.633,31037
38617.176,31039
31239.387,31041
39327.082,31043
27278.613,31045
37014.2,31047
29815.686,31049
32317.541,31051
38384.816,31053
50306.055,31055
41798.348,31057
36461.992,31059
32123.77,31061
34006.37,31063
36253.125,31065
32871.484,31067
34029.9,31069
24793.865,31071
38506.676,31073
17402.158,31075
28949.936,31077
39583.426,31079
39914.5,31081
35786.777,31083
40091.508,31085
32945.008,31087
35239.78,31089
18365.082,31091
31193.463,31093
33557.832,31095
32272.854,31097
38703.5,31099
32109.523,31101
23101.322,31103
31707.63,31105
31422.504,31107
41236.457,31109
41996.41,31111
30934.572,31113
18420.457,31115
18486.89,31117
35206.33,31119
34657.777,31121
41809.836,31123
33552.77,31125
40034.613,31127
31873.74,31129
34759.29,31131
29007.188,31133
40444.78,31135
41054.75,31137
33340.24,31139
40745.934,31141
41690.473,31143
35083.902,31145
31244.457,31147
26398.902,31149
38788.293,31151
47738.543,31153
38983.598,31155
37959.977,31157
36301.86,31159
27429.16,31161
30999.535,31163
29713.145,31165
38325.836,31167
37277.84,31169
23419.697,31171
43850.156,31173
33867.6,31175
45666.547,31177
32714.918,31179
32371.633,31181
33069.57,31183
38138.812,31185
29230.46,32001
48680.984,32003
39597.51,32005
42921.996,32007
26358.564,32009
81790.32,32011
43658.324,32013
59824.46,32015
35479.906,32017
39126.188,32019
37076.586,32021
39783.734,32023
47105.727,32027
45340.418,32029
51028.594,32031
45958.957,32033
46273.023,32510
39006.812,33001
33248.46,33003
40110.293,33005
34542.527,33007
45525.105,33009
54239.234,33011
46908.25,33013
51023.543,33015
44704.07,33017
39309.76,33019
48043.457,34001
69241.2,34003
54113.75,34005
52606.883,34007
37303.9,34009
46948.97,34011
68616.95,34013
50419.15,34015
78071.74,34017
63288.516,34019
64177.566,34021
66196.97,34023
58072.547,34025
69704.9,34027
45971.168,34029
60019.63,34031
50950.617,34033
72864.94,34035
53926.58,34037
67529.69,34039
56444.688,34041
43120.812,35001
20107.27,35003
39626.695,35005
34645.242,35006
31793.775,35007
43385.71,35009
29712.22,35011
38149.895,35013
48411.406,35015
32313.459,35017
27366.41,35019
21986.354,35021
34446.76,35023
45542.75,35025
26036.707,35027
68376.4,35028
34586.44,35029
31275.22,35031
23478.518,35033
36900.375,35035
31216.363,35037
37264.99,35039
39382.984,35041
42330.23,35043
43076.4,35045
31939.982,35047
44479.957,35049
28460.984,35051
33683.57,35053
30705.57,35055
34466.91,35057
24776.857,35059
36545.184,35061
54066.363,36001
34948.695,36003
76496.63,36005
41378.434,36007
39269.055,36009
40307.312,36011
35243.535,36013
41083.543,36015
36831.25,36017
42994.14,36019
38491.234,36021
37692.03,36023
34146.363,36025
50996.492,36027
45641.793,36029
36054.46,36031
41333.094,36033
36563.215,36035
41172.246,36037
40444.13,36039
31102.488,36041
35514.8,36043
47278.207,36045
72324.734,36047
37764.477,36049
40185.793,36051
39312.113,36053
48775.562,36055
40594.312,36057
62810.625,36059
108065.37,36061
42777.074,36063
41310.895,36065
47324.43,36067
40558.445,36069
49606.285,36071
44571.32,36073
43075.094,36075
37267.152,36077
59631.9,36079
73238.99,36081
48151.516,36083
62967.656,36085
61534.707,36087
39557.63,36089
44223.094,36091
52871.68,36093
40523.234,36095
34666.59,36097
38354.25,36099
50536.496,36101
54091.645,36103
38305.69,36105
43592.918,36107
41378.977,36109
40629.664,36111
39458.848,36113
39702.875,36115
43979.7,36117
73275.46,36119
42330.652,36121
34758.684,36123
39696.508,37001
35087.844,37003
26863.242,37005
37741.14,37007
27979.832,37009
26992.53,37011
34486.66,37013
32724.076,37015
34290.492,37017
33797.848,37019
36086.18,37021
33939.887,37023
46741.426,37025
35567.504,37027
36919.395,37029
31177.297,37031
35535.12,37033
40509.113,37035
34146.004,37037
27400.7,37039
33362.484,37041
27029.613,37043
37009.574,37045
33487.97,37047
42314.832,37049
48223.82,37051
35904.027,37053
30222.818,37055
36128.867,37057
37858.848,37059
36457.043,37061
59112.242,37063
39115.008,37065
45753.16,37067
41273.785,37069
43280.645,37071
38203.516,37073
30765.494,37075
46384.3,37077
33274.375,37079
45072.56,37081
34707.082,37083
38548.117,37085
33258.71,37087
36013.53,37089
35310.61,37091
38647.7,37093
32220.148,37095
43322.105,37097
32387.484,37099
40186.566,37101
38377.137,37103
40351.207,37105
36392.633,37107
42630.203,37109
33372.766,37111
29566.758,37113
30032.17,37115
34386.293,37117
58524.67,37119
30603.826,37121
34668.68,37123
36997.59,37125
40044.96,37127
40270.434,37129
34224.125,37131
44286.656,37133
51670.53,37135
34882.508,37137
37885.82,37139
36002.29,37141
34163.867,37143
44687.69,37145
39474.37,37147
35483.613,37149
37921.566,37151
35221.34,37153
34504.496,37155
38002.984,37157
43230.004,37159
33077.805,37161
38428.73,37163
35699.62,37165
38315.273,37167
37553.33,37169
34517.777,37171
32885.1,37173
30307.71,37175
31136.945,37177
48222.047,37179
39282.953,37181
50493.18,37183
34808.332,37185
31064.37,37187
32449.404,37189
38354.902,37191
34481.004,37193
42613.41,37195
36372.887,37197
28029.963,37199
31573.352,38001
32470.08,38003
36923.207,38005
30071.809,38007
35148.55,38009
34202.297,38011
33128.64,38013
37001.43,38015
41090.258,38017
40333.36,38019
38715.01,38021
31719.422,38023
31147.271,38025
30270.756,38027
37707.12,38029
38128.7,38031
23767.99,38033
37318.035,38035
32080.506,38037
27528.33,38039
34311.242,38041
27500.293,38043
43839.492,38045
32037.934,38047
33411.7,38049
26997.764,38051
35150.695,38053
40527.7,38055
48553.734,38057
37497.008,38059
33462.395,38061
31821.453,38063
46304.77,38065
41723.605,38067
27354.955,38069
33963.03,38071
37675.918,38073
39864.21,38075
38189.77,38077
34037.574,38079
49800.97,38081
31385.412,38083
36292.457,38085
40533.51,38087
34746.645,38089
39212.406,38091
40915.23,38093
34361.363,38095
38302.742,38097
35097.387,38099
38647.85,38101
35110.87,38103
42175.0,38105
31489.924,39001
41265.293,39003
36094.25,39005
34736.992,39007
35316.52,39009
39936.71,39011
34243.332,39013
35443.934,39015
47116.49,39017
33197.984,39019
39543.625,39021
39436.586,39023
46369.656,39025
45773.62,39027
35440.7,39029
33180.754,39031
34923.56,39033
53115.906,39035
34540.645,39037
40077.254,39039
47073.484,39041
41857.58,39043
40778.746,39045
37492.875,39047
50755.53,39049
40817.94,39051
37585.58,39053
43215.36,39055
46257.184,39057
32859.742,39059
54236.363,39061
41857.78,39063
37157.13,39065
34364.758,39067
40033.902,39069
37717.816,39071
35683.844,39073
34535.566,39075
39569.77,39077
34219.043,39079
39581.645,39081
37088.934,39083
45885.996,39085
34791.586,39087
41582.02,39089
44419.145,39091
45172.547,39093
45772.457,39095
44864.63,39097
38774.598,39099
40358.332,39101
43030.562,39103
31756.488,39105
36084.92,39107
40792.44,39109
30753.375,39111
47361.53,39113
30359.336,39115
37598.555,39117
35962.26,39119
32565.695,39121
40238.223,39123
36226.465,39125
35963.76,39127
45297.98,39129
39153.836,39131
42454.76,39133
38876.98,39135
36860.773,39137
38840.69,39139
41363.098,39141
39368.203,39143
35879.254,39145
37567.5,39147
44589.12,39149
40045.926,39151
46055.81,39153
42406.07,39155
36496.777,39157
53038.85,39159
37132.723,39161
35868.137,39163
46872.504,39165
38363.72,39167
39194.258,39169
37610.14,39171
45438.445,39173
38252.02,39175
30110.242,40001
25996.818,40003
27087.146,40005
27822.85,40007
36558.098,40009
27082.145,40011
29863.879,40013
29823.21,40015
42788.445,40017
36743.863,40019
31059.959,40021
28070.916,40023
26028.422,40025
40808.945,40027
24333.885,40029
42548.344,40031
31807.26,40033
31121.979,40035
40455.73,40037
31489.27,40039
29739.254,40041
23222.832,40043
26716.82,40045
36408.305,40047
35610.848,40049
33755.37,40051
28678.838,40053
28529.555,40055
25408.074,40057
29607.184,40059
26043.418,40061
26095.57,40063
38198.05,40065
31451.34,40067
29766.834,40069
41794.793,40071
34663.164,40073
27626.992,40075
37395.805,40077
33028.574,40079
31798.58,40081
35081.688,40083
30117.771,40085
36578.098,40087
32635.287,40089
27654.12,40091
26646.127,40093
30789.164,40095
34843.23,40097
30083.79,40099
36342.105,40101
33700.656,40103
29166.236,40105
27402.357,40107
50470.965,40109
35049.03,40111
35100.742,40113
31565.283,40115
35322.637,40117
33242.137,40119
36204.043,40121
31181.377,40123
35090.64,40125
27583.326,40127
28488.97,40129
42435.367,40131
31046.482,40133
32272.754,40135
37974.336,40137
36525.8,40139
31752.203,40141
50489.402,40143
44056.34,40145
41118.74,40147
29913.701,40149
24508.217,40151
37048.31,40153
26735.91,41001
40137.723,41003
45150.26,41005
34408.438,41007
41384.332,41009
33638.57,41011
34203.145,41013
29379.994,41015
37780.188,41017
34525.676,41019
32973.445,41021
28001.602,41023
27408.672,41025
31594.777,41027
37824.547,41029
34755.23,41031
31890.977,41033
35641.156,41035
30390.945,41037
37953.85,41039
32495.992,41041
40311.355,41043
32530.926,41045
42039.062,41047
44806.676,41049
50514.59,41051
37062.742,41053
35534.87,41055
32629.035,41057
38647.438,41059
32483.11,41061
25167.52,41063
35367.188,41065
54287.266,41067
17092.365,41069
40806.258,41071
38266.496,42001
55512.816,42003
40672.375,42005
45473.465,42007
35551.383,42009
47511.516,42011
39053.94,42013
37892.086,42015
54404.695,42017
45784.746,42019
37275.207,42021
36830.223,42023
42019.004,42025
40194.656,42027
62130.02,42029
35254.086,42031
36810.895,42033
36601.453,42035
38389.492,42037
35018.965,42039
47351.67,42041
49810.652,42043
56886.51,42045
37078.242,42047
40323.03,42049
37192.61,42051
36731.473,42053
40442.582,42055
40149.734,42057
42022.36,42059
36714.062,42061
41357.625,42063
34540.547,42065
34916.555,42067
39724.84,42069
44000.965,42071
40798.633,42073
42377.93,42075
50670.023,42077
42622.914,42079
37858.266,42081
37590.145,42083
37771.97,42085
35378.105,42087
44339.81,42089
63829.273,42091
43081.203,42093
48563.13,42095
39375.973,42097
41601.81,42099
63166.574,42101
40623.81,42103
42115.945,42105
39587.28,42107
36547.02,42109
35492.438,42111
30844.686,42113
32664.93,42115
34862.78,42117
39850.58,42119
36881.19,42121
36924.09,42123
47137.53,42125
36815.633,42127
44653.57,42129
41152.24,42131
44588.867,42133
44685.805,44001
47352.324,44003
49228.938,44005
50675.066,44007
44884.84,44009
33477.24,45001
42083.15,45003
39256.395,45005
36978.35,45007
31413.523,45009
34856.55,45011
39621.87,45013
41713.535,45015
36383.984,45017
44008.152,45019
39438.664,45021
40231.195,45023
36627.133,45025
32752.588,45027
33681.61,45029
40897.727,45031
33073.945,45033
40941.938,45035
38013.965,45037
42719.43,45039
39884.344,45041
34020.24,45043
43753.11,45045
38766.316,45047
37802.54,45049
34617.055,45051
38636.07,45053
39884.426,45055
42589.812,45057
38700.77,45059
34349.523,45061
40531.63,45063
32429.828,45065
31484.236,45067
37984.125,45069
36580.49,45071
39880.574,45073
36244.5,45075
37909.574,45077
45530.805,45079
34441.867,45081
44086.832,45083
38902.074,45085
37633.17,45087
34907.82,45089
46496.453,45091
32433.676,46003
37190.625,46005
29272.613,46007
34555.312,46009
37647.22,46011
40189.594,46013
31720.791,46015
37523.68,46017
28618.406,46019
33508.33,46021
33148.28,46023
34332.207,46025
31187.79,46027
34266.926,46029
35349.805,46031
27455.502,46033
36204.223,46035
29549.967,46037
33611.477,46039
36184.75,46041
42508.973,46043
39875.543,46045
38413.12,46047
39566.137,46049
34531.824,46051
30477.371,46053
31130.291,46055
38430.586,46057
35772.12,46059
34662.824,46061
27601.494,46063
39311.375,46065
35970.348,46067
33573.32,46069
28714.328,46071
37013.047,46073
36649.816,46075
40324.387,46077
36525.312,46079
30566.684,46081
38686.465,46083
31945.43,46085
36064.24,46087
36287.89,46089
35390.605,46091
30526.938,46093
34152.887,46095
34942.88,46097
42184.973,46099
40691.938,46101
39149.74,46103
24193.887,46105
40108.72,46107
33027.785,46109
38238.777,46111
36956.562,46113
43121.11,46115
34311.48,46117
54872.305,46119
36171.23,46121
31648.826,46123
37494.55,46125
42436.01,46127
28823.262,46129
37054.29,46135
32844.65,46137
44038.957,47001
35163.46,47003
27772.588,47005
29499.732,47007
41959.42,47009
41553.316,47011
35947.855,47013
32880.438,47015
30326.951,47017
31826.818,47019
44360.94,47021
31922.713,47023
29805.996,47025
22611.285,47027
30283.896,47029
38933.367,47031
34345.816,47033
30546.854,47035
54140.406,47037
30083.463,47039
34361.36,47041
38021.934,47043
35070.938,47045
36105.53,47047
27557.203,47049
33500.51,47051
35503.633,47053
32388.719,47055
32386.258,47057
34457.715,47059
26433.213,47061
36581.402,47063
44855.246,47065
24203.506,47067
36243.477,47069
31121.723,47071
35636.742,47073
36404.113,47075
33545.793,47077
31285.498,47079
35276.965,47081
27227.637,47083
36661.71,47085
24001.326,47087
34941.42,47089
29790.213,47091
41851.918,47093
34348.02,47095
34763.83,47097
29837.967,47099
27924.746,47101
33199.203,47103
38767.336,47105
35744.133,47107
33801.3,47109
28250.768,47111
40674.15,47113
34805.902,47115
37306.28,47117
44148.97,47119
27981.51,47121
35499.22,47123
40954.58,47125
33431.445,47127
36067.824,47129
38027.89,47131
28999.367,47133
29041.26,47135
24832.59,47137
34310.215,47139
34881.36,47141
38658.504,47143
46510.344,47145
42332.34,47147
47584.344,47149
30639.318,47151
33687.58,47153
34628.664,47155
51863.22,47157
33804.688,47159
37730.57,47161
41869.164,47163
46929.836,47165
43799.586,47167
27410.78,47169
39189.164,47171
36310.492,47173
25463.7,47175
33202.97,47177
37583.348,47179
29758.574,47181
32967.32,47183
29443.875,47185
52575.047,47187
45972.543,47189
37348.805,48001
45282.445,48003
38191.945,48005
29844.727,48007
35385.57,48009
34153.477,48011
34295.504,48013
39982.67,48015
35877.344,48017
28605.713,48019
38270.176,48021
29747.441,48023
31704.23,48025
47679.086,48027
45049.984,48029
25635.545,48031
32556.094,48033
28394.57,48035
39489.176,48037
49837.945,48039
36138.39,48041
30726.059,48043
29455.299,48045
31133.707,48047
30463.02,48049
30024.64,48051
30033.717,48053
33859.934,48055
49165.516,48057
29592.633,48059
30433.766,48061
32551.432,48063
57965.027,48065
34383.324,48067
53951.44,48069
56937.69,48071
32358.918,48073
29914.502,48075
29544.69,48077
42379.266,48079
22485.875,48081
22966.354,48083
55202.996,48085
30666.38,48087
30615.832,48089
37627.195,48091
27299.846,48093
25486.99,48095
34512.414,48097
39608.53,48099
29671.771,48101
47948.312,48103
27737.645,48105
38712.332,48107
25619.281,48109
44146.855,48111
61181.234,48113
39433.316,48115
38475.156,48117
25203.662,48119
49931.22,48121
27512.959,48123
24644.217,48125
29754.35,48127
27612.547,48129
28877.615,48131
29402.875,48133
46128.54,48135
16138.974,48137
47587.594,48139
40040.965,48141
28198.01,48143
29806.12,48145
32636.797,48147
28433.268,48149
33279.96,48151
36815.29,48153
26052.25,48155
55774.44,48157
28588.537,48159
30626.797,48161
32158.633,48163
41603.53,48165
49683.895,48167
33607.95,48169
26516.715,48171
48640.297,48173
28131.498,48175
27742.035,48177
44779.156,48179
38627.246,48181
41815.25,48183
35795.723,48185
38108.273,48187
34690.543,48189
29243.883,48191
26718.773,48193
44633.188,48195
28891.566,48197
38918.35,48199
66726.79,48201
38930.82,48203
48539.965,48205
31195.854,48207
39724.445,48209
39732.46,48211
31430.973,48213
31332.67,48215
30780.912,48217
38314.188,48219
37054.414,48221
29649.984,48223
32044.795,48225
39520.3,48227
39324.344,48229
39752.16,48231
45250.824,48233
33650.49,48235
31708.203,48237
34757.453,48239
32491.78,48241
26366.783,48243
47465.984,48245
27261.225,48247
36406.547,48249
40543.992,48251
31976.598,48253
26488.36,48255
48208.867,48257
39267.26,48259
49578.008,48261
18782.82,48263
31472.762,48265
21697.0,48267
21961.957,48269
27578.455,48271
36679.32,48273
35135.637,48275
33150.625,48277
36694.332,48279
31896.34,48281
30765.193,48283
25525.037,48285
31041.58,48287
31177.97,48289
45059.375,48291
29708.604,48293
33822.53,48295
34437.28,48297
29394.283,48299
30593.543,48301
36990.914,48303
45640.48,48305
27504.928,48307
37050.703,48309
23554.502,48311
31805.559,48313
31478.16,48315
44071.66,48317
19435.666,48319
38742.816,48321
28324.674,48323
33097.203,48325
17257.562,48327
52972.867,48329
35230.65,48331
21559.188,48333
33982.008,48335
28196.973,48337
51320.625,48339
43677.676,48341
41054.035,48343
24372.252,48345
33672.52,48347
30660.13,48349
32038.967,48351
32212.691,48353
44432.82,48355
43001.023,48357
41772.914,48359
41845.73,48361
33166.56,48363
35579.64,48365
37301.62,48367
40097.99,48369
36731.793,48371
31451.799,48373
39317.453,48375
35151.7,48377
29507.984,48379
37895.883,48381
43225.453,48383
18409.635,48385
27502.314,48387
33680.816,48389
31218.64,48391
28327.182,48393
31145.035,48395
49828.746,48397
29545.082,48399
39070.336,48401
37318.004,48403
28512.812,48405
34622.383,48407
41441.24,48409
22046.434,48411
26855.184,48413
38947.5,48415
28999.074,48417
32476.367,48419
52126.43,48421
40028.64,48423
48310.27,48425
23414.838,48427
33105.453,48429
32900.69,48431
22630.576,48433
42550.23,48435
36852.355,48437
51857.938,48439
36899.04,48441
21389.53,48443
38856.855,48445
26721.38,48447
35149.504,48449
34853.027,48451
50397.668,48453
28032.373,48455
30256.21,48457
35850.55,48459
40539.56,48461
29114.064,48463
37158.11,48465
32264.63,48467
41000.926,48469
35093.285,48471
51899.32,48473
41875.08,48475
31843.016,48477
34700.227,48479
34288.574,48481
34467.83,48483
40781.81,48485
33880.93,48487
32793.535,48489
47957.164,48491
34484.355,48493
43702.195,48495
40268.727,48497
30688.77,48499
53572.23,48501
31385.584,48503
36862.496,48505
23963.793,48507
32844.65,49001
41558.367,49003
32125.479,49005
38290.098,49007
32409.639,49009
41424.13,49011
38685.945,49013
38681.605,49015
24869.32,49017
27559.562,49019
28933.48,49021
32232.723,49023
27915.178,49025
37583.69,49027
33970.742,49029
23674.834,49031
25150.822,49033
47383.215,49035
28075.12,49037
27402.277,49039
30111.781,49041
36119.9,49043
41333.03,49045
42988.133,49047
38757.19,49049
31921.244,49051
31986.494,49053
25696.947,49055
39007.043,49057
36044.395,50001
36117.93,50003
33803.656,50005
46690.664,50007
32860.043,50009
40639.152,50011
37351.402,50013
35049.72,50015
35861.605,50017
34156.633,50019
36109.246,50021
40054.69,50023
36049.703,50025
37804.9,50027
34282.246,51001
38902.758,51007
33437.62,51009
28243.766,51011
82995.875,51013
35661.3,51017
33515.883,51021
37796.89,51023
32535.107,51025
39985.688,51027
29730.793,51029
40217.797,51033
44447.848,51036
27802.176,51037
48718.684,51041
43565.418,51043
29287.291,51045
38492.98,51047
34731.832,51049
35082.895,51051
35510.535,51057
41187.176,51061
23751.867,51063
32301.979,51065
33621.625,51067
35094.52,51071
36353.16,51073
51506.24,51075
25110.453,51077
32054.463,51079
33188.477,51083
48959.676,51085
54359.703,51087
18115.32,51091
44689.836,51093
35359.734,51097
57143.824,51099
45193.21,51101
31476.166,51103
28905.545,51105
60369.016,51107
40454.547,51109
30831.129,51111
28401.584,51113
26434.018,51115
31332.777,51117
30066.414,51119
28307.906,51125
46155.086,51127
38541.24,51131
29311.973,51133
35468.81,51135
37116.832,51137
30872.898,51139
28988.127,51141
43538.08,51145
30868.48,51147
38532.65,51155
31144.523,51157
32586.55,51159
31387.242,51167
33674.812,51169
33231.973,51171
32513.867,51173
59951.914,51179
51524.617,51181
39209.918,51183
34323.527,51185
37816.1,51187
37041.316,51193
32588.117,51197
78595.64,51510
46239.555,51550
50421.633,51650
49852.543,51700
54003.3,51710
50705.27,51740
57441.58,51760
46130.15,51770
45907.83,51800
46533.29,51810
41575.555,53001
36801.168,53003
49346.438,53005
35772.51,53007
33805.434,53009
45454.617,53011
37291.0,53013
43428.617,53015
34869.562,53017
29715.209,53019
45403.457,53021
31726.91,53023
39896.62,53025
37590.316,53027
42428.3,53029
30391.729,53031
62992.57,53033
48039.918,53035
35994.56,53037
33209.81,53039
38265.86,53041
34640.348,53043
39495.316,53045
31714.758,53047
30523.006,53049
37499.71,53051
51958.258,53053
25570.459,53055
42216.25,53057
36963.715,53059
54673.492,53061
41092.066,53063
33547.38,53065
45987.754,53067
30107.025,53069
39974.28,53071
39937.37,53073
40430.3,53075
39007.684,53077
30379.33,54001
41529.297,54003
48738.973,54005
31532.63,54007
39990.3,54009
39720.715,54011
27053.348,54013
40891.21,54015
29752.922,54017
36428.746,54019
31421.646,54021
35313.707,54023
32789.543,54025
27338.018,54027
40706.992,54029
30096.248,54031
41034.793,54033
37424.67,54035
42955.99,54037
46956.77,54039
34939.312,54041
39220.367,54043
41162.617,54045
38857.285,54047
39332.14,54049
36045.95,54051
38615.445,54053
34489.0,54055
35748.727,54057
46337.168,54059
42290.004,54061
29284.74,54063
37449.17,54065
35077.184,54067
37686.785,54069
29933.025,54071
39202.273,54073
28714.84,54075
34150.656,54077
45261.68,54079
39195.598,54081
32579.527,54083
31705.494,54085
30448.33,54087
30060.475,54089
35001.285,54091
28243.777,54093
34159.36,54095
34344.758,54097
40693.703,54099
34774.867,54101
31996.275,54103
29966.344,54105
38152.0,54107
40670.54,54109
32982.023,55001
35823.117,55003
32386.484,55005
27875.137,55007
45785.72,55009
35278.92,55011
28254.857,55013
39739.203,55015
36509.887,55017
34409.223,55019
40951.69,55021
28336.738,55023
47639.016,55025
40318.227,55027
30944.25,55029
37666.27,55031
35996.0,55033
38694.414,55035
31276.816,55037
42634.49,55039
30859.002,55041
33468.406,55043
37816.54,55045
36671.344,55047
37916.438,55049
27005.133,55051
36679.43,55053
40912.094,55055
35707.625,55057
47557.0,55059
41533.19,55061
39293.547,55063
33566.203,55065
35015.457,55067
37748.617,55069
41740.8,55071
41761.71,55073
35865.555,55075
34000.43,55077
38625.79,55078
52564.637,55079
35549.633,55081
36893.086,55083
32907.996,55085
45552.51,55087
47304.94,55089
33354.965,55091
37295.113,55093
34778.414,55095
39636.965,55097
32824.867,55099
48970.848,55101
31675.588,55103
42891.727,55105
30284.691,55107
41379.105,55109
38201.5,55111
32969.348,55113
35150.266,55115
45583.44,55117
33918.457,55119
36655.18,55121
31520.574,55123
35242.305,55125
40237.945,55127
32054.148,55129
45566.965,55131
51546.836,55133
39075.516,55135
35613.746,55137
47212.41,55139
46100.72,55141
34988.05,56001
31507.81,56003
58705.785,56005
41397.27,56007
42495.746,56009
34786.574,56011
33873.44,56013
30353.828,56015
29628.57,56017
31079.184,56019
42871.95,56021
41631.75,56023
49862.34,56025
26234.656,56027
34359.785,56029
33809.83,56031
37914.363,56033
51137.582,56035
55826.062,56037
40951.324,56039
43817.652,56041
35297.176,56043
33358.816,56045
