12977,1281,11153,10,52,18,0,418,195,11,13,0,79,67,0,13,15,0,14,0,166,248,325,205,944,1712,75,1193,0,0,14,257,28,108,0,112,178,108,0,42,42,301,117,0,254,351,19,0,47,41,169,0,198,0,100,107,0,0,26,64,148,0,77,0,0,28,87,90,1,0,33,34,105,0,0,267,101,110,233,0,51,62,62,0,148,0,12,0,0,14,83,167,139,0,119,119,271,0,150,548,0,87,20,0,304,46,459,67,59,479,16,14,13,0,36,26,136,66,0,106,44,206,0
182,3096,827,0,11,0,0,59,234,0,0,40,19,0,1,7,9,0,0,0,137,0,70,100,714,441,182,417,0,0,2,0,2,20,5,20,71,0,35,12,51,88,112,29,0,239,5,39,0,11,38,1,63,0,14,67,0,1914,7,0,0,0,0,0,0,13,0,10,0,18,0,0,78,0,0,42,0,13,221,7,54,72,0,0,0,0,76,0,0,105,21,13,115,9,0,0,164,0,51,63,154,23,17,0,167,14,259,0,0,0,9,1,0,0,20,0,16,133,15,0,0,47,10
3215,2456,37154,26,351,0,95,927,2535,300,111,998,313,339,0,144,0,9,0,28,890,1160,648,777,2672,6030,1320,7326,0,0,0,1977,65,562,205,319,875,421,185,0,0,912,184,20,580,411,149,762,0,280,437,122,1870,72,275,383,85,4533,206,436,312,66,269,41,45,107,981,437,0,0,110,503,857,0,357,919,830,211,1248,37,210,225,342,127,1299,0,128,331,168,0,793,255,1117,26,631,1638,1114,27,806,1134,2590,74,40,0,1110,39,1404,937,260,1324,329,0,90,223,160,268,394,0,147,354,178,614,0
0,0,0,15324,0,0,0,0,0,0,0,10,0,0,0,1,0,0,0,0,0,0,0,0,0,0,0,0,0,0,0,0,0,0,0,0,0,0,0,0,0,0,0,0,0,0,0,0,2,0,0,0,1,0,0,0,0,0,0,0,0,0,0,0,0,0,0,0,0,0,0,0,672,0,0,0,0,0,0,0,0,0,0,0,0,0,1,0,9,0,0,0,0,0,0,0,0,0,0,0,0,0,0,0,0,0,0,0,0,1,0,46,0,0,0,0,1,1313,340,0,0,0,3
32,0,306,0,49464,6942,10432,0,8545,416,1040,2990,1922,1082,392,0,137,10,0,0,0,475,268,201,501,1131,0,125,39,0,188,2107,0,202,0,161,0,508,0,0,0,422,17,1,0,0,13,140,100,25,388,0,405,20,66,536,0,0,0,218,0,0,0,2770,299,75,0,49,0,5695,23,51,1015,37,134,90,510,72,0,6,0,296,0,0,98,103,28,0,390,0,184,0,321,0,0,0,0,14,608,50,164,411,0,0,2211,0,729,123,0,1243,1252,244,135,0,61,254,0,916,0,25,0,0,79
0,0,0,0,2240,3802,0,0,2054,0,91,170,43,0,20,0,13,0,0,2,0,84,0,9,0,37,0,27,0,0,12,125,2,7,1,0,0,0,0,151,0,7,0,0,0,0,1,0,0,4,66,2,0,3,19,17,0,12,0,0,6,20,0,0,40,0,106,19,1,174,0,0,86,0,0,0,0,0,0,0,0,0,6,1,45,0,9,0,18,34,32,0,87,0,0,10,7,13,64,0,7,0,1,0,180,67,111,7,8,116,33,6,0,0,0,22,29,34,0,0,57,47,0
10,1,18,5,1008,0,7087,0,2081,118,165,163,362,65,43,2,0,0,0,0,0,0,0,4,21,36,0,4,7,0,19,63,0,15,0,0,73,4,11,0,2,23,0,0,0,9,3,0,0,0,0,1,0,0,0,0,4,0,3,5,9,0,3,106,37,0,22,2,0,115,0,15,76,2,14,0,2,0,11,0,0,7,5,0,44,0,5,5,24,50,16,2,27,6,1,0,0,0,16,0,0,13,1,0,126,0,46,0,36,129,343,39,0,5,7,1,7,43,36,0,9,0,0
627,171,1115,7,321,0,77,32489,3378,163,124,585,763,483,285,110,0,0,67,0,277,534,432,263,566,1381,91,523,4,0,84,1732,234,954,151,412,1068,559,592,504,307,1587,369,0,1388,1965,191,658,41,42,141,82,1300,130,588,364,221,2375,361,764,1980,166,325,126,137,63,941,188,3,114,127,339,0,46,322,373,315,239,640,94,420,453,484,160,531,566,1003,2950,250,196,590,264,1061,27,79,95,0,66,2545,1156,1024,343,0,32,3259,61,3499,385,502,2759,0,243,11,201,314,173,384,385,190,138,158,724,114
1010,754,1053,1136,17929,2894,4002,1587,378196,7012,27214,24783,32695,4871,1790,1072,840,187,0,429,707,6919,2289,2188,4108,6566,371,1307,2007,613,1468,8428,350,2925,241,2879,2666,2573,880,2502,1778,2465,251,70,724,1121,789,0,1010,453,3610,167,3607,701,1246,3658,526,2354,894,1946,1443,1830,1405,11515,3045,1550,11863,2573,239,3093,576,1155,9597,504,2475,1645,775,0,2271,371,1125,1230,3735,0,2759,953,725,1037,4990,2500,4772,1160,6979,369,176,853,1052,203,3096,779,1538,1185,225,194,10039,1477,5808,1732,3029,5221,6218,1037,292,796,1355,3271,1216,9884,4152,449,1611,2183,395
0,0,0,0,295,0,58,20,2982,19607,337,12439,11509,167,94,0,27,5,0,0,24,0,0,80,91,172,0,0,115,48,242,0,3,0,3,71,67,0,85,9,36,0,0,0,40,7,40,62,0,1,0,7,0,0,59,0,0,0,0,83,56,82,38,0,1799,0,240,0,0,0,19,30,294,12,0,49,0,0,0,0,159,39,0,0,0,0,0,3,453,388,101,41,200,0,0,0,63,4,277,0,104,0,0,0,229,0,336,24,19,75,437,70,9,18,0,0,29,723,290,0,87,0,3
0,0,183,49,927,227,153,0,18912,0,22295,1682,1883,359,0,192,75,14,0,0,109,863,0,191,500,0,0,90,0,0,79,0,0,665,16,460,349,116,19,100,0,539,8,0,255,78,68,458,504,0,711,0,278,73,340,354,62,0,0,435,88,179,78,537,67,152,689,0,7,228,104,412,594,0,378,118,48,0,187,0,190,127,0,53,142,29,79,0,0,89,1262,154,373,38,41,0,85,0,4785,525,0,177,0,17,2012,231,804,547,0,841,396,77,38,57,144,286,217,1468,604,146,0,390,0
0,55,389,870,3373,259,183,226,22024,6508,2118,133274,15885,1485,604,183,305,61,0,39,343,3004,0,626,1030,1181,83,0,829,182,1072,3192,0,472,0,1318,558,413,346,381,0,478,95,10,212,86,173,354,442,39,1484,185,993,100,540,729,0,622,235,513,211,300,286,801,2565,478,1953,179,13,256,0,333,2418,119,471,416,0,180,618,104,194,354,321,123,224,156,149,131,1735,888,891,732,1023,90,51,0,703,117,2495,202,312,4091,59,0,3985,0,3380,806,390,782,1075,682,159,273,319,801,198,2194,1178,100,0,936,101
65,30,175,132,2637,349,432,210,22292,8901,1550,25330,57500,951,307,42,81,12,0,0,0,510,304,272,499,521,13,212,741,193,602,942,41,476,39,336,275,434,92,0,334,341,0,0,147,71,167,389,110,115,496,65,422,131,199,895,169,50,0,267,370,498,162,873,1558,48,756,0,27,489,30,381,626,135,204,225,0,122,220,61,247,141,122,184,203,61,62,0,1666,1094,319,98,982,38,32,91,142,0,369,84,267,195,0,0,1569,266,761,116,307,501,1930,507,77,119,125,261,73,3023,1173,0,150,830,105
0,8,81,85,913,103,153,405,2751,234,0,1850,444,33901,12834,0,0,0,25,5,136,340,0,0,730,850,0,220,58,0,324,969,6,163,0,330,123,1112,172,635,0,666,44,0,44,0,69,70,0,6,277,27,469,64,181,0,125,88,163,153,122,716,1029,221,139,21,852,334,0,1573,19,58,674,142,342,113,0,80,100,0,105,0,168,41,94,0,218,88,364,257,127,66,290,0,0,0,54,0,0,140,123,219,0,37,968,219,1242,159,142,886,1567,345,23,0,0,74,77,1171,223,32,118,0,2490
185,0,78,0,0,0,59,202,1449,103,72,673,421,4059,9745,0,0,0,38,0,33,191,44,33,91,0,5,70,0,0,190,2398,66,329,0,23,156,0,304,371,0,0,0,0,139,28,74,0,0,0,399,3,232,0,38,101,0,182,76,114,228,247,337,42,61,0,0,24,0,692,0,93,297,9,0,55,67,55,81,55,63,46,310,0,0,101,58,79,286,95,126,0,209,0,0,20,91,81,455,14,119,155,0,0,855,95,391,129,109,508,796,409,0,16,41,0,43,364,81,0,45,0,275
56,6,177,28,360,0,0,0,1009,0,198,243,224,82,88,12712,6783,870,86,0,111,394,243,0,483,472,9,140,0,0,26,486,8,312,30,229,208,115,32,34,0,134,62,0,33,42,1159,395,228,0,7029,1932,189,90,125,285,158,72,49,81,81,54,59,0,0,2149,2172,488,0,0,1078,258,7874,228,1484,296,0,0,236,33,466,491,140,30,0,30,19,0,100,27,571,0,1323,1500,60,93,194,0,0,123,216,126,0,0,439,56,214,134,61,240,74,19,1148,210,165,155,125,284,63,0,166,166,0
93,20,105,8,394,0,18,124,1534,126,195,291,156,75,0,3995,16383,664,81,0,113,0,0,159,0,472,0,153,0,0,0,0,0,231,22,474,270,0,0,0,112,0,15,13,0,0,417,744,223,57,2177,507,286,75,92,172,94,107,70,119,129,0,93,0,19,903,3779,530,17,106,272,415,8227,324,732,639,0,55,481,117,0,440,140,47,253,0,0,21,176,40,0,295,889,745,0,111,226,8,0,102,183,0,0,4,0,0,361,224,59,177,115,0,116,348,121,178,207,229,130,0,129,267,2
0,0,1,0,3,0,0,0,19,0,0,8,0,0,1,474,287,1522,0,5,13,20,0,0,3,11,0,28,0,0,0,0,0,5,0,0,0,0,0,0,0,0,0,0,0,0,112,6,0,0,616,76,0,0,2,0,0,0,2,18,6,0,0,0,0,70,0,19,0,0,0,0,283,4,37,11,11,0,4,0,8,18,0,0,0,0,0,0,1,0,0,0,0,262,0,0,0,0,0,0,0,0,0,0,0,0,5,0,0,5,0,0,17,0,0,0,0,0,1,0,0,0,0
21,0,88,0,0,0,0,0,421,0,37,0,136,0,0,111,0,0,7402,30,14,0,0,0,89,123,0,175,4,0,0,0,0,0,9,110,123,0,11,0,35,66,0,0,57,17,135,474,158,489,509,40,0,8,116,46,26,0,0,0,0,0,0,4,0,0,1354,987,179,0,195,89,1763,114,0,198,14,60,177,0,34,137,0,0,0,0,0,0,42,45,2513,190,2104,39,16,15,70,0,57,0,165,0,0,0,297,0,101,0,0,160,0,0,0,0,0,263,122,98,0,55,26,75,0
0,0,1,0,0,0,1,0,11,0,0,0,0,2,0,0,30,0,0,1590,0,1,0,2,0,0,0,0,0,0,0,14,0,0,0,0,1,0,1,0,0,0,0,0,0,0,0,104,336,6,0,0,7,0,0,0,0,0,0,0,0,0,0,0,0,3,0,1,0,0,1,0,77,0,0,0,2,0,5,0,0,4,2,0,0,4,0,0,1,0,28,2,9,0,0,0,0,0,0,0,0,0,0,0,2,0,0,0,0,0,0,0,0,35,0,397,17,0,0,3,0,0,0
308,135,934,9,0,4,7,120,407,23,0,131,69,58,0,0,202,0,0,0,13273,3551,3344,1349,5356,2150,964,2449,0,0,17,350,26,174,1,46,108,0,8,0,63,69,21,0,0,74,25,79,0,0,0,0,184,52,67,134,5,136,35,43,29,0,0,95,23,21,177,0,0,60,0,73,543,12,0,579,0,426,0,0,83,0,0,8,54,19,0,9,55,8,85,64,0,4,0,185,630,0,80,212,330,0,0,11,405,37,385,0,121,168,27,11,0,63,73,52,71,114,22,110,100,34,0
99,0,518,0,322,56,69,0,2117,116,164,224,317,184,0,263,600,0,0,0,500,78885,2497,2209,8602,1597,0,603,117,0,0,829,75,653,0,176,197,249,90,0,126,307,30,6,262,72,67,293,283,121,474,47,233,84,0,263,0,0,66,308,194,107,303,78,47,142,934,140,26,50,89,121,1906,29,222,259,296,184,457,35,104,192,267,99,239,63,0,98,49,68,338,183,958,107,0,0,457,0,418,0,266,60,0,55,1475,0,1179,0,126,0,197,0,0,114,151,0,256,230,63,102,395,380,20
118,0,223,0,126,0,0,0,365,0,0,176,85,47,20,48,12,2,0,23,2535,7728,21282,4713,9983,920,161,1126,4,0,0,452,9,47,0,0,111,34,14,0,57,0,15,0,83,0,32,0,0,47,114,0,369,0,0,76,47,104,0,0,54,12,26,13,61,39,144,0,7,53,46,0,568,0,74,0,161,0,202,0,33,119,103,0,0,23,11,0,20,0,121,0,0,0,33,0,434,0,78,22,177,92,0,0,180,0,436,0,45,100,29,3,0,0,0,0,96,85,0,13,70,108,0
145,43,438,0,121,0,20,0,1032,33,89,267,150,177,105,95,104,5,28,0,1148,3571,5389,27929,10205,955,278,597,4,0,54,743,0,430,0,98,135,156,32,71,67,219,113,2,243,245,47,184,157,64,420,0,325,96,90,255,0,181,51,178,0,0,43,144,125,88,760,66,37,0,89,129,796,102,207,396,190,261,298,50,155,166,986,34,235,32,0,76,55,43,551,255,693,54,151,123,419,0,388,180,208,96,6,0,456,30,304,32,121,341,75,0,25,152,165,451,192,166,132,93,65,179,4
349,939,1138,10,397,0,57,309,1146,0,240,274,516,451,0,191,213,0,25,0,2720,8124,6394,6924,28912,1597,854,1826,0,0,54,648,58,260,102,0,828,571,46,814,355,192,0,0,638,212,119,406,156,59,468,171,567,110,263,312,86,679,176,0,197,0,0,0,0,49,1006,100,62,0,0,0,559,0,237,209,160,138,524,0,276,210,257,127,751,214,0,0,134,80,218,106,820,0,244,250,627,0,232,309,522,110,4,13,792,20,369,115,71,0,143,0,0,74,333,86,245,408,0,0,102,339,14
4184,1053,8526,75,875,127,92,1289,3002,182,430,718,737,677,291,242,151,0,69,0,3009,5106,4297,2726,5334,84706,3385,16221,0,0,240,4272,23,908,152,781,1161,624,308,287,1105,3142,329,55,653,1347,292,1778,337,202,830,144,1442,140,1049,665,207,2411,285,832,393,319,246,164,102,187,1010,288,58,111,271,797,1764,94,827,5603,2496,2056,6810,182,523,668,883,397,1195,452,170,0,150,160,860,628,1895,65,2455,3036,3972,52,2247,4026,6144,284,78,7,2615,109,2389,798,548,1265,451,84,36,428,407,617,1128,851,230,687,456,848,90
0,21,171,0,0,0,0,0,0,0,0,28,58,0,0,4,0,4,0,0,532,465,98,0,430,1259,3264,2224,0,0,0,39,0,39,0,20,33,52,0,22,24,59,0,0,0,24,113,17,9,15,157,0,0,11,10,26,0,28,4,0,3,0,0,0,0,0,104,0,0,0,0,57,0,0,0,229,99,0,0,0,0,0,0,11,39,4,0,0,0,0,185,72,88,0,254,108,887,0,67,26,108,14,0,0,0,0,45,10,0,41,4,0,0,0,72,0,92,0,6,0,0,0,1
695,453,3026,1,272,27,51,589,1872,113,125,296,323,414,83,102,196,0,194,0,1939,2767,1677,1008,5072,10873,2927,37417,0,0,73,1683,70,250,86,392,595,661,388,418,211,1150,0,0,596,393,192,553,89,375,489,58,994,143,365,579,153,918,104,261,328,124,197,81,44,150,1135,196,10,63,94,317,907,35,688,1406,836,497,2585,98,282,377,372,174,380,196,0,0,180,104,328,127,993,52,1256,1727,2951,0,504,563,2070,213,0,21,1379,110,783,291,317,1082,214,37,144,262,280,471,789,510,0,325,83,651,77
0,0,0,0,0,0,0,0,239,0,0,39,2,1,1,0,0,0,0,0,1,0,0,1,9,0,1,0,15365,3138,0,0,0,0,0,0,0,0,1,0,0,0,0,0,0,0,1,0,1,0,0,0,3,0,0,0,0,1,0,2,0,0,0,0,0,0,6,0,0,0,0,0,0,0,0,0,0,0,0,0,0,0,0,0,0,0,0,0,11,1,0,0,1,0,1,0,0,0,1,0,0,1,0,0,3,0,1,0,1,1,0,0,0,0,0,0,0,0,1,0,0,0,0
0,0,0,0,0,0,0,0,45,2,0,18,0,0,0,0,0,0,0,0,0,3,0,1,0,0,0,0,159,2632,0,2,0,0,0,0,0,0,0,0,0,0,0,0,0,0,0,0,0,0,1,0,1,0,0,1,0,0,0,0,0,0,0,0,0,0,1,0,0,0,0,0,4,0,0,0,0,0,0,0,0,0,0,0,0,0,0,0,1,1,0,0,0,0,0,0,0,0,0,0,0,0,0,0,1,0,0,0,0,0,0,0,0,0,0,0,0,0,1,0,0,0,0
35,0,0,0,505,10,114,63,1455,221,181,0,479,354,155,0,0,1,0,0,0,115,82,44,69,224,5,68,0,2,13792,460,27,231,0,0,84,106,0,121,0,39,0,0,214,46,51,0,0,0,0,0,0,0,0,215,86,138,0,69,344,746,119,148,210,9,0,80,3,27,12,193,268,24,149,89,0,34,0,94,56,51,75,16,88,52,0,0,819,1215,96,367,209,0,0,0,42,155,0,39,229,0,1,1,418,13,94,0,37,70,1326,434,0,0,0,0,0,851,999,23,219,478,390
1405,136,1019,104,3010,183,427,2134,10240,895,758,2305,3098,1624,936,573,927,36,475,333,1550,3535,1461,967,1773,6807,0,2277,176,0,446,155615,835,15846,5672,5902,9503,5727,1338,1230,2051,3825,293,0,1260,842,494,1333,568,267,2157,340,12903,3060,6665,7164,2591,1139,1580,3312,1747,877,1594,866,497,485,4452,942,133,392,801,1503,4473,878,1637,1445,1076,0,1609,1119,1937,4541,3291,1985,4116,1193,607,269,1318,391,2070,1699,6855,511,0,843,1113,965,2231,1283,2437,0,83,0,4860,1493,6556,2453,1434,3409,974,185,226,709,875,1188,1000,2319,867,1178,11838,19433,254
21,9,92,0,16,0,0,317,214,2,0,0,0,0,26,7,0,0,2,0,12,60,36,15,60,255,0,50,0,0,10,6814,7075,1277,359,0,181,252,75,0,53,839,0,0,0,0,0,0,15,12,44,5,207,68,59,143,49,146,159,4553,1153,12,127,60,5,0,160,18,0,12,0,14,67,4,30,20,4,3,33,0,93,31,50,32,0,29,0,35,0,0,0,0,114,0,2,0,30,15,47,66,222,12,5,0,122,8,0,113,17,101,31,144,1,0,84,19,44,0,0,0,75,158,0
419,146,1373,16,435,17,67,985,2833,92,260,444,1087,831,447,53,119,22,176,13,725,662,220,522,432,1988,2095,1249,27,0,167,13431,1793,36938,0,3512,5937,6462,430,999,2479,2376,341,0,3656,1652,246,1378,148,0,411,78,4784,744,1402,1456,1078,1636,716,3856,2314,1077,1828,149,0,71,997,161,51,121,133,507,1018,127,668,785,360,164,608,1207,651,962,0,1075,0,159,91,106,335,463,477,0,2364,75,0,275,429,394,1079,862,1471,45,0,0,1868,167,3295,1155,672,1211,916,95,26,130,830,83,244,731,328,463,1655,4270,293
0,5,230,0,81,0,0,73,473,9,10,222,0,163,24,0,0,0,0,0,0,65,51,17,12,448,27,36,0,0,0,5789,482,1307,10275,408,2406,309,60,51,64,222,0,0,0,254,0,151,0,0,52,10,1929,416,914,523,0,73,18,310,224,11,120,0,10,21,137,0,0,0,3,132,68,31,58,96,67,14,72,53,127,586,226,81,1519,0,34,6,0,24,174,0,897,2,0,22,20,67,32,154,99,9,0,0,214,0,240,144,6,141,57,0,0,57,59,22,132,26,19,0,492,674,0
152,0,828,10,255,0,129,577,1649,81,212,1437,710,0,104,162,85,0,173,0,244,665,382,205,586,1960,43,1408,7,2,186,3716,225,2343,1359,21187,10052,779,408,0,2017,1866,0,0,0,123,161,182,117,0,827,76,2770,455,1812,0,229,350,699,1053,663,76,268,0,26,65,871,130,0,0,253,592,0,150,1405,640,110,132,328,121,1919,1141,1870,1211,1997,109,99,236,146,0,779,0,828,51,0,642,350,46,97,487,1022,511,38,0,1115,192,1799,1416,212,1140,0,67,29,142,507,225,482,148,182,412,524,748,57
842,173,2136,78,1750,147,200,1624,3758,304,545,1315,735,1227,446,338,156,0,353,19,0,1191,377,1455,1892,3588,408,1691,32,0,206,9028,431,4418,2788,7219,47786,1989,325,1131,3185,8251,0,0,403,660,408,809,441,296,678,152,9795,1846,3625,1748,482,752,698,1908,3258,676,740,322,256,447,1386,248,8,417,1184,1127,1456,303,731,837,879,500,1827,511,3709,2315,2407,1915,6391,463,324,448,447,239,1386,1295,3165,125,1457,483,0,160,977,1903,3800,145,0,0,2081,455,1761,1867,0,4061,719,73,87,1215,629,319,874,1120,535,894,1110,2959,87
258,0,766,28,866,0,0,1074,3630,330,182,1078,1070,1210,369,70,0,44,61,0,311,578,250,191,696,1593,186,980,0,6,0,6253,327,5368,563,1236,1546,57024,873,1940,371,607,0,0,0,468,235,1367,142,91,371,106,1995,577,981,3475,4450,439,817,1206,2437,813,4678,174,134,0,1379,211,43,412,218,395,574,190,512,376,245,141,722,954,1958,375,1033,324,771,524,198,523,312,253,833,420,1970,67,100,210,432,1830,471,318,858,109,0,71,2704,212,1179,881,255,2408,680,109,128,256,198,142,649,1059,552,74,875,3081,86
0,0,227,45,80,0,64,0,782,0,57,500,261,0,0,58,0,0,0,0,62,0,52,36,161,443,0,150,34,0,52,1799,1112,523,17,179,242,1980,6194,5682,0,243,29,0,103,55,50,0,49,0,161,31,586,0,67,360,0,95,5715,0,3726,45,0,0,29,13,334,23,0,0,0,211,308,0,134,112,33,167,504,48,0,92,306,0,0,310,596,551,100,38,0,0,333,0,0,15,0,0,78,0,110,58,0,0,960,30,624,169,0,697,0,30,0,38,29,0,76,676,79,20,298,265,56
104,0,196,0,470,41,112,2042,2390,109,153,555,511,1033,524,652,0,0,0,6,240,777,195,212,387,961,78,361,10,0,122,2892,154,784,52,561,735,1435,2193,36268,177,364,95,0,156,71,105,289,127,38,449,0,460,0,178,780,297,195,1979,569,2602,195,1979,79,72,125,683,0,0,294,123,89,788,26,265,175,222,0,456,239,471,232,0,155,421,833,908,1557,0,56,444,293,537,0,0,38,353,412,0,295,329,110,0,0,4055,54,2637,322,399,1582,0,32,12,382,140,177,0,1100,250,50,214,708,94
90,0,417,0,104,0,6,296,1069,32,84,490,79,367,0,59,23,0,0,0,71,155,60,168,449,549,0,384,20,0,37,1525,53,800,330,922,3344,316,0,78,30755,5678,46,0,67,86,63,203,79,887,0,19,1531,110,293,173,82,226,0,706,151,7,78,0,0,31,1289,98,0,41,21,452,464,0,191,493,168,50,330,0,2651,0,283,216,459,25,0,0,20,0,140,422,397,0,47,0,176,36,162,1692,1179,65,0,0,781,28,564,180,109,0,41,20,25,99,515,89,241,292,16,0,0,280,23
670,236,1703,6,335,9,71,1067,5138,153,122,0,542,303,132,98,117,0,0,40,0,1220,542,432,651,2437,151,3667,23,0,99,4353,252,3143,449,1819,5416,1071,106,297,5186,35404,323,8,968,329,226,725,0,0,0,0,5127,249,974,0,179,1511,459,1144,986,0,447,42,49,193,0,367,0,82,179,635,1056,0,937,924,437,211,1397,111,4290,0,2504,853,3041,178,256,150,153,0,467,1360,2139,0,875,596,1513,52,0,4105,4450,38,16,0,1371,440,1960,922,511,1536,170,7,47,939,812,418,676,2244,0,7205,541,1077,80
216,263,0,0,106,0,0,651,634,28,0,32,111,55,0,0,0,0,36,0,0,78,0,288,259,1235,0,0,0,0,0,1146,0,187,0,100,177,452,0,83,0,857,30329,591,9320,4067,0,269,0,0,0,0,651,57,272,224,0,1247,0,0,189,0,93,0,0,0,0,0,0,12,0,0,66,0,0,0,90,0,165,29,0,333,0,17,564,0,0,0,0,0,111,0,229,0,496,852,0,0,198,374,607,0,665,11,694,149,5221,190,0,1166,0,0,0,0,20,0,250,0,71,0,0,307,0
22,130,31,0,0,0,36,103,112,0,0,0,0,2,0,0,0,0,0,0,0,0,0,0,0,250,0,0,0,0,0,220,0,64,58,0,52,82,0,75,0,0,0,13681,53,766,0,0,0,0,23,20,68,0,13,22,0,176,13,0,2,3,0,0,0,0,69,0,0,0,0,0,0,0,0,40,0,0,48,0,0,37,21,0,0,145,35,17,0,0,0,74,0,0,0,39,81,0,0,37,81,3,335,5,59,0,3608,218,18,216,0,0,0,0,7,0,0,0,0,0,0,30,0
49,0,1049,0,0,0,0,420,0,0,0,159,0,0,9,0,0,0,0,0,48,0,0,4572,964,460,0,0,0,0,0,560,0,51,0,0,107,1251,0,61,0,0,19080,1040,36760,4329,0,0,0,0,0,0,0,0,46,23,0,8147,0,267,0,0,41,1,2,0,0,0,0,48,0,39,47,0,0,0,0,0,0,0,0,141,0,0,0,13,0,0,0,7,33,0,748,0,0,29,0,0,83,0,310,0,1365,0,517,2,4650,0,44,473,0,0,0,0,0,0,94,14,20,0,8,0,8
234,228,440,11,507,0,0,1719,1860,25,18,366,391,255,0,0,7,0,51,0,0,722,80,73,355,544,158,326,0,0,29,1299,21,272,36,128,345,438,79,189,66,192,0,903,5344,23845,25,63,14,0,127,69,952,0,153,386,43,2311,149,155,311,41,64,0,18,36,659,0,0,43,0,0,0,7,76,95,100,34,189,0,205,61,0,49,969,308,234,415,0,76,89,208,151,0,111,209,267,125,231,124,286,142,326,191,2143,137,5966,308,213,2202,107,0,0,56,0,25,0,172,0,96,97,263,60
14,7,135,5,139,0,0,114,144,18,27,0,41,50,20,1025,359,78,6,4,0,201,19,30,66,160,0,109,0,0,8,270,0,168,0,57,115,262,8,14,0,268,0,0,7,0,13311,79,55,12,2299,405,196,46,79,176,66,49,24,14,0,0,15,24,35,1514,850,241,0,11,204,132,1006,53,390,31,371,21,109,0,42,67,32,22,105,0,0,0,16,18,294,56,574,420,1,176,47,0,244,0,117,3,0,1,114,0,105,35,0,46,30,0,572,60,21,62,74,56,0,45,162,245,0
0,0,376,0,87,21,0,88,876,82,123,248,302,0,79,764,372,13,959,1553,43,311,109,167,331,1326,0,154,0,0,42,704,0,77,41,149,270,207,0,115,157,215,0,0,78,0,0,22022,5924,1251,998,114,573,0,0,194,0,153,0,130,0,6,0,0,17,297,2978,653,122,19,230,363,2246,0,0,483,150,237,627,29,132,532,430,35,609,0,14,0,109,14,3498,896,4939,103,11,99,0,6,0,127,211,23,0,0,492,0,358,22,0,307,36,0,47,1382,0,3994,699,204,0,236,78,176,0
39,0,22,5,178,0,3,21,0,0,0,112,16,0,0,116,176,0,362,2197,16,97,15,0,129,99,0,40,13,0,0,214,0,41,0,0,44,0,0,39,0,0,0,0,0,1,30,4698,5877,555,161,15,0,0,14,63,3,26,9,0,0,0,8,0,5,0,895,151,19,0,0,35,908,8,83,546,0,349,105,0,15,119,0,11,39,0,0,4,221,10,450,89,966,0,62,0,20,0,0,84,23,0,0,0,0,0,0,5,7,0,39,10,12,1078,498,5334,968,212,6,174,8,46,7
20,1,42,0,34,7,0,57,262,2,11,70,35,0,0,87,112,0,1468,28,20,116,44,0,134,202,8,0,0,0,9,187,0,39,4,170,43,50,3,0,12,112,0,5,0,18,54,1230,883,4154,356,68,0,9,34,38,14,38,7,10,59,4,0,62,5,56,1267,433,60,6,79,42,579,58,168,59,120,0,313,0,12,142,54,0,102,0,12,9,15,7,1211,123,2472,0,41,0,160,1,14,16,105,11,0,1,84,0,17,27,0,31,10,1,0,261,224,546,645,29,10,418,0,106,1
233,78,722,496,0,228,474,504,3755,261,882,1961,873,661,0,3181,4059,733,611,279,257,2302,426,667,681,1509,64,624,0,0,0,2627,0,579,122,649,600,754,150,358,884,426,82,29,228,235,4886,1352,331,312,62135,4917,1774,331,753,870,205,407,232,381,254,159,0,256,145,7081,5060,601,109,161,1012,1573,10228,844,1793,704,1333,411,838,143,468,591,1297,238,788,0,105,78,637,267,2327,916,2350,5006,89,412,0,143,1057,426,471,325,0,0,1674,275,978,0,129,1403,288,107,1108,220,556,746,572,1203,298,234,572,947,22
0,0,118,5,68,12,15,30,253,16,52,97,76,55,40,2113,934,126,49,0,38,144,72,37,0,179,0,47,2,0,0,397,0,0,15,86,150,63,0,39,30,72,11,0,24,36,290,170,73,0,3707,8123,273,0,55,155,0,141,41,40,41,0,21,0,22,609,836,126,0,25,221,241,1874,89,421,66,58,98,136,33,101,133,84,49,192,14,0,9,0,17,334,100,443,533,11,42,69,11,0,171,95,49,0,0,187,0,86,45,29,182,0,3,693,99,202,0,135,191,20,71,38,136,1
0,9,716,0,1354,0,189,794,4204,31,0,1259,845,1098,60,169,299,10,415,0,0,978,863,1040,0,2463,0,1038,0,0,0,5787,0,0,961,1368,6835,739,764,584,2291,1534,0,8,0,480,699,5173,179,0,1830,0,90135,2679,11567,2339,0,462,3230,3022,0,0,0,0,0,241,1784,114,28,0,101,2722,1705,447,633,1919,142,0,852,96,1219,3733,1712,1244,9392,549,84,450,1978,0,1189,0,2174,0,112,709,0,76,772,728,1312,0,3,88,3203,819,2028,2153,480,0,530,0,0,0,812,285,637,1308,1158,217,700,2254,8
96,24,647,0,319,28,34,252,1242,0,120,974,344,305,63,330,83,17,83,23,0,417,230,108,415,593,21,0,0,0,59,4654,27,618,381,615,2937,502,0,148,414,1089,39,0,0,45,215,287,196,0,403,31,5191,14438,6922,520,177,323,299,248,230,48,323,94,103,72,558,0,0,70,128,404,617,66,348,219,133,78,159,103,515,433,709,365,1277,126,153,0,119,57,562,326,1297,15,64,208,97,99,219,266,374,172,0,0,889,81,194,320,67,429,176,28,46,161,172,137,124,245,128,88,257,835,6
111,0,464,22,285,54,0,387,1444,125,167,586,532,244,188,174,68,0,0,11,146,486,141,151,424,889,61,280,8,0,0,4426,110,1308,680,1805,3586,540,96,252,804,1011,21,0,152,250,133,557,243,34,396,34,14756,4497,32113,525,415,307,323,351,460,92,414,0,0,105,623,225,0,100,63,503,402,118,418,188,107,119,381,87,596,1092,946,560,3099,0,103,131,0,290,433,657,1346,47,311,114,309,120,0,440,500,0,12,30,921,222,457,764,153,518,169,0,143,143,303,95,484,419,0,152,842,1999,0
192,100,322,312,1464,165,233,732,3879,521,1339,1563,1212,682,449,159,491,41,101,0,354,1116,335,842,1074,0,0,548,0,115,314,7334,166,1391,671,1377,1105,4744,439,542,767,727,59,0,1873,590,358,640,259,0,1114,206,1573,407,839,58940,13149,448,533,689,709,398,1075,604,171,328,1673,0,0,414,980,442,2044,304,571,426,464,494,541,2789,843,531,600,223,651,224,336,183,351,234,1737,799,1820,0,65,206,438,2171,562,547,871,185,43,0,2241,200,1373,311,252,1184,529,202,128,449,453,545,365,1077,613,213,1788,7334,103
205,36,318,0,385,18,0,289,1048,107,195,610,533,371,191,0,66,9,33,12,57,308,34,91,130,722,31,137,0,0,131,3812,122,1144,435,166,503,3242,98,421,141,143,0,0,130,0,283,553,71,59,303,63,1038,280,481,6561,16748,185,263,334,381,236,704,173,59,0,599,146,20,109,148,290,417,128,349,176,40,46,257,1243,156,0,162,262,238,83,20,99,143,120,215,182,790,0,17,43,133,1643,118,101,0,24,5,11,410,0,446,207,98,501,243,0,29,141,222,74,113,0,546,87,728,3807,130
834,1817,4707,17,444,0,80,2097,1724,196,124,335,670,246,48,55,89,20,113,8,581,0,318,0,1369,2321,377,1206,0,0,109,1394,104,907,156,370,1135,631,196,208,434,744,1237,135,3172,2909,105,237,50,106,215,80,1013,0,221,302,64,28050,219,376,834,0,202,98,0,57,502,109,0,63,0,169,409,71,274,351,234,87,418,56,377,384,325,175,752,197,0,127,80,0,330,93,634,26,437,234,408,0,1827,1055,2076,155,0,0,1743,147,1585,415,0,1374,270,0,38,138,119,173,159,244,98,0,0,601,79
40,2,123,0,0,33,105,1120,1044,46,0,125,174,342,164,34,0,0,64,0,112,138,128,65,79,319,0,194,4,0,45,927,146,767,31,202,1327,1498,2512,2262,38,740,4,0,0,0,0,0,28,49,199,0,0,0,99,619,207,167,9089,1381,2334,0,1464,77,0,35,494,38,0,61,26,0,125,25,142,0,52,85,100,51,103,87,182,34,197,176,1154,428,48,0,141,0,475,29,20,21,89,140,0,0,203,0,0,0,544,152,0,0,0,320,272,14,0,0,101,0,75,166,85,59,129,310,0
284,19,297,42,373,0,79,949,0,138,178,622,395,198,146,39,112,0,36,37,177,610,324,327,0,2120,0,361,0,5,0,2482,4471,6222,58,482,1220,771,1007,951,260,990,117,0,0,260,103,826,114,0,405,29,1037,128,426,658,162,373,3008,27785,4138,100,273,0,84,203,2070,140,16,61,40,204,715,269,270,210,51,189,269,251,247,323,482,84,618,385,265,317,309,59,784,399,1332,38,0,309,345,52,511,464,587,67,27,0,1067,56,1044,187,0,728,209,49,19,184,30,329,195,384,164,232,225,758,78
118,37,597,34,336,111,98,4083,1736,82,197,505,573,333,113,0,84,0,48,3,76,438,196,146,240,1029,29,725,0,0,56,2157,844,2270,134,667,835,1888,842,1660,350,1140,74,47,1580,1229,88,156,65,116,261,131,924,233,301,992,284,697,2042,3104,26115,142,823,120,53,90,476,70,0,162,45,326,379,66,150,208,462,104,371,198,181,330,294,133,408,327,473,788,170,0,328,151,1222,14,49,91,498,234,633,476,990,203,31,32,1321,148,896,422,314,1463,271,51,41,128,162,98,229,271,154,0,162,580,77
0,0,4,43,145,0,0,13,409,35,0,156,304,168,47,3,0,0,0,0,5,21,7,14,20,0,2,9,0,0,550,155,1,19,43,14,53,291,0,22,0,0,0,0,1,0,9,6,0,0,13,0,40,2,14,105,202,17,18,15,21,11008,50,35,22,7,27,3,0,99,0,7,43,3,26,9,3,0,7,277,0,14,30,0,28,4,0,0,297,122,9,288,25,1,0,0,46,188,22,3,0,14,0,0,254,0,48,0,10,141,375,103,0,1,3,0,7,548,1912,0,14,185,1678
54,0,250,0,0,28,135,558,2462,162,198,541,1545,1261,841,0,0,3,71,0,102,380,125,165,263,877,105,251,6,4,0,1955,113,1460,82,1287,582,5001,751,2196,0,220,0,0,207,245,117,226,0,0,381,28,772,178,298,1131,872,205,502,427,1195,323,21716,150,86,0,687,271,10,283,0,196,437,16,77,106,63,47,297,421,288,309,338,106,619,252,200,318,168,233,215,0,1195,12,0,63,174,2007,253,0,288,0,25,0,1795,93,1340,377,268,1740,476,58,0,118,228,41,0,1092,294,148,745,1080,588
0,0,0,0,557,78,274,0,2072,44,264,0,464,287,260,0,0,29,0,0,0,182,0,9,0,126,0,0,12,0,56,357,0,35,0,21,19,0,0,5,0,0,0,1,11,0,3,0,0,0,65,0,100,0,25,0,0,0,0,15,66,0,7,11461,567,0,155,0,19,162,4,0,386,12,0,0,0,0,7,2,0,0,41,0,110,0,0,0,74,65,81,24,43,0,2,0,5,8,14,1,0,0,0,0,96,0,47,0,13,79,729,133,1,21,0,53,0,0,88,0,101,0,11
8,0,0,133,694,131,139,39,3231,1376,516,1671,2023,362,104,58,26,0,0,0,0,116,0,20,45,115,3,0,90,0,376,330,0,37,0,48,23,32,0,39,0,39,0,0,8,6,25,28,6,0,43,5,0,11,40,45,16,6,0,19,0,322,50,605,5721,7,0,0,0,239,0,90,276,0,46,23,41,0,0,0,45,0,0,4,12,0,34,0,312,964,22,29,112,0,0,17,0,0,0,0,12,0,0,0,470,22,159,1,74,64,0,156,0,13,3,10,12,933,306,3,0,48,113
0,0,0,0,223,37,86,226,887,0,108,342,255,137,53,670,585,153,0,12,0,244,54,305,196,263,0,95,0,4,36,1255,14,269,16,117,299,215,22,61,146,339,0,0,0,57,1539,369,61,41,4889,808,299,96,180,208,46,0,30,102,82,80,73,32,31,8039,1305,74,5,67,396,342,1712,140,672,43,87,47,137,8,238,233,110,18,248,45,33,13,53,40,334,59,673,333,0,85,0,0,196,138,134,100,1,1,297,71,235,161,34,197,101,0,934,48,107,0,89,265,120,53,141,156,29
673,59,0,146,918,0,186,954,7048,669,1019,2548,1737,1121,169,2622,4276,263,1863,258,0,4838,0,1165,2362,3483,0,1000,0,0,0,6874,0,1717,250,1261,1352,1505,324,598,0,2029,207,0,304,578,780,9687,1743,0,6133,872,2139,777,0,904,579,510,0,1269,901,320,690,718,634,1202,88754,7110,1874,293,2320,3925,44644,701,2994,3140,1297,584,935,243,958,1590,0,330,1450,161,313,157,384,301,9043,1668,7633,2121,179,1320,743,0,1349,0,1793,302,184,44,4393,288,3396,538,561,2065,786,242,449,1331,925,3847,1805,1235,484,504,831,1593,0
65,0,122,0,0,55,15,0,1229,53,180,364,232,149,43,635,435,0,1476,0,0,0,111,198,267,566,24,242,0,2,0,1500,16,201,0,618,526,185,68,112,0,0,55,0,0,0,400,1300,1472,577,1427,295,825,147,235,299,19,0,85,206,90,96,65,0,0,240,11177,12809,1516,19,228,333,7885,0,528,616,182,155,214,12,119,806,0,0,673,0,26,16,149,20,16418,538,5197,0,0,0,144,0,258,0,186,120,0,0,413,0,392,0,135,361,70,0,95,308,518,769,819,331,95,376,156,266,10
0,0,49,0,0,0,1,14,213,0,4,0,0,3,0,33,36,19,26,0,0,0,0,0,5,178,0,50,0,0,1,193,0,3,0,0,0,11,2,3,0,0,0,0,0,0,0,0,0,0,130,16,44,28,0,0,0,0,0,0,5,0,0,2,0,29,931,410,1247,2,25,69,170,0,157,54,12,10,14,0,4,19,4,0,16,0,0,0,0,0,260,66,427,0,0,0,0,0,9,3,10,0,3,0,43,11,8,11,4,44,6,0,0,0,0,1,36,0,0,2,0,7,0
28,0,0,0,1103,0,1388,41,1292,58,29,493,180,305,553,6,29,220,0,0,0,190,0,10,86,131,7,77,21,0,149,536,10,49,3,118,133,25,210,195,34,239,7,2,0,49,0,43,35,3,245,0,0,38,42,86,0,0,33,30,111,18,46,0,0,0,0,0,0,14873,0,42,229,0,147,0,3,0,14,0,73,25,0,0,0,38,43,44,185,20,0,13,129,19,1,0,0,0,131,18,60,204,0,1,1014,1188,286,48,63,871,136,0,0,0,0,26,0,139,0,0,45,172,0
0,4,72,0,86,19,9,58,331,11,0,121,43,76,0,681,672,83,155,26,0,198,63,60,0,315,12,58,0,0,0,292,0,47,0,150,240,117,0,0,40,97,0,0,78,64,319,137,66,62,1622,921,0,49,92,193,0,49,0,81,34,0,41,0,14,1130,1445,235,0,0,14211,638,8986,581,4780,163,0,36,260,7,203,229,46,14,215,38,13,39,18,10,193,67,1307,132,16,72,99,4,137,66,133,0,1,0,67,0,208,0,18,248,30,1,2643,128,0,39,287,164,110,69,0,197,0
54,0,100,23,152,22,0,0,1194,20,133,228,271,132,18,195,246,0,41,0,131,263,119,67,143,256,20,0,2,0,59,1109,22,184,151,183,566,424,229,0,0,201,0,4,40,0,96,731,110,0,1539,92,686,127,482,248,72,71,0,203,0,44,53,16,82,206,1066,0,0,37,251,17658,1832,3143,5647,427,0,47,193,0,211,468,123,0,873,41,37,0,42,43,613,336,2976,0,35,33,120,0,82,127,214,65,0,0,472,54,463,135,90,475,184,20,33,100,107,0,195,0,170,113,0,316,0
443,148,856,0,1817,224,0,1130,9640,365,1511,3708,1265,761,513,1343,4689,245,504,234,1102,4552,803,1182,2199,3154,0,1171,0,13,0,5245,50,664,237,1190,0,1170,468,401,750,750,0,0,338,515,916,1864,1080,814,4877,666,1895,696,644,1277,296,942,591,4216,361,114,644,1128,513,596,31615,2043,316,199,1899,2210,115399,0,2268,1225,760,508,1264,146,890,1957,1661,0,990,281,197,0,439,245,3814,592,6412,1471,340,456,550,117,747,718,951,405,0,0,3406,308,3482,431,204,1650,622,186,399,1152,1314,1660,1292,2570,488,581,1051,1385,0
37,0,115,0,78,34,59,105,1125,46,145,264,69,0,72,149,310,15,50,0,0,310,118,55,133,0,3,408,1,1,32,590,17,212,26,128,0,136,12,45,160,243,24,6,37,25,0,177,77,0,664,90,324,144,152,351,0,76,85,68,97,83,0,0,27,202,1302,297,0,33,341,2770,3315,12039,5087,171,96,115,194,38,0,277,0,74,354,0,26,76,67,0,442,376,1777,32,0,33,82,8,169,146,90,71,11,0,483,43,345,0,0,338,0,19,152,35,0,152,313,287,38,56,119,264,0
59,14,236,0,228,0,114,208,974,0,0,315,486,189,0,1104,921,141,155,0,155,533,215,133,239,876,0,170,16,0,53,1127,28,618,60,239,705,375,56,118,249,483,65,7,127,69,894,880,279,141,2196,755,1255,102,602,557,435,136,60,252,109,108,142,110,46,624,3680,1027,67,142,2925,4594,8396,3994,29543,316,117,168,361,0,290,1464,922,0,1327,120,21,0,214,93,1314,894,6211,418,68,189,166,24,410,227,0,0,15,17,895,109,665,501,66,352,149,10,1886,331,314,413,446,289,150,158,305,672,52
405,97,868,12,130,0,41,602,852,44,94,200,191,117,0,204,132,0,99,0,244,922,428,244,866,1897,362,1386,4,0,37,1264,4,277,0,748,574,404,0,104,198,936,171,14,165,199,382,215,177,176,392,127,438,84,303,222,62,557,0,227,253,38,121,0,66,202,766,85,4,94,74,239,512,65,314,33596,3899,1498,8016,0,247,438,409,60,778,71,137,0,127,0,371,249,802,31,1544,1978,4723,125,278,757,2215,57,0,0,722,82,572,347,0,540,205,0,68,671,704,242,2239,248,43,456,95,585,0
300,69,940,0,775,12,107,480,1486,83,154,316,364,251,120,0,332,0,0,0,428,1628,546,561,1898,2646,0,1286,56,0,0,717,42,874,64,470,624,341,0,141,0,664,0,0,324,608,183,1440,433,237,1046,77,564,357,299,419,49,578,0,186,63,39,175,152,154,0,1318,1696,77,0,265,0,1128,0,598,3213,24362,2562,4948,44,374,458,1231,0,976,65,134,50,121,56,774,754,2336,0,1104,512,1567,40,538,511,1282,38,0,0,1043,319,655,263,131,601,303,33,50,495,1182,1002,2242,560,430,250,166,417,8
0,6,146,0,129,0,9,75,598,13,327,1142,176,195,16,89,55,0,64,0,159,287,133,107,167,0,69,198,0,1,0,1574,59,173,19,455,442,0,0,125,0,0,0,0,37,40,78,272,110,30,529,0,554,51,155,200,118,103,74,88,50,0,75,0,120,29,1244,0,11,0,0,1543,1507,0,626,1335,1791,11763,6589,0,0,70,0,39,360,35,25,0,0,0,272,163,422,23,314,340,657,19,0,240,346,0,6,0,317,177,134,68,501,248,39,0,22,255,464,0,691,135,0,154,0,171,0
322,0,726,15,379,8,0,862,1688,183,103,420,277,255,54,274,252,15,853,29,0,1174,492,409,1043,8537,355,1716,28,0,79,1686,165,1341,35,388,1085,512,185,420,280,1532,0,0,223,416,260,0,322,287,1076,410,1921,145,1093,399,61,604,419,299,323,43,224,211,0,165,1315,516,0,74,260,802,1409,141,1018,4795,4149,5457,24274,41,503,486,933,190,1016,107,86,306,146,66,1228,598,3133,115,1502,1866,3861,19,1766,579,1646,0,0,0,1088,117,589,592,205,961,215,16,61,1977,2818,408,2153,294,134,822,303,538,47
0,0,0,0,46,0,18,0,402,0,0,0,252,0,209,15,9,0,0,0,0,0,10,0,28,0,0,0,0,0,116,478,0,447,24,67,114,352,0,93,25,0,0,0,199,0,0,309,15,0,82,0,230,10,86,877,3481,86,0,109,65,482,216,0,2,0,76,0,0,89,0,42,174,0,36,0,36,19,14,10203,17,0,39,3,144,0,14,30,0,0,0,0,370,0,1,0,0,813,0,0,45,9,0,0,156,14,0,25,5,148,0,0,7,0,54,0,27,380,0,0,92,758,0
115,40,493,0,210,0,142,260,1197,57,82,290,434,116,46,199,124,21,147,63,43,521,182,136,0,626,24,442,14,0,50,1920,70,470,249,2515,4693,478,0,130,2459,7897,0,0,0,313,166,380,126,20,339,61,2174,351,364,498,150,252,0,337,133,44,173,28,13,88,0,76,27,0,60,445,1080,0,275,235,429,86,293,42,15755,1591,3536,2607,5631,0,55,37,140,0,308,350,1500,43,61,233,212,90,120,451,517,47,0,17,544,79,588,0,190,3553,166,12,49,127,334,117,239,174,88,858,284,447,19
252,41,408,71,552,48,173,337,2531,98,676,734,424,355,85,204,276,0,141,73,0,1138,197,337,512,1351,58,621,0,0,0,4722,118,933,378,1743,1550,762,286,220,676,960,0,0,229,362,329,605,175,160,755,207,3586,948,1217,695,246,347,390,487,378,147,415,0,76,234,1354,350,0,0,178,2732,0,295,952,403,328,122,507,133,1337,30432,2416,969,10112,283,172,113,131,254,1095,1869,2974,0,254,363,416,62,235,531,854,0,49,0,1085,168,1385,436,69,609,247,80,101,233,430,154,541,844,233,525,800,1113,59
0,61,701,0,825,0,0,454,4619,119,0,1494,0,599,0,151,301,62,0,33,995,1599,542,343,1696,1525,33,0,0,0,47,4119,0,889,187,1210,1993,379,607,562,1506,1647,0,0,125,204,183,2686,718,136,1456,172,5303,411,1545,1312,156,0,0,0,274,98,229,0,0,198,1745,0,0,0,0,1356,2826,548,1388,504,717,0,732,646,2355,2917,20477,2535,9027,243,306,29,0,134,0,1799,2221,0,134,156,492,86,0,272,1098,0,0,0,1724,0,1923,349,0,950,0,0,70,0,410,980,417,962,229,1387,792,1040,23
0,0,285,0,0,0,0,152,0,89,64,0,164,0,19,38,27,0,0,0,0,120,58,0,78,459,0,157,0,0,19,1850,0,1159,69,1278,1818,0,0,188,622,1225,0,0,64,83,96,478,32,0,267,0,3747,0,769,230,63,99,153,398,169,85,124,0,0,147,496,17,17,0,0,1054,305,268,512,326,98,0,278,83,3076,1723,3590,7629,4282,14,69,30,148,26,0,425,815,0,0,47,0,0,158,461,273,76,0,0,0,110,352,0,133,0,101,12,0,45,91,0,0,0,0,764,123,950,21
365,63,1326,12,263,85,56,405,2647,160,166,350,439,0,120,361,507,72,328,0,264,819,353,230,940,1686,112,591,11,6,46,6598,196,2949,899,1820,5638,1008,301,364,1101,3139,50,0,194,370,264,704,394,215,693,158,13477,1334,4307,793,216,558,460,805,357,264,476,63,353,336,2040,719,29,84,738,2240,1908,707,1607,1338,734,149,1816,326,2681,9359,7348,4212,42765,197,165,116,187,138,1519,2915,5344,132,149,550,695,113,383,678,1329,92,14,0,1682,161,0,722,278,1933,0,115,128,231,962,442,2032,436,155,3064,942,2178,0
0,0,135,0,123,0,0,737,221,109,0,133,155,200,213,13,28,0,3,0,50,127,0,41,193,356,0,155,0,0,0,385,13,274,102,474,123,289,155,1165,41,146,112,6,0,229,0,41,0,14,90,15,224,54,116,245,30,186,188,139,377,90,126,0,5,0,69,27,2,155,21,0,69,11,76,138,0,7,57,0,75,35,0,0,0,9065,2097,5393,49,12,47,27,166,3,0,0,0,24,113,87,221,38,23,13,2410,0,1085,0,347,2632,53,10,0,29,0,22,26,57,85,95,99,178,60
0,28,0,10,145,0,0,1454,465,0,0,81,213,183,187,16,18,0,0,0,106,170,60,0,58,228,0,52,0,0,0,451,0,148,0,109,234,396,557,1151,35,0,69,94,145,168,0,0,15,0,228,1,218,32,74,93,101,0,127,230,1214,494,311,0,0,46,58,0,0,192,0,96,0,0,40,93,20,14,116,80,0,85,87,56,321,1523,16743,6063,43,22,237,0,283,0,0,0,0,58,153,0,0,0,0,0,1084,0,2250,0,228,1503,380,40,1,0,0,0,46,178,20,13,101,223,506
0,0,94,0,331,35,50,1435,672,34,12,141,133,234,123,0,25,0,0,0,20,84,82,79,100,325,18,163,0,0,14,266,14,206,27,40,220,188,267,1079,0,149,71,0,92,0,0,89,4,47,102,0,326,0,111,74,198,203,259,134,364,101,344,86,59,0,114,47,7,268,0,0,74,0,63,28,8,0,47,0,33,30,74,0,94,2854,955,9289,19,0,74,0,142,0,59,49,107,0,69,91,291,143,0,128,2467,95,3130,117,240,2110,347,0,1,0,12,0,33,122,0,0,42,88,96
33,22,374,734,1680,105,80,119,3780,541,242,4085,1254,340,0,166,0,2,0,0,0,0,0,65,0,428,9,86,130,149,1280,1139,6,201,12,133,245,290,166,0,52,93,10,0,58,149,206,0,121,21,739,38,296,140,254,534,180,65,0,69,280,481,171,159,231,107,403,0,0,220,0,92,829,89,300,160,0,0,188,0,236,97,113,264,185,75,29,0,33627,9989,210,70,553,0,21,232,167,0,347,31,176,236,3,7,0,107,339,140,0,537,674,158,23,94,78,77,48,9833,6938,25,0,244,0
19,16,64,159,517,95,128,42,3059,857,206,3129,1986,0,132,90,95,0,17,1,29,195,54,0,80,191,27,63,0,14,1206,601,0,230,8,164,121,408,43,53,55,134,5,1,0,33,75,126,39,45,221,102,127,43,121,332,107,41,73,72,179,518,114,148,287,59,652,61,0,118,83,107,326,14,91,114,74,27,133,0,79,74,91,11,295,33,33,37,4272,15376,84,104,289,20,0,0,72,56,429,30,107,43,0,0,450,20,292,46,87,144,602,65,14,26,36,65,76,3059,2623,12,107,318,113
0,0,553,0,618,93,94,218,2059,0,397,1280,364,218,157,595,689,0,0,287,181,1440,447,625,1033,1390,17,476,0,0,88,2406,171,487,53,358,1318,426,82,175,456,410,106,0,0,184,362,2524,1937,557,1963,431,1546,259,0,504,453,0,185,324,214,0,169,587,153,407,14826,5141,944,0,1626,1195,7487,299,1654,703,236,252,721,53,541,872,748,212,1597,93,98,97,201,124,33990,2138,9439,437,62,359,479,0,179,241,847,153,0,0,835,206,951,225,0,609,183,27,184,297,0,827,1145,379,142,372,518,426,58
100,55,481,62,127,0,82,0,1243,31,340,421,330,154,190,175,157,0,215,119,163,266,235,320,379,787,0,293,0,0,45,2505,153,409,0,573,1101,467,0,238,303,1639,123,0,0,208,228,1087,391,236,686,123,1476,244,516,538,114,370,28,335,126,58,0,0,0,70,1651,383,52,68,199,961,1530,315,640,461,143,161,798,93,3439,4882,1012,106,4640,0,143,69,0,118,1010,33213,6748,107,94,348,308,0,181,315,0,133,44,0,646,67,835,0,0,837,141,0,0,164,449,255,337,285,194,2657,484,457,47
292,0,1118,47,0,43,142,648,5616,0,403,1813,1022,0,364,2016,1504,224,2093,366,435,2081,456,446,3246,4050,70,936,81,0,227,3857,712,2151,226,852,2001,946,561,700,575,1206,245,106,302,378,1023,7602,3502,2156,3451,591,2004,592,1069,1112,449,527,331,538,639,306,241,0,240,1132,10752,4811,948,434,2473,3182,11481,919,4824,0,1043,444,1487,192,893,2532,2060,518,3155,182,130,192,0,373,12888,5107,61264,740,347,340,847,174,459,0,1180,221,80,182,1678,218,0,676,0,2715,0,320,457,1355,1421,2692,2069,0,441,1947,860,1408,149
12,0,59,0,108,0,0,0,515,21,144,117,58,66,21,813,847,195,92,6,0,322,146,0,169,305,0,41,1,4,32,397,0,92,0,153,83,66,0,97,35,0,16,0,0,24,247,131,0,9,5347,1005,96,30,113,155,40,25,20,32,28,0,0,0,11,592,817,150,9,29,389,311,1350,79,201,40,65,35,0,3,26,162,232,23,197,26,6,9,25,16,354,0,551,5945,7,0,49,0,0,12,294,45,0,8,231,0,168,0,48,134,49,0,0,81,0,170,128,0,0,26,66,116,0
0,0,214,0,0,0,72,102,125,0,20,0,41,0,10,13,12,2,0,0,39,198,55,94,144,538,144,411,0,0,0,218,7,0,0,491,514,0,0,0,25,106,7,0,53,32,27,0,8,0,134,11,743,20,110,0,8,160,0,0,11,0,0,0,0,9,127,58,0,0,6,326,132,0,165,324,137,122,632,0,0,117,0,0,157,0,0,1,0,0,0,0,79,0,4930,215,2495,0,298,207,187,6,0,0,101,16,75,25,0,159,17,0,6,69,141,122,92,38,25,141,31,0,0
161,28,1074,51,159,0,62,507,928,40,51,179,218,92,13,105,0,0,163,2,119,0,170,509,442,1893,417,1894,0,0,30,1343,0,273,30,333,704,253,66,43,204,520,37,0,106,93,0,307,60,91,204,43,2528,0,202,154,39,253,32,139,219,49,0,82,79,119,544,59,0,38,82,253,534,185,220,1533,1195,323,2070,18,74,429,210,42,621,38,56,0,119,32,241,105,547,14,1015,10505,2565,10,134,267,861,0,0,0,1092,117,630,520,141,594,99,24,52,153,0,105,562,78,0,157,118,510,0
334,162,951,0,0,0,200,477,1175,0,0,317,319,144,69,141,235,17,120,35,1347,938,1671,439,1383,3401,662,3759,0,4,0,1853,75,405,35,320,667,331,182,95,294,639,120,6,279,280,216,592,179,177,452,113,1129,112,464,264,65,521,226,191,173,0,184,56,0,140,799,381,16,36,121,506,752,73,336,3688,1871,1154,3960,53,202,317,672,191,522,73,133,102,76,72,523,228,1410,52,3355,3036,18427,82,0,241,1246,157,0,7,973,132,598,312,91,526,138,16,29,386,606,448,1085,472,98,146,312,525,37
13,0,45,0,53,0,4,87,505,0,57,157,240,188,126,6,0,0,17,0,0,82,0,14,0,152,0,49,0,0,65,627,0,218,18,102,99,2521,42,282,34,111,15,0,21,33,22,96,0,6,183,0,209,36,0,912,1647,31,65,70,178,249,911,18,25,19,314,12,6,46,0,16,0,20,55,0,29,27,47,704,95,59,46,15,84,79,22,47,87,0,0,22,198,0,30,27,0,8782,48,49,144,11,3,0,162,0,212,22,0,203,92,16,22,28,0,0,0,781,0,52,46,733,392
2112,217,2020,61,0,7,0,10982,8574,0,0,548,0,0,232,0,191,0,134,12,166,2795,340,0,3180,0,111,0,0,0,0,6328,0,1073,0,2688,430,700,290,838,95,855,296,0,652,545,61,15294,0,0,0,0,5897,0,213,0,0,6350,0,9032,0,47,0,137,0,166,1184,0,0,0,127,0,1360,0,0,3152,0,70,240,76,456,0,742,0,0,0,0,0,0,0,0,0,2857,0,0,528,555,0,6877,676,4771,183,0,19,1732,145,0,0,0,1324,0,57,0,55,112,920,624,0,0,232,287,0,33
307,107,1487,18,135,0,57,417,1012,38,67,169,191,0,45,0,35,10,0,0,96,614,382,167,767,2896,222,873,10,0,0,1317,80,333,86,403,1407,266,542,0,0,2877,0,14,156,281,91,275,134,74,0,31,1195,137,570,133,0,1168,304,388,699,62,97,8,0,55,582,86,19,0,36,200,0,14,351,394,0,145,0,17,0,332,608,167,698,0,68,134,34,59,820,135,789,0,535,185,0,0,0,17545,5227,0,0,0,1511,37,492,426,0,543,126,0,25,292,142,269,296,167,23,185,107,939,0
808,238,3295,139,673,64,257,2728,4509,240,179,783,816,904,392,262,254,13,125,0,384,1217,577,465,1093,6062,1288,3922,0,5,35,2152,314,2759,100,1571,2400,915,201,300,1027,4375,91,54,1163,948,0,704,204,227,477,179,3025,452,1468,348,263,5282,575,848,928,159,360,285,353,268,1032,335,75,300,180,567,1018,40,1509,0,1016,890,3001,133,0,546,1897,432,1950,170,184,360,146,125,850,405,3282,187,2311,0,1724,84,2728,6410,26690,77,48,9,3157,187,2895,1409,460,1338,323,0,0,0,646,378,2957,489,177,1235,334,1392,49
14,30,35,0,0,8,15,46,749,0,268,0,34,0,22,16,0,0,13,5,18,0,57,32,104,116,1,0,0,0,26,0,0,33,0,0,0,58,19,0,0,74,0,3,94,0,19,82,0,0,145,6,64,0,40,0,37,60,0,65,40,0,12,23,0,127,0,0,0,39,31,0,213,0,0,0,15,20,0,0,48,26,0,8,147,40,0,62,118,15,81,0,159,0,0,0,0,34,0,0,0,13274,14,0,5336,0,1084,51,689,1935,0,0,0,36,18,67,0,0,26,0,0,70,0
285,292,0,0,0,0,0,0,1234,0,0,0,0,0,0,0,0,0,126,0,40,0,20,0,0,0,0,387,0,0,0,1368,0,267,0,401,164,303,566,0,0,5,1159,901,672,790,0,121,0,1,44,0,223,0,15,0,0,213,0,53,0,0,0,0,0,4,0,1142,0,0,0,0,65,0,0,43,28,0,13,0,8,85,0,0,111,317,0,0,653,0,0,0,77,0,0,0,0,0,31,0,290,0,38469,0,650,2,11553,113,246,3854,0,11,0,122,0,0,68,5,0,230,34,39,0
3,0,19,0,0,0,1,0,38,0,0,18,0,15,0,0,0,0,0,0,0,2,0,1802,0,0,0,94,0,0,0,168,0,53,0,14,0,0,0,0,0,0,0,0,0,0,0,0,0,0,0,0,0,0,0,0,0,0,0,0,1,0,0,0,0,0,0,25,0,2,0,0,1,0,0,15,0,0,2,0,64,1,0,0,0,0,0,0,0,0,0,0,0,0,0,11,5,0,0,0,0,0,154,10755,8227,0,8431,120,926,7070,0,1,0,0,0,0,2,20,0,0,0,0,0
406,0,1788,147,2445,0,544,4044,8391,1039,1131,2428,2933,2451,1697,301,477,94,146,81,486,1604,1283,801,2541,2674,0,964,150,130,253,3490,125,0,192,992,1239,1341,917,2852,369,838,1004,0,1690,3171,395,747,389,160,996,0,2178,215,818,1037,325,1977,873,1159,1413,626,907,459,471,571,1621,368,0,1402,195,594,3460,181,912,778,712,570,890,276,879,517,1302,511,989,2870,3872,2743,750,472,1044,555,2583,0,0,401,967,424,1638,736,1748,3950,446,1108,96610,1683,14022,1119,5271,21706,1156,231,0,385,315,0,646,1877,523,161,550,712,316
0,0,101,2,164,66,301,0,671,43,79,227,96,0,43,12,0,1136,0,0,17,0,17,17,54,198,0,0,0,0,3,0,0,47,0,0,86,99,0,239,31,310,0,0,0,53,0,18,2,0,80,1,445,43,22,26,2,26,40,0,21,45,56,11,0,2,0,0,0,919,0,204,77,9,0,0,15,0,116,4,0,0,217,0,242,19,0,0,24,0,0,0,96,30,0,0,43,0,20,41,35,0,0,0,976,7282,338,666,155,1417,50,20,0,0,0,7,0,0,0,11,0,17,0
353,0,2710,217,617,88,100,0,5179,0,274,1065,812,0,969,205,170,0,117,0,0,536,386,306,532,1759,96,1099,31,0,0,3767,78,716,208,339,1018,729,216,511,1524,997,4677,1494,3331,8920,207,279,44,129,293,438,2777,66,0,370,155,3229,365,807,603,1348,508,176,364,221,1506,798,0,549,214,1116,623,50,244,985,554,236,1373,530,1109,578,680,136,1269,955,2033,857,608,967,753,882,1104,226,205,995,533,0,866,338,810,4228,0,1377,14775,256,246820,0,4628,20873,524,0,0,351,242,204,428,0,450,598,399,1602,811
0,0,0,0,7,0,2,9,22,0,0,0,6,6,0,0,0,0,0,0,0,78,0,20,10,43,0,4,0,0,0,0,0,2,0,0,0,0,2,0,0,0,0,0,0,0,0,0,0,0,0,0,0,0,0,0,0,0,0,0,0,0,0,0,0,0,14,1,0,0,0,0,0,0,0,0,0,0,0,0,0,4,2,0,0,0,0,2,0,0,0,0,11,0,0,3,0,0,0,0,0,14,0,0,62,0,61,1479,18,112,0,4,0,0,0,0,2,0,0,0,0,5,0
0,0,0,0,137,0,48,259,361,0,0,0,0,32,0,26,0,0,11,0,0,249,48,26,121,127,0,0,3,0,21,450,0,0,0,95,60,97,73,89,78,30,0,11,0,0,20,0,193,0,0,0,0,0,0,104,11,76,0,101,32,17,0,10,55,17,0,0,0,138,0,6,237,8,21,46,101,0,0,15,0,0,0,0,0,0,0,93,0,0,190,24,80,1,0,0,27,0,54,0,0,4251,288,968,3348,561,0,2267,43332,7594,116,0,0,10,0,27,0,79,19,0,24,61,0
209,250,1096,188,779,50,348,2055,3754,634,0,861,1932,0,944,125,170,0,424,76,289,706,181,187,823,1675,57,685,0,0,140,3308,51,775,29,767,1196,1261,203,1769,460,801,1397,344,1122,2914,87,616,280,0,370,177,1594,180,380,323,156,1344,376,241,608,245,572,77,0,85,750,216,84,2399,54,166,387,127,192,336,315,115,359,125,656,596,455,0,1173,902,2678,2262,177,74,613,725,1399,40,77,341,995,0,1019,534,1434,1531,1027,2244,15094,3453,15901,3293,4078,78250,437,134,0,389,167,434,614,463,267,697,531,804,314
39,0,0,99,929,135,0,112,4248,385,318,755,1083,595,1045,57,106,0,0,0,32,294,65,98,197,0,19,0,67,0,4132,559,0,155,0,264,0,0,41,350,58,291,21,0,122,68,67,239,49,15,224,22,0,19,290,246,60,0,186,0,0,2043,154,857,1521,62,607,0,0,202,87,132,626,40,72,71,69,0,245,72,54,79,208,44,314,54,40,74,462,287,297,0,267,30,0,0,61,127,255,123,118,205,22,0,0,30,563,129,0,631,25800,8094,44,66,77,177,71,1020,943,60,82,174,1873
5,0,0,0,539,59,56,0,2961,124,87,323,675,441,749,16,4,2,3,2,10,111,25,20,27,142,0,0,6,0,440,163,0,91,11,27,17,46,0,0,25,0,8,0,0,7,0,0,12,0,55,10,0,0,15,50,10,10,20,81,60,151,70,451,285,15,40,17,0,289,0,34,89,0,52,12,13,0,22,0,17,119,16,0,122,10,0,18,135,87,91,16,80,0,0,42,0,6,25,6,42,21,0,0,159,13,166,18,60,83,1576,3908,0,0,0,0,9,277,155,4,25,0,286
0,2,132,0,83,0,8,34,130,0,16,120,49,42,20,182,222,0,13,0,13,72,13,30,62,171,4,65,0,0,13,164,0,58,4,73,116,60,10,0,30,103,0,0,17,0,215,37,37,43,670,543,113,16,0,43,33,108,27,27,84,40,21,0,11,809,349,52,6,16,171,130,938,63,512,42,60,26,53,0,0,52,0,43,84,0,5,0,63,15,233,111,265,67,31,41,40,8,70,40,0,13,2,0,116,61,0,0,0,114,25,19,7077,76,35,53,85,36,33,0,62,114,0
119,7,292,0,75,0,4,131,278,28,0,108,164,84,14,56,45,0,652,100,103,238,0,66,155,316,23,141,0,0,0,0,0,99,0,28,63,0,38,0,132,141,11,0,77,156,44,892,694,482,233,21,137,47,0,121,26,296,51,0,0,0,100,18,0,60,603,136,15,19,102,206,371,36,201,437,588,0,822,40,95,190,299,0,140,0,0,17,19,56,317,125,578,26,67,109,0,0,72,157,0,24,0,0,189,20,143,143,0,119,8,2,11,18633,3758,3644,3663,22,0,344,53,168,0
35,0,93,0,108,0,0,240,432,266,91,0,297,0,102,0,20,18,182,273,78,251,131,70,0,398,19,192,0,0,0,254,0,351,1,152,159,113,17,70,47,121,0,7,50,46,76,445,0,0,121,44,220,0,42,106,61,47,33,50,45,0,0,0,0,15,457,669,0,69,92,79,279,20,174,129,0,534,1211,27,76,147,494,47,105,17,1,0,30,27,301,122,399,0,0,18,199,0,64,28,185,0,9,5,210,17,227,128,31,136,89,27,6,1940,9797,762,627,71,0,188,81,159,0
0,0,0,0,30,0,0,114,693,18,56,0,0,75,0,28,65,1,43,1327,0,0,31,0,138,249,18,147,0,0,0,340,0,0,0,51,120,0,25,0,47,0,1,4,0,0,0,2039,2810,404,200,13,255,0,40,37,0,10,45,0,0,0,0,0,183,56,395,0,0,0,22,0,686,0,205,111,143,132,146,39,0,89,0,32,132,0,6,1,0,0,0,222,490,0,2,7,76,0,0,57,50,0,0,0,214,18,0,0,105,42,0,0,8,965,1027,8408,1325,0,0,263,34,91,0
271,0,753,52,510,66,161,339,862,72,441,410,321,87,177,232,260,0,373,94,0,737,297,341,849,2596,135,1088,8,2,81,1925,0,439,0,736,704,379,130,344,0,1574,46,0,297,198,178,1752,934,517,836,189,688,128,513,385,29,297,0,332,266,106,134,62,65,239,1512,394,0,0,131,581,1773,104,670,1469,1062,1341,1507,67,156,676,357,177,1420,100,102,152,114,96,1250,350,1960,127,296,567,0,52,510,289,1789,52,7,0,1666,0,540,493,290,353,204,67,110,2536,4457,4134,14179,290,303,2703,185,658,18
0,0,165,3127,0,100,92,68,4891,632,383,1666,1651,385,203,0,129,6,0,0,31,926,227,177,152,0,29,133,378,0,1821,1565,0,133,45,227,171,268,633,326,575,184,0,0,0,36,203,218,175,0,412,55,784,132,279,350,179,100,369,122,0,922,191,357,0,58,653,0,17,83,114,167,643,0,0,222,88,0,97,66,82,236,1239,13,0,104,211,24,6705,4276,289,100,340,0,0,0,0,72,823,188,100,0,0,0,902,139,0,0,48,0,661,119,18,50,269,0,72,60151,12365,0,161,326,0
35,0,0,663,676,0,128,229,3610,469,241,3299,1104,516,128,10,0,0,0,0,0,206,72,0,105,348,0,48,112,29,2726,583,0,154,0,135,120,287,28,157,0,116,0,0,0,15,81,135,76,55,202,49,306,0,252,395,98,0,76,128,174,1099,168,79,155,0,317,121,0,113,9,127,772,0,229,112,11,111,127,54,139,59,70,64,113,0,0,0,7109,2073,91,145,482,28,7,39,80,87,76,61,161,109,0,0,471,128,185,119,62,839,536,350,48,68,38,329,86,10787,20001,17,0,405,85
174,0,216,0,245,0,32,185,793,23,0,527,228,96,153,64,35,13,0,0,0,88,79,284,268,542,0,620,0,0,0,917,165,354,156,285,1332,139,57,0,333,1276,0,0,80,53,0,534,480,277,271,55,996,59,169,110,21,193,89,288,205,57,51,0,0,102,712,205,56,65,177,501,493,0,298,538,436,385,407,0,682,1338,563,266,1968,24,53,102,13,64,653,1325,1384,16,0,117,233,0,0,207,639,6,0,0,479,0,692,116,51,282,0,40,29,0,2322,516,1026,0,50,12203,0,221,65
124,29,360,0,320,60,0,287,1450,0,97,599,548,391,47,144,118,0,122,0,110,780,226,122,454,1209,116,378,44,0,73,12459,0,2053,343,653,1062,1582,183,373,220,376,33,0,143,123,192,377,67,17,403,66,1764,357,1492,2047,761,428,1110,454,501,393,499,90,306,119,478,0,0,89,234,582,804,104,454,270,235,63,219,544,184,624,351,216,723,100,112,106,241,80,455,137,1345,29,54,117,304,129,210,168,320,76,0,0,1197,188,682,387,201,572,363,19,62,118,193,235,152,310,148,82,17721,11938,129
0,160,667,44,524,71,193,791,3637,244,710,1615,1100,776,369,267,279,0,165,53,619,972,518,407,918,1925,220,738,0,0,384,13084,200,4156,544,1967,1964,4475,509,893,546,1560,109,0,494,213,468,758,179,265,1536,375,3932,828,3278,6520,4746,662,358,831,1349,379,1316,334,207,220,1441,522,52,145,432,1677,1856,303,1151,676,228,276,1076,645,1030,987,704,654,1458,205,323,933,697,225,1327,510,2573,110,173,113,616,667,544,397,1864,187,0,0,2338,349,979,592,282,1892,645,217,148,192,472,521,570,963,519,229,6140,55734,82
91,0,0,0,0,0,0,233,308,9,13,24,327,674,693,0,56,0,5,0,0,0,0,0,9,19,0,114,0,0,185,139,53,577,94,28,66,312,92,357,0,0,61,0,0,8,4,21,0,0,10,0,128,106,65,110,0,0,72,250,205,401,398,0,160,0,0,0,0,0,0,0,33,0,0,0,0,5,0,56,0,0,0,0,114,0,98,284,0,63,9,40,0,0,0,1,14,419,5,51,0,0,0,0,134,89,234,9,66,760,405,384,0,0,0,0,15,98,0,0,87,298,11638
